<?xml version="1.0" encoding="UTF-8"?>
<metadata xml:lang="en"><Esri><CreaDate>20151021</CreaDate><CreaTime>10550700</CreaTime><ArcGISFormat>1.0</ArcGISFormat><SyncOnce>TRUE</SyncOnce><DataProperties><lineage><Process ToolSource="c:\program files (x86)\arcgis\desktop10.3\ArcToolbox\Toolboxes\Data Management Tools.tbx\CalculateField" Date="20151021" Time="101059">CalculateField FED338 NOMSFR [ED_NAMEF] VB #</Process><Process ToolSource="c:\program files (x86)\arcgis\desktop10.3\ArcToolbox\Toolboxes\Data Management Tools.tbx\CalculateField" Date="20151021" Time="101132">CalculateField FED338 NOMSEN [ED_NAMEE] VB #</Process></lineage></DataProperties></Esri></metadata>
