Geo_Code,FED_Name,NoDiplomaPct,HighSchoolDiplomaOrEquivalentPct,PostsecondaryCertificateDiplomaOrDegreePct,ApprenticeshipOrTradesCertificateOrDiplomaPct,CollegeCEGEPOrOtherNonUniversityCertificateOrDiplomaPct,UniversityCertificateOrDiplomaBelowBachelorLevelPct,UniversityCertificateDiplomaOrDegreeAtBachelorLevelOrAbovePct,BachelorDegreePct,UniversityCertificateDiplomaOrDegreeAboveBachelorLevelPct,MaleNoDiplomaPct,MaleHighSchoolDiplomaOrEquivalentPct,MalePostsecondaryCertificateDiplomaOrDegreePct,MaleApprenticeshipOrTradesCertificateOrDiplomaPct,MaleCollegeCEGEPOrOtherNonUniversityCertificateOrDiplomaPct,MaleUniversityCertificateOrDiplomaBelowBachelorLevelPct,MaleUniversityCertificateDiplomaOrDegreeAtBachelorLevelOrAbovePct,MaleBachelorDegreePct,MaleUniversityCertificateDiplomaOrDegreeAboveBachelorLevelPct,FemaleNoDiplomaPct,FemaleHighSchoolDiplomaOrEquivalentPct,FemalePostsecondaryCertificateDiplomaOrDegreePct,FemaleApprenticeshipOrTradesCertificateOrDiplomaPct,FemaleCollegeCEGEPOrOtherNonUniversityCertificateOrDiplomaPct,FemaleUniversityCertificateOrDiplomaBelowBachelorLevelPct,FemaleUniversityCertificateDiplomaOrDegreeAtBachelorLevelOrAbovePct,FemaleBachelorDegreePct,FemaleUniversityCertificateDiplomaOrDegreeAboveBachelorLevelPct
10001,Avalon,24.331,23.446,52.223,15.288,22.051,2.849,12.034,8.413,3.629,24.658,22.043,53.33,20.72,19.628,2.769,10.198,6.784,3.415,24.038,24.799,51.192,10.124,24.36,2.911,13.782,9.949,3.833
10002,Bonavista--Burin--Trinity,38.403,22.229,39.36,14.708,17.078,2.074,5.508,3.419,2.089,37.953,19.053,43.009,20.749,16.094,1.48,4.655,2.713,1.958,38.856,25.315,35.83,8.838,18.035,2.651,6.306,4.104,2.202
10003,Coast of Bays--Central--Notre Dame,37.318,23.054,39.621,13.139,16.385,2.387,7.717,5.345,2.372,38.024,21.639,40.353,17.355,14.009,1.767,7.208,4.503,2.72,36.649,24.408,38.943,9.162,18.635,2.96,8.185,6.143,2.057
10004,Labrador,29.651,19.878,50.471,16.981,20.49,2.473,10.528,7.654,2.873,29.357,17.987,52.656,23.672,18.919,2.423,7.689,5.172,2.516,30,21.81,48.238,10.19,22.095,2.524,13.429,10.143,3.238
10005,Long Range Mountains,34.011,22.696,43.293,13.139,18.417,2.542,9.195,5.915,3.293,34.02,21.483,44.497,18.102,16.377,1.906,8.098,4.87,3.242,33.998,23.809,42.18,8.519,20.313,3.146,10.215,6.875,3.327
10006,St. John's East,14.921,23.248,61.838,9.804,19.808,4.024,28.21,16.752,11.458,15.615,23.253,61.148,12.622,17.158,3.533,27.804,15.846,11.973,14.296,23.227,62.477,7.205,22.236,4.473,28.577,17.58,10.998
10007,St. John's South--Mount Pearl,18.542,25.853,55.612,10.761,22.981,4.143,17.726,12.32,5.399,18.884,26.08,55.021,14.547,20.252,4.029,16.208,10.841,5.351,18.226,25.639,56.134,7.413,25.381,4.257,19.083,13.629,5.454
11001,Cardigan,21.241,24.685,54.074,12.632,21.735,3.529,16.178,11.712,4.449,24.209,25.426,50.365,17.913,15.722,2.226,14.539,10.087,4.417,18.388,23.972,57.606,7.589,27.482,4.814,17.753,13.273,4.48
11002,Charlottetown,16.055,25.706,58.221,7.422,21.513,4.527,24.776,16.091,8.686,17.918,28.288,53.831,9.607,16.393,2.554,25.238,15.745,9.531,14.467,23.537,61.964,5.527,25.878,6.209,24.35,16.385,7.965
11003,Egmont,30.791,27.938,41.252,10.623,17.19,2.081,11.358,7.536,3.804,36.657,25.056,38.288,14.27,12.305,1.557,10.156,7.042,3.076,25.287,30.643,44.035,7.2,21.774,2.574,12.452,8,4.487
11004,Malpeque,19.183,26.723,54.094,11.257,23.759,3.384,15.729,10.766,4.945,21.552,27.443,51.006,15.912,19.109,2.478,13.506,8.19,5.316,16.924,26.002,57.04,6.817,28.16,4.214,17.814,13.224,4.591
12001,Cape Breton--Canso,26.729,23.039,50.233,15.335,18.387,4.171,12.331,8.421,3.919,27.595,21.71,50.695,23.312,14.517,2.959,9.923,6.523,3.4,25.925,24.28,49.81,7.921,21.995,5.301,14.577,10.19,4.387
12002,Central Nova,25.224,23.589,51.194,12.985,20.608,3.206,14.396,9.009,5.386,27.21,23.022,49.768,17.362,17.378,2.483,12.546,7.464,5.098,23.345,24.122,52.518,8.875,23.64,3.886,16.133,10.46,5.657
12003,Cumberland--Colchester,27.128,25.546,47.319,12.46,20.081,3.156,11.629,7.15,4.48,29.535,24.973,45.477,17.079,14.99,2.672,10.72,6.343,4.377,24.912,26.069,49.005,8.2,24.757,3.571,12.463,7.89,4.573
12004,Dartmouth--Cole Harbour,16.615,25.572,57.819,10.196,20.976,4.426,22.221,15.212,7.003,16.572,25.629,57.814,13.835,18.516,4.306,21.156,14.266,6.876,16.654,25.509,57.837,6.955,23.162,4.545,23.162,16.046,7.104
12005,Halifax,12.99,24.058,62.952,6.704,13.977,3.864,38.401,23.084,15.324,12.962,25.222,61.816,9.149,11.664,3.734,37.257,21.938,15.332,13.015,22.978,63.995,4.467,16.114,3.983,39.431,24.128,15.303
12006,Halifax West,13.139,22.459,64.401,8.159,18.843,4.82,32.594,21.889,10.712,13.66,23.352,62.989,10.533,16.286,4.145,32.025,21.065,10.96,12.674,21.637,65.675,6.041,21.124,5.409,33.101,22.638,10.476
12007,Kings--Hants,24.494,24.393,51.113,12.236,19.882,3.194,15.794,10.039,5.762,27.102,24.094,48.804,15.927,16.318,2.632,13.912,8.197,5.73,22.059,24.665,53.275,8.776,23.2,3.733,17.552,11.748,5.804
12008,Sackville--Preston--Chezzetcook,18.84,25.475,55.685,13.169,22.287,3.569,16.667,11.435,5.232,20.177,25.567,54.271,17.482,19.794,2.931,14.05,9.735,4.315,17.565,25.376,57.058,9.05,24.673,4.18,19.17,13.061,6.108
12009,South Shore--St. Margarets,27.187,22.107,50.707,12.712,19.962,3.195,14.844,9.561,5.283,29.633,20.932,49.422,16.115,16.959,2.792,13.544,8.389,5.155,24.835,23.211,51.954,9.427,22.849,3.583,16.094,10.7,5.394
12010,Sydney--Victoria,25.975,24.642,49.391,13.852,17.136,4.765,13.638,8.642,4.988,26.069,23.966,49.947,20.13,13.91,3.486,12.421,7.656,4.765,25.889,25.237,48.89,8.288,19.975,5.898,14.698,9.514,5.184
12011,West Nova,30.099,21.813,48.088,13.109,21.144,2.954,10.888,6.77,4.118,33.408,21.339,45.268,16.397,16.697,1.917,10.273,6.334,3.938,27.059,22.25,50.705,10.088,25.235,3.911,11.457,7.186,4.284
13001,Acadie--Bathurst,37.215,20.369,42.408,13.55,15.065,3.362,10.431,7.57,2.854,40.107,18.129,41.779,17.816,13.205,2.223,8.535,6.028,2.507,34.422,22.551,43.042,9.433,16.877,4.47,12.277,9.07,3.207
13002,Beausejour,28.012,23.883,48.112,10.535,20.379,2.482,14.709,10.37,4.347,29.113,24.365,46.523,14.168,18.11,1.781,12.479,7.974,4.52,26.951,23.398,49.651,6.987,22.61,3.151,16.902,12.71,4.192
13003,Fredericton,15.635,27.728,56.629,7.683,17.833,3.266,27.84,18.206,9.634,16.403,28.779,54.817,10.347,14.219,2.556,27.695,16.945,10.734,14.934,26.733,58.333,5.214,21.202,3.943,27.99,19.396,8.593
13004,Fundy Royal,20.649,28.948,50.411,11.592,21.269,2.65,14.892,10.685,4.215,22.261,26.666,51.074,17.13,18.488,1.926,13.514,9.488,4.026,19.111,31.132,49.757,6.239,23.935,3.348,16.22,11.838,4.397
13005,Madawaska--Restigouche,32.019,23.793,44.178,13.939,15.976,2.837,11.435,8.064,3.37,31.516,24.083,44.401,17.925,14.062,2.02,10.394,6.57,3.824,32.494,23.52,43.986,10.178,17.765,3.608,12.435,9.474,2.961
13006,Miramichi--Grand Lake,30.81,28.177,41.003,13.006,17.584,1.995,8.408,5.785,2.633,32.445,26.907,40.648,17.658,14.828,1.128,7.014,4.389,2.646,29.248,29.384,41.348,8.623,20.198,2.797,9.73,7.108,2.622
13007,Moncton--Riverview--Dieppe,18.515,27.344,54.134,8.234,21.645,3.746,20.508,14.441,6.06,19.429,28.416,52.169,10.485,19.627,2.897,19.118,13.071,6.048,17.706,26.394,55.913,6.198,23.46,4.509,21.745,15.674,6.071
13008,New Brunswick Southwest,22.076,30.176,47.748,12.466,19.239,2.316,13.738,9.674,4.055,24.206,28.467,47.308,16.953,16.43,1.981,11.907,8.037,3.869,20.032,31.797,48.189,8.16,21.933,2.618,15.477,11.245,4.232
13009,Saint John--Rothesay,21.195,30.67,48.127,10.345,19.315,2.69,15.77,10.828,4.949,21.217,29.045,49.739,15.861,17.081,2.408,14.388,9.333,5.055,21.165,32.111,46.711,5.473,21.305,2.954,16.993,12.15,4.829
13010,Tobique--Mactaquac,25.784,29.138,45.078,12.525,17.696,2.943,11.914,8.402,3.511,27.282,29.069,43.631,16.312,14.561,2.341,10.398,7.218,3.198,24.351,29.187,46.463,8.903,20.677,3.52,13.346,9.552,3.794
24001,Abitibi--Baie-James--Nunavik--Eeyou,39.246,17.783,42.971,19.275,11.84,3.076,8.772,6.399,2.373,39.832,16.3,43.884,24.908,10.122,2.08,6.774,4.618,2.156,38.641,19.328,42.031,13.531,13.578,4.094,10.828,8.219,2.609
24002,Abitibi--Temiscamingue,30.053,18.87,51.077,20.802,15.396,3.672,11.208,8.532,2.676,32.533,16.38,51.086,26.54,13.395,2.543,8.584,6.256,2.328,27.536,21.373,51.079,15.004,17.416,4.812,13.846,10.831,3.015
24003,Ahuntsic-Cartierville,18.209,19.119,62.666,9.543,15.901,6.487,30.735,18.232,12.508,17.068,18.996,63.925,11.038,15.116,5.681,32.079,18.555,13.524,19.289,19.235,61.487,8.144,16.636,7.231,29.477,17.93,11.558
24004,Alfred-Pellan,19.59,23.948,56.455,14.978,17.56,5.843,18.074,12.288,5.779,19.715,23.221,57.064,18.279,15.92,5.206,17.673,10.872,6.8,19.474,24.624,55.902,11.927,19.095,6.446,18.446,13.615,4.832
24005,Argenteuil--La Petite-Nation,29.092,23.815,47.1,19.848,14.143,3.226,9.882,6.835,3.047,30.111,22.03,47.871,23.565,12.697,2.787,8.81,5.677,3.12,28.061,25.61,46.33,16.137,15.575,3.651,10.966,7.992,2.962
24006,Avignon--La Mitis--Matane--Matapedia,31.156,20.124,48.712,22.797,14.084,3.335,8.487,6.21,2.277,32.574,17.255,50.154,29.289,11.725,1.724,7.416,5.139,2.277,29.767,22.951,47.281,16.407,16.407,4.924,9.543,7.265,2.277
24007,Beauce,30.09,21.009,48.901,21.05,15.556,2.942,9.354,6.772,2.581,31.385,20.364,48.251,25.242,12.862,2.071,8.076,5.718,2.358,28.766,21.68,49.553,16.769,18.32,3.831,10.646,7.838,2.808
24008,Beauport--Limoilou,20.721,23.834,55.445,17.786,18.801,3.841,15.011,10.373,4.644,19.125,22.114,58.762,22.888,17.39,3.203,15.281,10.303,4.978,22.186,25.413,52.414,13.116,20.095,4.437,14.778,10.439,4.339
24009,Becancour--Nicolet--Saurel,26.828,21.746,51.433,21.262,17.212,3.617,9.342,6.686,2.649,27.582,19.775,52.643,27.16,14.578,2.483,8.447,5.44,2.995,26.08,23.698,50.234,15.41,19.833,4.74,10.24,7.92,2.306
24010,Bellechasse--Les Etchemins--Levis,21.649,21.579,56.761,20.563,17.833,4.164,14.201,9.603,4.598,22.572,19.456,57.983,26.018,15.305,3.479,13.18,8.654,4.514,20.765,23.645,55.59,15.26,20.293,4.819,15.207,10.527,4.68
24011,Beloeil--Chambly,17.258,22.4,60.336,17.2,19.605,5.165,18.371,12.632,5.733,18.808,21.414,59.778,21.098,17.582,4.393,16.717,10.689,6.016,15.76,23.364,60.875,13.436,21.57,5.912,19.968,14.497,5.46
24012,Berthier--Maskinonge,29.226,21.872,48.896,22.372,14.872,3.28,8.372,5.951,2.421,29.644,19.896,50.46,28.725,12.179,2.371,7.184,4.765,2.431,28.803,23.896,47.313,15.914,17.612,4.206,9.581,7.158,2.423
24013,Therese-De Blainville,19.149,23.184,57.673,15.72,18.281,4.71,18.956,13.545,5.418,20.3,22.026,57.674,19.075,15.953,4.242,18.403,12.765,5.651,18.05,24.277,57.673,12.516,20.503,5.157,19.497,14.302,5.208
24014,Pierre-Boucher--Les Patriotes--Vercheres,16.283,20.695,63.028,15.263,19.067,6.298,22.394,14.979,7.415,17.365,19.089,63.546,18.788,17.039,5.81,21.909,14.088,7.808,15.224,22.268,62.508,11.811,21.053,6.788,22.868,15.851,7.018
24015,Bourassa,31.294,24.134,44.578,14.759,13.209,4.593,12.004,7.775,4.229,29.702,23.751,46.533,16.413,12.657,4.241,13.222,8.321,4.888,32.683,24.468,42.849,13.327,13.691,4.901,10.953,7.286,3.655
24016,Brome--Missisquoi,23.778,24.623,51.605,16.592,14.737,4.627,15.643,9.667,5.976,25.101,22.27,52.641,20.333,13.127,4.069,15.1,8.739,6.373,22.476,26.927,50.585,12.909,16.311,5.188,16.178,10.592,5.598
24017,Brossard--Saint-Lambert,13.711,19.852,66.437,8.677,16.96,7.1,33.7,20.061,13.64,13.451,18.831,67.718,10.01,15.791,6.394,35.523,19.832,15.691,13.948,20.781,65.271,7.479,18.023,7.74,32.039,20.27,11.769
24018,Rimouski-Neigette--Temiscouata--Les Basques,24.93,19.667,55.395,19.146,17.596,4.113,14.54,9.719,4.82,26.829,17.619,55.567,24.206,15.258,2.783,13.305,8.336,4.999,23.12,21.65,55.244,14.284,19.843,5.377,15.712,11.049,4.663
24019,Charlesbourg--Haute-Saint-Charles,16.854,23.123,60.029,18.298,20.784,4.608,16.345,11.222,5.117,16.889,20.99,62.121,23.307,18.782,3.676,16.355,10.507,5.848,16.812,25.099,58.078,13.639,22.649,5.476,16.326,11.889,4.437
24020,Beauport--Cote-de-Beaupre--ile d'Orleans--Charlevoix,21.281,22.246,56.473,20.427,18.883,3.974,13.195,9.051,4.138,21.726,19.374,58.887,26.008,17.484,3.172,12.224,7.863,4.361,20.828,25.085,54.087,14.899,20.279,4.766,14.142,10.225,3.917
24021,Chateauguay--Lacolle,24.336,26.243,49.408,19.584,15.882,3.815,10.133,7.302,2.831,26.143,25.109,48.734,23.557,13.8,3.076,8.302,5.648,2.667,22.587,27.341,50.059,15.751,17.898,4.53,11.893,8.89,3.003
24022,Chicoutimi--Le Fjord,21.251,19.273,59.476,21.346,18.36,4.388,15.382,10.52,4.862,18.756,17.688,63.57,26.458,17.97,3.71,15.433,9.779,5.654,23.667,20.822,55.496,16.382,18.753,5.044,15.333,11.237,4.095
24023,Compton--Stanstead,23.559,22.08,54.36,20.847,15.809,3.32,14.385,9.033,5.345,25.266,21.407,53.315,25.241,12.761,2.357,12.969,7.596,5.373,21.836,22.749,55.416,16.42,18.9,4.305,15.803,10.498,5.317
24024,Dorval--Lachine--LaSalle,20.934,25.64,53.438,11.307,16.749,5.642,19.735,12.38,7.355,20.221,25.228,54.551,13.341,15.826,5.584,19.801,11.972,7.841,21.579,25.999,52.412,9.461,17.583,5.694,19.684,12.76,6.924
24025,Drummond,27.012,22.846,50.142,20.75,16.697,3.159,9.541,6.961,2.574,27.888,21.194,50.905,25.889,14.007,2.493,8.528,5.947,2.581,26.142,24.477,49.368,15.65,19.369,3.819,10.542,7.975,2.567
24026,Gaspesie--Les iles-de-la-Madeleine,35.904,19.88,44.223,18.777,13.981,3.138,8.334,5.795,2.531,37.943,17.873,44.184,23.887,11.133,2.166,7.028,4.711,2.317,33.946,21.815,44.239,13.897,16.705,4.068,9.583,6.847,2.75
24027,Gatineau,24.738,23.445,51.817,14.378,18.104,3.961,15.38,10.188,5.186,26.215,21.211,52.574,17.234,16.971,3.499,14.881,8.862,6.007,23.381,25.503,51.127,11.751,19.16,4.375,15.84,11.421,4.43
24028,Hochelaga,21.914,21.037,57.055,12.516,16.427,5.493,22.614,14.514,8.099,21.163,20.571,58.267,14.654,15.895,5.186,22.532,13.749,8.783,22.626,21.486,55.888,10.469,16.939,5.788,22.682,15.251,7.43
24029,Honore-Mercier,25.241,23.909,50.844,14.83,15.795,4.904,15.315,10.607,4.708,24.485,23.925,51.577,17.909,14.475,4.401,14.793,9.73,5.075,25.909,23.892,50.199,12.145,16.955,5.33,15.769,11.381,4.399
24030,Hull--Aylmer,18.378,20.804,60.818,9.514,16.348,5.188,29.769,16.944,12.831,18.929,20.616,60.456,11.108,16.318,4.335,28.707,14.938,13.768,17.872,20.988,61.151,8.046,16.376,5.972,30.746,18.778,11.967
24031,Joliette,27.93,23.652,48.424,19.397,14.969,3.814,10.238,7.419,2.825,28.436,21.867,49.697,24.909,12.4,2.861,9.539,6.667,2.873,27.426,25.375,47.187,14.065,17.452,4.735,10.912,8.134,2.778
24032,Jonquiere,20.543,18.903,60.568,25.661,19.868,3.885,11.153,8.115,3.038,18.669,17.291,64.04,32.103,18.132,3.072,10.719,7.729,3.004,22.397,20.523,57.08,19.215,21.598,4.711,11.584,8.512,3.072
24033,La Pointe-de-l'ile,26.046,24.099,49.866,16.643,14.883,4.649,13.685,9.589,4.091,25.348,22.736,51.904,19.978,14.45,4.015,13.473,9.104,4.381,26.67,25.327,48.014,13.623,15.276,5.236,13.878,10.04,3.838
24034,La Prairie,18.069,23.33,58.602,15.618,18.252,5.046,19.692,13.844,5.848,19.905,22.387,57.72,18.946,16.004,4.081,18.677,12.767,5.91,16.278,24.248,59.461,12.349,20.457,5.975,20.694,14.906,5.788
24035,Lac-Saint-Jean,25.358,19.307,55.341,25.671,16.646,3.483,9.546,7.263,2.284,25.06,17.156,57.783,31.743,15.013,2.512,8.526,6.187,2.339,25.656,21.481,52.851,19.51,18.297,4.466,10.577,8.35,2.239
24036,Lac-Saint-Louis,10.678,21.776,67.546,7.272,19.029,5.999,35.241,21.506,13.741,10.612,20.783,68.605,8.416,17.632,5.646,36.899,20.902,15.996,10.728,22.693,66.567,6.214,20.32,6.325,33.709,22.075,11.645
24037,LaSalle--emard--Verdun,24.333,22.528,53.139,11.75,14.72,4.567,22.1,13.421,8.679,23.641,22.255,54.104,13.988,13.609,4.311,22.196,13.313,8.883,24.952,22.766,52.282,9.739,15.727,4.8,22.016,13.52,8.496
24038,Laurentides--Labelle,24.673,21.463,53.864,20.172,14.82,5.093,13.773,9.06,4.713,26.597,18.983,54.399,24.656,12.296,4.372,13.085,8.126,4.948,22.778,23.89,53.331,15.77,17.301,5.813,14.437,9.967,4.47
24039,Laurier--Sainte-Marie,12.174,15.328,72.498,7.435,15.052,6.308,43.697,23.503,20.2,10.951,16.327,72.722,8.381,15.497,6.227,42.617,22.307,20.3,13.6,14.175,72.236,6.333,14.532,6.403,44.968,24.896,20.083
24040,Laval--Les iles,20.653,23.531,55.816,13.131,16.984,6.005,19.69,13.015,6.675,21.345,23.147,55.508,14.972,15.661,5.183,19.705,12.106,7.586,19.998,23.883,56.107,11.383,18.251,6.785,19.677,13.866,5.81
24041,Longueuil--Charles-LeMoyne,24.434,24.258,51.308,16.625,15.249,5.153,14.287,9.19,5.091,24.087,22.499,53.425,20.563,14.327,4.231,14.304,8.682,5.61,24.776,25.938,49.297,12.853,16.13,6.045,14.27,9.676,4.594
24042,Levis--Lotbiniere,17.007,20.113,62.88,19.488,20.71,4.704,17.972,12.654,5.324,17.888,19.097,63.026,24.506,18.423,3.652,16.446,11.177,5.269,16.104,21.142,62.743,14.42,23.037,5.756,19.529,14.161,5.38
24043,Longueuil--Saint-Hubert,21.733,20.41,57.857,15.501,16.347,5.984,20.024,12.86,7.158,21.596,19.619,58.773,18.691,14.895,5.025,20.161,12.244,7.918,21.848,21.132,57.02,12.587,17.674,6.86,19.899,13.435,6.475
24044,Louis-Hebert,8.447,17.332,74.221,9.302,20.425,6.698,37.797,20.931,16.86,7.989,15.145,76.866,11.775,18.49,5.346,41.255,20.991,20.276,8.846,19.29,71.853,7.087,22.168,7.897,34.69,20.889,13.812
24045,Louis-Saint-Laurent,15.171,22.728,62.101,17.318,21.25,4.334,19.193,13.324,5.863,14.536,21.758,63.706,22.269,19.262,3.541,18.635,12.551,6.084,15.787,23.642,60.571,12.601,23.144,5.089,19.726,14.061,5.664
24046,Manicouagan,32.329,19.961,47.703,19.585,15.99,3.006,9.122,6.783,2.345,32.062,18.449,49.475,25.678,14.035,2.162,7.613,5.335,2.265,32.603,21.512,45.872,13.322,17.994,3.872,10.684,8.256,2.441
24047,Megantic--L'erable,30.822,20.566,48.605,22.438,15.411,3.188,7.568,5.477,2.091,31.312,18.735,49.966,28.513,12.481,2.335,6.623,4.383,2.24,30.328,22.412,47.233,16.313,18.365,4.02,8.521,6.567,1.955
24048,Mirabel,23.755,23.063,53.182,22.233,16.675,3.805,10.468,7.717,2.751,24.947,22.32,52.733,27.153,14.029,3.16,8.39,5.912,2.479,22.547,23.816,53.636,17.247,19.357,4.459,12.574,9.547,3.027
24049,Montarville,14.237,21.644,64.118,13.27,19.551,6.195,25.116,16.583,8.527,14.759,20.325,64.916,16.519,17.76,5.784,24.84,15.619,9.221,13.732,22.878,63.378,10.189,21.242,6.57,25.364,17.493,7.884
24050,Montcalm,29.04,23.088,47.878,21.941,14.942,3.083,7.912,5.977,1.929,30.632,21.381,47.987,27.328,11.769,2.506,6.371,4.675,1.696,27.423,24.834,47.768,16.429,18.176,3.673,9.477,7.321,2.168
24051,Montmagny--L'Islet--Kamouraska--Riviere-du-Loup,29.898,20.256,49.853,21.366,15.143,3.588,9.748,6.882,2.873,30.778,18.25,50.985,27.52,12.061,2.374,9.03,5.721,3.296,29.025,22.233,48.729,15.304,18.183,4.786,10.469,8.026,2.443
24052,Mount Royal,14.016,20.01,65.968,6.031,13.749,7.601,38.593,21.499,17.1,14.691,19.348,65.974,5.73,13.415,6.843,39.973,20.081,19.905,13.46,20.567,65.973,6.273,14.02,8.227,37.431,22.681,14.739
24053,Notre-Dame-de-Grace--Westmount,9.837,17.51,72.653,5.641,14.217,5.716,47.079,24.314,22.771,9.831,18.021,72.135,6.131,13.383,4.909,47.712,23.868,23.831,9.832,17.062,73.106,5.213,14.936,6.432,46.525,24.692,21.833
24054,Outremont,10.35,16.52,73.136,4.486,13.682,6.748,48.226,23.665,24.561,10.303,18.09,71.595,4.832,12.944,6.072,47.747,22.071,25.689,10.404,15.056,74.552,4.166,14.35,7.372,48.663,25.148,23.516
24055,Papineau,25.636,20.232,54.126,9.386,15.071,5.018,24.645,15.275,9.37,24.311,21.135,54.554,10.684,14.771,4.531,24.556,14.793,9.762,26.954,19.357,53.711,8.11,15.368,5.498,24.735,15.75,8.974
24056,Pierrefonds--Dollard,13.967,24.058,61.97,8.672,18.967,6.816,27.503,17.519,9.984,13.591,23.54,62.88,10.443,17.738,6.296,28.404,16.915,11.488,14.328,24.531,61.141,7.038,20.122,7.289,26.67,18.093,8.588
24057,Pontiac,23.01,20.019,56.972,15.026,16.812,4.01,21.118,13.059,8.066,26.195,18.237,55.58,18.968,15.174,3.144,18.271,10.568,7.703,19.806,21.815,58.379,11.048,18.451,4.881,23.987,15.555,8.432
24058,Portneuf--Jacques-Cartier,17.403,20.675,61.922,21.035,18.928,4.148,17.811,11.976,5.835,17.818,19.214,62.967,26.574,16.115,3.703,16.576,10.767,5.797,16.983,22.173,60.831,15.327,21.82,4.593,19.091,13.219,5.86
24059,Quebec,16.413,19.486,64.101,13.262,16.695,5.463,28.687,16.03,12.657,14.637,19.255,66.096,16.747,15.469,4.519,29.373,15.642,13.731,18.067,19.699,62.222,10.012,17.824,6.343,28.044,16.389,11.644
24060,Repentigny,20.918,24.088,55,19.031,17.862,5.068,13.039,9.429,3.61,21.479,23.095,55.426,23.667,15.217,4.242,12.288,8.417,3.872,20.371,25.024,54.594,14.664,20.361,5.834,13.757,10.381,3.365
24061,Richmond--Arthabaska,27.992,21.591,50.412,21.256,16.036,3.281,9.838,6.831,3.007,29.32,19.599,51.069,26.454,13.448,2.221,8.957,5.709,3.249,26.675,23.588,49.738,16.055,18.617,4.338,10.727,7.95,2.765
24062,Riviere-des-Mille-iles,20.683,25.105,54.212,16.099,18.577,4.86,14.689,10.236,4.446,21.526,24.085,54.377,19.387,16.63,4.55,13.811,9.211,4.599,19.9,26.067,54.057,12.987,20.401,5.141,15.505,11.203,4.313
24063,Riviere-du-Nord,27.176,22.922,49.908,20.825,15.855,3.748,9.48,6.709,2.771,28.041,21.092,50.867,25.652,13.535,3.372,8.308,5.676,2.644,26.329,24.69,48.993,16.175,18.096,4.111,10.611,7.695,2.905
24064,Rosemont--La Petite-Patrie,17.634,16.964,65.401,10.74,16.387,5.571,32.709,19.782,12.921,16.932,17.478,65.59,13.009,16.682,4.958,30.964,18.353,12.622,18.289,16.482,65.228,8.629,16.121,6.142,34.325,21.126,13.209
24065,Marc-Aurele-Fortin,17.892,22.899,59.209,14.282,18.165,6.25,20.506,14.217,6.289,18.448,22.073,59.466,17.374,16.112,5.908,20.086,13.802,6.284,17.356,23.688,58.956,11.377,20.093,6.572,20.901,14.606,6.282
24066,Saint-Hyacinthe--Bagot,30.142,22.588,47.265,18.798,15.349,3.66,9.452,6.744,2.72,32.482,21.384,46.134,22.435,12.538,3.016,8.146,5.368,2.778,27.856,23.775,48.369,15.247,18.106,4.301,10.727,8.076,2.651
24067,Saint-Jean,24.376,24.314,51.304,18.744,16.693,4.095,11.772,8.213,3.56,25.631,22.262,52.107,23.512,14.76,3.311,10.535,6.888,3.647,23.164,26.315,50.533,14.127,18.578,4.855,12.972,9.485,3.476
24068,Saint-Laurent,17.366,21.125,61.509,7.321,15.115,6.801,32.265,19.489,12.776,16.014,20.623,63.378,8.5,14.449,6.245,34.17,19.481,14.674,18.623,21.61,59.779,6.221,15.727,7.312,30.506,19.481,11.026
24069,Saint-Leonard--Saint-Michel,31.012,22.905,46.089,13.24,13.621,4.542,14.673,10.006,4.667,29.114,23.742,47.156,14.593,12.754,4.344,15.453,10.044,5.397,32.694,22.164,45.143,12.042,14.401,4.729,13.993,9.972,4.01
24070,Saint-Maurice--Champlain,26.414,21.201,52.379,22.7,16.935,3.86,8.884,6.589,2.29,24.908,19.333,55.77,29.581,14.508,3.314,8.379,5.684,2.695,27.913,23.069,49.029,15.872,19.357,4.402,9.398,7.499,1.899
24071,Salaberry--Suroit,28.651,23.552,47.797,20.831,15.579,3.138,8.254,5.86,2.395,29.418,21.852,48.729,26.168,12.924,2.427,7.223,4.567,2.644,27.907,25.2,46.893,15.646,18.165,3.828,9.254,7.113,2.13
24072,Shefford,27.764,24.833,47.408,17.805,15.621,3.259,10.724,7.42,3.305,28.868,23.278,47.854,22.118,13.292,2.656,9.789,6.205,3.584,26.677,26.358,46.964,13.578,17.895,3.861,11.641,8.611,3.03
24073,Sherbrooke,21.329,20.96,57.711,15.596,17.49,4.291,20.34,11.651,8.689,21.931,20.066,58.015,18.916,15.161,3.685,20.242,10.584,9.657,20.789,21.771,57.429,12.576,19.605,4.832,20.416,12.619,7.797
24074,Vaudreuil--Soulanges,15.928,24.748,59.324,14.671,19.214,5.036,20.398,14.048,6.356,16.517,23.9,59.583,18.245,17.381,4.469,19.477,12.82,6.669,15.361,25.571,59.079,11.214,20.979,5.585,21.302,15.249,6.064
24075,Terrebonne,22.321,24.062,53.618,20.847,17.081,4.417,11.273,8.478,2.795,23.287,22.292,54.421,25.387,15.465,3.875,9.682,6.731,2.963,21.37,25.777,52.852,16.437,18.658,4.945,12.813,10.171,2.642
24076,Trois-Rivieres,20.552,22.475,56.973,17.189,18.597,4.979,16.203,10.742,5.456,18.85,21.254,59.908,22.496,17.079,4.094,16.251,10.052,6.199,22.1,23.606,54.293,12.363,19.987,5.794,16.159,11.369,4.78
24077,Ville-Marie--Le Sud-Ouest--ile-des-Soeurs,10.647,17.197,72.161,5.474,13.078,7.224,46.379,25.23,21.149,10.26,17.25,72.49,5.882,11.961,6.551,48.096,25.337,22.759,11.058,17.131,71.811,5.065,14.219,7.92,44.607,25.13,19.488
24078,Vimy,23.538,23.34,53.128,13.498,15.795,5.761,18.081,12.011,6.07,23.436,21.664,54.912,16.386,14.932,4.778,18.817,11.694,7.124,23.631,24.88,51.511,10.862,16.583,6.658,17.408,12.301,5.108
35001,Ajax,14.622,29.164,56.208,6.43,23.167,5.725,20.879,14.212,6.673,14.909,29.515,55.576,8.97,21.636,5.418,19.539,12.448,7.091,14.374,28.858,56.779,4.118,24.564,6.017,22.091,15.809,6.293
35002,Algoma--Manitoulin--Kapuskasing,28.362,25.601,46.037,13.165,20.54,2.56,9.779,6.318,3.453,30.608,21.83,47.562,19.565,18.575,1.8,7.622,4.966,2.656,26.137,29.297,44.551,6.867,22.475,3.308,11.902,7.664,4.238
35003,Aurora--Oak Ridges--Richmond Hill,12.967,22.581,64.452,4.756,17.303,5.721,36.666,23.571,13.101,13.267,21.174,65.559,6.234,16.415,5.222,37.701,22.711,14.978,12.673,23.927,63.4,3.369,18.146,6.195,35.702,24.388,11.313
35004,Barrie--Innisfil,19.027,30.973,49.994,9.504,23.369,3.288,13.839,9.018,4.828,20.676,30.217,49.093,13.63,20.831,3.086,11.547,7.201,4.346,17.439,31.706,50.868,5.516,25.806,3.483,16.063,10.759,5.293
35005,Barrie--Springwater--Oro-Medonte,18.167,29.378,52.461,8.754,25.602,2.8,15.305,10.091,5.214,18.562,29.576,51.861,12.953,22.644,2.401,13.864,9.204,4.647,17.793,29.189,53.006,4.804,28.38,3.163,16.647,10.913,5.734
35006,Bay of Quinte,22.563,30.076,47.361,9.408,23.576,2.044,12.328,8.213,4.115,22.816,29.495,47.69,13.575,20.311,1.727,12.065,7.617,4.449,22.336,30.602,47.041,5.536,26.597,2.327,12.57,8.766,3.804
35007,Beaches--East York,15.313,23.189,61.503,4.998,17.055,4.112,35.338,21.721,13.617,15.753,24.002,60.257,6.987,16.138,3.728,33.418,20.19,13.228,14.915,22.454,62.62,3.198,17.896,4.46,37.065,23.107,13.969
35008,Brampton Centre,21.08,30.772,48.147,7.304,19.679,4.265,16.893,10.775,6.118,20.804,30.155,49.041,10.476,17.798,3.871,16.908,10.588,6.308,21.342,31.358,47.3,4.299,21.471,4.65,16.879,10.952,5.939
35009,Brampton East,21.251,28.491,50.258,4.943,17.038,5.753,22.53,13.817,8.72,20.52,28.929,50.565,6.654,16.519,5.756,21.649,13.281,8.355,21.973,28.066,49.96,3.271,17.528,5.75,23.398,14.323,9.061
35010,Brampton North,18.73,30.695,50.575,6.096,18.662,6.068,19.755,12.407,7.348,18.324,31.077,50.599,8.253,17.242,5.744,19.36,12.224,7.136,19.123,30.325,50.552,3.994,20.027,6.393,20.138,12.585,7.564
35011,Brampton South,20.604,29.164,50.232,6.598,17.102,5.793,20.739,12.355,8.384,19.891,29.425,50.684,8.722,14.961,6.178,20.836,12.308,8.528,21.284,28.915,49.789,4.597,19.129,5.441,20.634,12.387,8.247
35012,Brampton West,18.534,26.234,55.226,7.113,20.447,6.512,21.153,12.721,8.426,17.814,27.523,54.676,9.764,18.225,6.72,19.953,11.684,8.256,19.217,25.029,55.742,4.667,22.51,6.321,22.269,13.684,8.572
35013,Brantford--Brant,24.202,28.441,47.357,9.427,22.853,2.995,12.077,7.918,4.155,24.855,28.303,46.843,13.171,19.614,2.571,11.487,7.231,4.256,23.602,28.569,47.829,5.998,25.828,3.383,12.62,8.558,4.071
35014,Bruce--Grey--Owen Sound,23.329,28.986,47.685,10.965,22.25,2.477,11.998,7.637,4.361,24.602,28.727,46.659,16.595,17.408,2.022,10.645,6.392,4.242,22.1,29.235,48.665,5.519,26.924,2.917,13.305,8.829,4.476
35015,Burlington,13.315,27.727,58.962,6.428,23.547,4.457,24.526,16.097,8.429,13.864,26.479,59.667,9.163,20.478,4.514,25.502,16.516,8.976,12.819,28.856,58.315,3.953,26.325,4.395,23.642,15.718,7.925
35016,Cambridge,24.2,30.37,45.435,8.945,21.14,2.574,12.77,8.353,4.417,24.157,29.953,45.901,12.919,18.235,2.584,12.164,7.751,4.413,24.231,30.779,44.99,5.174,23.914,2.565,13.349,8.928,4.42
35017,Chatham-Kent--Leamington,28.863,29.61,41.527,8.071,21.398,2.029,10.022,6.649,3.378,30,29.942,40.058,11.281,17.439,2.049,9.302,6.123,3.178,27.801,29.301,42.887,5.076,25.095,2.022,10.694,7.141,3.554
35018,Davenport,28.342,23.059,48.604,5.888,14.092,3.334,25.285,16.567,8.724,27.994,24.931,47.075,7.877,12.92,3.167,23.111,15.166,7.946,28.678,21.256,50.067,3.972,15.221,3.495,27.38,17.917,9.474
35019,Don Valley East,15.452,24.914,59.628,5.652,16.865,5.685,31.425,18.858,12.568,15.337,24.488,60.175,6.779,14.8,4.802,33.809,19.545,14.264,15.551,25.29,59.159,4.688,18.632,6.452,29.398,18.27,11.116
35020,Don Valley North,12.37,20.84,66.796,4.483,13.941,7.367,40.999,24.278,16.722,12.201,19.564,68.247,5.341,12.471,6.37,44.077,24.391,19.686,12.519,21.956,65.525,3.745,15.226,8.239,38.316,24.192,14.134
35021,Don Valley West,9.929,18.429,71.643,2.933,12.275,5.448,50.999,29.481,21.518,9.726,18.159,72.101,3.562,10.914,4.883,52.755,28.179,24.576,10.12,18.656,71.248,2.38,13.462,5.957,49.449,30.629,18.832
35022,Dufferin--Caledon,17.881,30.519,51.6,9.238,21.931,3.639,16.792,11.063,5.729,18.751,29.636,51.592,13.554,19.615,3.534,14.878,9.627,5.262,17.017,31.375,51.619,4.997,24.212,3.742,18.668,12.471,6.187
35023,Durham,17.067,29.952,52.976,8.817,26.537,2.903,14.72,10.222,4.498,17.502,30.378,52.12,12.499,23.647,2.668,13.318,9.133,4.174,16.645,29.55,53.794,5.252,29.346,3.13,16.077,11.265,4.812
35024,Eglinton--Lawrence,14.491,21.229,64.28,4.278,12.972,5.342,41.688,24.133,17.555,14.933,21.872,63.171,5.072,11.077,4.114,42.908,23.345,19.575,14.117,20.701,65.192,3.635,14.521,6.352,40.675,24.79,15.894
35025,Elgin--Middlesex--London,23.916,29.886,46.192,9.101,23.167,2.902,11.021,7.159,3.862,25.342,29.782,44.888,12.315,19.932,2.862,9.779,6.122,3.645,22.554,30.001,47.445,6.016,26.266,2.952,12.222,8.163,4.059
35026,Essex,18.829,30.46,50.716,9.002,21.861,2.948,16.9,10.429,6.477,19.336,30.022,50.641,12.764,19.718,2.841,15.34,9.34,6,18.337,30.879,50.784,5.353,23.958,3.053,18.43,11.489,6.931
35027,Etobicoke Centre,15.926,25.521,58.558,6.242,16.203,5.731,30.382,18.476,11.906,15.097,24.858,60.056,8.16,15.397,5.525,30.973,17.966,13.018,16.658,26.107,57.234,4.548,16.914,5.923,29.86,18.927,10.922
35028,Etobicoke--Lakeshore,14.693,22.259,63.048,5.638,18.276,5.294,33.829,20.625,13.205,14.578,22.068,63.365,7.405,16.527,4.884,34.548,20.807,13.741,14.809,22.437,62.764,4.022,19.888,5.66,33.185,20.469,12.725
35029,Etobicoke North,25.49,30.181,44.334,6.252,15.255,4.977,17.849,11.246,6.604,23.942,30.063,45.995,8.258,14.086,5.052,18.598,11.24,7.358,26.921,30.28,42.799,4.398,16.346,4.908,17.157,11.251,5.906
35030,Flamborough--Glanbrook,16.872,26.958,56.171,9.248,23.954,3.428,19.546,12.515,7.025,17.204,26.687,56.109,13.639,22.268,3.13,17.085,10.654,6.405,16.54,27.218,56.229,5.029,25.575,3.715,21.923,14.304,7.619
35031,Glengarry--Prescott--Russell,22.036,29.802,48.162,10.058,20.774,3.182,14.148,9.546,4.602,23.907,29.144,46.949,12.766,19.242,2.7,12.228,7.681,4.548,20.183,30.454,49.363,7.365,22.279,3.659,16.049,11.394,4.655
35032,Guelph,17.333,26.943,55.724,6.859,18.862,3.553,26.449,15.839,10.61,18.248,26.904,54.838,9.35,16.546,3.614,25.339,14.728,10.61,16.477,26.98,56.543,4.566,21.005,3.488,27.475,16.866,10.609
35033,Haldimand--Norfolk,24.086,28.973,46.941,10.886,23.536,2.517,10.002,6.747,3.255,24.074,28.878,47.037,15.511,20.326,2.304,8.896,5.881,3.015,24.108,29.067,46.836,6.361,26.677,2.726,11.084,7.584,3.489
35034,Haliburton--Kawartha Lakes--Brock,21.784,30.273,47.937,10.592,23.347,2.411,11.587,7.348,4.234,23.679,28.535,47.785,15.64,19.567,2.494,10.084,5.775,4.32,19.94,31.979,48.081,5.656,27.05,2.341,13.044,8.885,4.159
35035,Hamilton Centre,27.607,26.329,46.064,7.794,17.92,2.984,17.372,10.012,7.366,27.671,27.61,44.707,10.222,15.096,2.801,16.588,9.276,7.312,27.532,25.051,47.417,5.382,20.712,3.164,18.147,10.728,7.407
35036,Hamilton East--Stoney Creek,26.601,29.996,43.397,9.198,20.486,2.564,11.143,7.096,4.047,25.715,30.319,43.978,12.985,17.903,2.453,10.637,6.673,3.964,27.429,29.71,42.862,5.708,22.866,2.667,11.62,7.486,4.123
35037,Hamilton Mountain,23.13,28.604,48.266,10.223,22.721,3.486,11.843,7.696,4.146,22.574,29.261,48.153,13.978,19.926,3.251,10.985,6.897,4.076,23.63,28.007,48.363,6.826,25.245,3.686,12.606,8.408,4.209
35038,Hamilton West--Ancaster--Dundas,14.446,24.459,61.089,6.368,19.857,4.834,30.029,16.574,13.461,14.274,24.427,61.299,8.867,17.521,4.534,30.378,15.62,14.758,14.604,24.511,60.896,4.078,21.999,5.111,29.709,17.442,12.266
35039,Hastings--Lennox and Addington,23.672,28.397,47.925,11.773,23.705,2.059,10.381,6.883,3.504,25.845,26.475,47.668,17.038,20.094,1.971,8.579,5.349,3.231,21.549,30.257,48.167,6.681,27.216,2.145,12.126,8.37,3.756
35040,Huron--Bruce,23.662,27.393,48.945,10.761,23.423,2.524,12.236,8.161,4.075,25.327,25.975,48.687,15.703,19.614,2.403,10.967,6.891,4.064,22.026,28.787,49.187,5.907,27.149,2.654,13.476,9.403,4.084
35041,Kanata--Carleton,11.176,22.049,66.768,5.013,21.221,4.122,36.412,21.891,14.527,11.489,21.233,67.278,6.384,19.682,3.722,37.503,21.181,16.322,10.879,22.834,66.275,3.725,22.686,4.505,35.371,22.562,12.797
35042,Kenora,30.187,25.228,44.586,11.237,18.926,2.917,11.505,7.655,3.839,32.173,24.042,43.785,17.009,14.93,2.407,9.439,6.355,3.084,28.182,26.434,45.385,5.478,22.914,3.427,13.566,8.951,4.615
35043,King--Vaughan,18.505,25.844,55.657,6.775,17.977,5.441,25.458,16.488,8.977,18.22,26.065,55.714,9.346,16.804,5.097,24.479,15.303,9.165,18.776,25.617,55.596,4.316,19.114,5.77,26.408,17.613,8.783
35044,Kingston and the Islands,14.965,26.663,58.367,7.412,21.55,2.84,26.564,13.831,12.739,14.984,27.11,57.906,10.262,18.25,2.361,27.033,12.468,14.565,14.958,26.274,58.778,4.871,24.493,3.267,26.156,15.046,11.11
35045,Kitchener Centre,21.567,27.724,50.714,8.129,19.706,2.909,19.97,12.244,7.726,20.788,27.69,51.534,11.167,17.973,2.768,19.638,11.491,8.148,22.311,27.757,49.931,5.229,21.362,3.055,20.286,12.963,7.323
35046,Kitchener--Conestoga,21.943,26.713,51.33,7.68,20.776,3.083,19.797,12.916,6.881,22.506,25.53,51.964,11.613,18.028,2.882,19.426,12.447,6.979,21.412,27.857,50.717,3.878,23.433,3.277,20.142,13.355,6.787
35047,Kitchener South--Hespeler,19.228,29.631,51.135,7.661,22.493,3.168,17.819,12.213,5.605,19.409,29.757,50.86,10.401,20.735,2.994,16.73,11.517,5.213,19.068,29.512,51.42,5.006,24.213,3.337,18.864,12.877,5.986
35048,Lambton--Kent--Middlesex,23.648,31.397,44.954,9.326,22.601,2.354,10.674,6.89,3.789,25.611,30.842,43.547,13.594,18.553,1.969,9.442,5.848,3.594,21.714,31.94,46.323,5.125,26.582,2.72,11.884,7.915,3.969
35049,Lanark--Frontenac--Kingston,18.735,28.453,52.812,10.379,24.729,2.565,15.146,9.706,5.439,20.881,27.741,51.378,15.356,20.352,2.253,13.43,8.307,5.11,16.695,29.134,54.183,5.597,28.929,2.853,16.804,11.037,5.766
35050,Leeds--Grenville--Thousand Islands and Rideau Lakes,19.58,29.384,51.024,9.503,24.884,2.7,13.931,9.297,4.634,20.554,28.974,50.472,14.009,20.691,2.645,13.115,8.159,4.955,18.659,29.776,51.565,5.235,28.871,2.753,14.706,10.365,4.329
35051,London--Fanshawe,22.767,31.797,45.436,8.952,22.84,2.867,10.777,7.117,3.66,23.215,31.515,45.27,12.563,20.219,2.599,9.9,6.11,3.79,22.341,32.064,45.595,5.593,25.298,3.117,11.587,8.059,3.538
35052,London North Centre,14.823,25.905,59.277,5.985,20.331,3.711,29.244,15.591,13.658,14.746,26.07,59.173,7.932,18.336,3.434,29.472,14.778,14.694,14.894,25.752,59.363,4.171,22.181,3.958,29.043,16.346,12.697
35053,London West,13.763,25.395,60.837,5.734,23.371,4.027,27.695,16.952,10.748,14.278,25.909,59.824,7.613,21.205,3.507,27.489,16.02,11.479,13.31,24.954,61.745,4.074,25.291,4.488,27.882,17.769,10.113
35054,Markham--Stouffville,13.806,24.735,61.453,5.467,19.873,5.865,30.236,20.381,9.856,13.388,23.958,62.642,7.978,19.181,5.589,29.882,19.73,10.152,14.198,25.463,60.35,3.123,20.533,6.123,30.582,20.99,9.592
35055,Markham--Thornhill,20.753,26.915,52.319,4.395,13.301,6.313,28.305,18.364,9.941,19.367,27.071,53.551,5.554,12.206,6.239,29.564,18.587,10.977,22.096,26.765,51.116,3.273,14.361,6.397,27.097,18.149,8.948
35056,Markham--Unionville,14.905,23.096,62.011,3.559,13.492,7.429,37.52,25.054,12.471,13.89,21.841,64.268,4.159,12.707,7.573,39.817,25.439,14.39,15.842,24.243,59.903,3.015,14.216,7.306,35.388,24.695,10.693
35057,Milton,12.785,24.084,63.131,6.133,23.977,4.48,28.541,18.583,9.958,13.58,23.859,62.576,8.363,22.567,4.501,27.13,16.96,10.17,12.039,24.303,63.673,3.998,25.332,4.446,29.897,20.14,9.757
35058,Mississauga Centre,14.074,23.668,62.263,5.307,15.501,7.456,33.999,21.07,12.919,13.471,23.433,63.086,6.746,14.73,7.225,34.385,20.425,13.97,14.641,23.879,61.49,3.944,16.236,7.673,33.627,21.677,11.95
35059,Mississauga East--Cooksville,17.834,27.574,54.597,6.819,17.462,5.882,24.435,14.754,9.681,16.99,27.443,55.577,8.825,16.464,5.485,24.814,14.392,10.412,18.616,27.705,53.679,4.96,18.387,6.24,24.102,15.099,9.002
35060,Mississauga--Erin Mills,12.194,22.969,64.836,4.392,17.67,7.333,35.447,21.251,14.19,12.626,22.541,64.822,5.721,16.123,7.082,35.919,20.759,15.16,11.791,23.366,64.842,3.154,19.109,7.565,35.003,21.717,13.286
35061,Mississauga--Lakeshore,14.466,26.472,59.067,5.837,18.582,5.338,29.314,17.915,11.4,14.226,25.768,60.006,8.198,16.375,5.588,29.856,17.717,12.14,14.693,27.138,58.169,3.597,20.658,5.112,28.792,18.102,10.7
35062,Mississauga--Malton,18.936,25.872,55.192,5.332,16.297,6.732,26.831,16.27,10.561,18.156,25.711,56.144,6.96,15.376,6.574,27.223,16.049,11.185,19.672,26.039,54.289,3.779,17.177,6.894,26.45,16.472,9.978
35063,Mississauga--Streetsville,13.689,25.752,60.559,5.636,19.739,6.349,28.83,17.946,10.884,13.875,25.167,60.947,7.513,18.525,6.146,28.751,17.147,11.604,13.503,26.301,60.196,3.854,20.883,6.542,28.907,18.706,10.201
35064,Nepean,11.467,22.935,65.604,5.06,21.716,4.389,34.439,21.795,12.644,11.906,22.221,65.885,6.141,19.877,3.973,35.894,21.745,14.15,11.053,23.614,65.345,4.025,23.46,4.785,33.064,21.857,11.207
35065,Newmarket--Aurora,15.446,26.704,57.855,6.472,21.649,4.487,25.247,16.858,8.389,15.65,26.441,57.897,9.323,19.363,4.286,24.937,15.948,8.989,15.256,26.944,57.799,3.833,23.763,4.662,25.541,17.698,7.844
35066,Niagara Centre,22.227,30.683,47.079,9.759,22.622,2.441,12.263,7.232,5.025,21.535,30.633,47.82,14.167,19.912,2.322,11.419,6.491,4.94,22.864,30.744,46.403,5.647,25.141,2.553,13.051,7.935,5.117
35067,Niagara Falls,20.355,31.358,48.291,9.56,21.647,3.323,13.756,8.518,5.237,20.377,29.061,50.562,13.608,19.83,3.448,13.686,8.293,5.392,20.335,33.5,46.173,5.804,23.342,3.207,13.821,8.728,5.093
35068,Niagara West,17.887,28.08,54.033,10.05,23.619,3.069,17.302,11.064,6.238,19.172,26.206,54.622,14.811,20.974,3.401,15.451,9.797,5.64,16.648,29.902,53.45,5.456,26.157,2.749,19.088,12.286,6.802
35069,Nickel Belt,22.69,25.413,51.897,12.907,25.152,2.201,11.636,7.595,4.048,22.569,24.926,52.505,19.472,22.152,1.535,9.359,5.898,3.447,22.793,25.878,51.303,6.423,28.112,2.872,13.883,9.255,4.641
35070,Nipissing--Timiskaming,21.636,26.331,52.04,9.927,25.689,2.026,14.397,9.007,5.391,22.323,27.112,50.551,13.808,22.187,1.483,13.073,7.672,5.401,20.968,25.587,53.445,6.258,29.006,2.542,15.652,10.258,5.381
35071,Northumberland--Peterborough South,19.112,30.184,50.709,10.108,24.259,2.613,13.73,8.942,4.788,20.446,29.256,50.299,14.852,20.331,2.022,13.083,8.305,4.767,17.838,31.056,51.095,5.585,28,3.176,14.345,9.549,4.796
35072,Oakville,12.212,23.453,64.335,4.864,18.814,5.564,35.098,21.808,13.285,12.154,22.055,65.791,6.248,16.907,5.191,37.445,21.959,15.476,12.266,24.738,62.996,3.586,20.564,5.908,32.958,21.662,11.286
35073,Oakville North--Burlington,10.961,21.363,67.682,4.221,20.648,5.315,37.504,23.927,13.571,11.357,20.741,67.902,5.823,18.876,5.582,37.632,23.075,14.569,10.578,21.933,67.477,2.723,22.316,5.053,37.385,24.736,12.649
35074,Oshawa,23.118,31.741,45.137,8.805,23.514,2.551,10.276,6.956,3.32,24.098,31.837,44.055,12.683,19.887,1.952,9.542,6.381,3.161,22.205,31.642,46.144,5.194,26.882,3.109,10.959,7.5,3.459
35075,Ottawa Centre,10.651,18.412,70.937,3.462,13.418,2.985,51.072,27.314,23.758,10.287,18.801,70.911,4.359,13.193,2.991,50.379,26.076,24.292,10.985,18.033,70.961,2.625,13.631,2.979,51.737,28.483,23.243
35076,Orleans,11.767,25.275,62.954,5.463,21.683,4.836,30.977,19.708,11.269,12.158,24.995,62.847,7.107,19.912,4.34,31.488,18.932,12.567,11.404,25.537,63.058,3.938,23.328,5.307,30.495,20.43,10.065
35077,Ottawa South,15.037,24.535,60.428,5.22,17.652,4.337,33.219,19.18,14.034,14.745,23.894,61.35,5.995,16.485,4.035,34.835,18.591,16.233,15.293,25.117,59.59,4.507,18.714,4.621,31.739,19.714,12.034
35078,Ottawa--Vanier,16.312,24.083,59.605,5.553,16.211,3.743,34.092,18.963,15.129,16.81,23.269,59.91,6.505,15.633,3.394,34.378,17.998,16.369,15.863,24.812,59.315,4.708,16.728,4.057,33.832,19.819,14.013
35079,Ottawa West--Nepean,14.127,24.753,61.125,5.549,19.242,4.246,32.082,18.7,13.387,13.886,24.581,61.544,6.779,17.768,3.814,33.171,18.187,14.984,14.334,24.908,60.748,4.432,20.568,4.635,31.102,19.152,11.95
35080,Oxford,24.895,29.588,45.511,9.563,23.142,2.212,10.6,7.156,3.449,26.23,29.135,44.635,13.436,20.084,2.018,9.109,5.878,3.219,23.606,30.037,46.357,5.811,26.095,2.41,12.051,8.379,3.66
35081,Parkdale--High Park,13.312,20.284,66.404,4.707,15.45,4.351,41.901,24.543,17.364,13.361,20.724,65.902,6.023,15.075,4.273,40.531,22.788,17.743,13.265,19.882,66.853,3.5,15.789,4.422,43.142,26.136,17.018
35082,Parry Sound--Muskoka,22.273,28.456,49.258,11.137,21.587,2.987,13.542,8.437,5.098,23.562,26.597,49.867,16.843,18.195,2.968,11.861,7.355,4.492,21.034,30.268,48.685,5.584,24.89,3.018,15.192,9.505,5.7
35083,Perth--Wellington,28.507,29.65,41.843,9.47,19.345,2.015,11.007,7.431,3.576,30.589,28.49,40.921,13.492,16.023,2.148,9.27,5.839,3.432,26.508,30.769,42.723,5.603,22.555,1.887,12.678,8.974,3.716
35084,Peterborough--Kawartha,19.505,28.307,52.188,9.467,22.92,2.657,17.143,10.033,7.116,19.639,29.231,51.141,13.448,19.237,2.227,16.218,8.962,7.245,19.394,27.465,53.141,5.815,26.292,3.042,17.992,11.004,6.988
35085,Pickering--Uxbridge,14.838,29.905,55.257,6.895,22.363,4.658,21.342,14.302,7.04,15.321,29.197,55.482,9.832,20.67,4.841,20.139,13.021,7.106,14.387,30.565,55.058,4.152,23.932,4.497,22.465,15.498,6.967
35086,Renfrew--Nipissing--Pembroke,21.554,31.123,47.317,10.189,22.599,2.149,12.374,8.148,4.232,23.366,31.54,45.094,14.783,17.287,1.842,11.171,7.042,4.129,19.761,30.713,49.515,5.671,27.824,2.451,13.557,9.235,4.333
35087,Richmond Hill,13.895,22.179,63.931,4.966,14.817,6.148,37.989,23.291,14.703,13.086,20.883,66.031,6.503,12.916,5.754,40.847,23.63,17.217,14.636,23.365,62.01,3.55,16.556,6.519,35.375,22.971,12.414
35088,Carleton,12.008,24.912,63.073,5.939,22.61,3.544,30.981,19.231,11.75,12.924,23.876,63.185,7.978,21.758,3.293,30.142,17.871,12.286,11.113,25.944,62.972,3.946,23.446,3.789,31.791,20.565,11.212
35089,St. Catharines,20.728,30.037,49.235,8.899,21.208,3.054,16.08,9.863,6.216,20.85,29.093,50.046,12.434,18.806,2.718,16.088,9.854,6.223,20.598,30.886,48.506,5.731,23.351,3.345,16.08,9.871,6.2
35090,Toronto--St. Paul's,10.31,17.517,72.179,3.944,13.752,5.038,49.45,28.714,20.742,10.779,17.829,71.379,5.272,12.36,4.075,49.673,27.892,21.78,9.923,17.25,72.827,2.839,14.909,5.811,49.267,29.381,19.886
35091,Sarnia--Lambton,17.868,31.803,50.33,11.406,23.846,2.353,12.73,8.292,4.444,17.844,28.93,53.214,17.55,21.269,2.065,12.353,7.661,4.693,17.879,34.502,47.619,5.622,26.279,2.623,13.084,8.884,4.2
35092,Sault Ste. Marie,20.312,28.258,51.43,10.218,23.07,3.019,15.116,10.414,4.702,20.136,26.541,53.323,15.317,21.178,2.734,14.063,8.943,5.121,20.486,29.842,49.672,5.488,24.815,3.282,16.073,11.758,4.315
35093,Scarborough--Agincourt,20.673,27.718,51.615,4.612,15.022,6.701,25.279,16.744,8.536,19.613,26.94,53.459,5.378,14.222,6.136,27.71,17.651,10.047,21.621,28.395,49.995,3.935,15.74,7.189,23.131,15.931,7.2
35094,Scarborough Centre,21.32,30.166,48.52,6.762,16.461,5.994,19.292,12.744,6.553,20.611,30.144,49.246,9.269,14.85,5.677,19.449,12.251,7.198,21.95,30.194,47.867,4.523,17.909,6.265,19.16,13.183,5.977
35095,Scarborough--Guildwood,19.737,29.146,51.123,6.242,17.602,5.358,21.916,13.619,8.304,18.519,28.891,52.603,8.12,15.411,5.491,23.556,13.585,9.984,20.824,29.375,49.79,4.55,19.564,5.25,20.439,13.649,6.778
35096,Scarborough North,22.754,28.207,49.039,4.951,14.253,6.441,23.4,16.372,7.028,21.291,27.574,51.122,6.644,13.214,5.996,25.268,17.502,7.779,24.107,28.795,47.097,3.386,15.204,6.842,21.677,15.331,6.335
35097,Scarborough--Rouge Park,15.795,28.003,56.202,6.855,19.538,6.736,23.078,15.029,8.055,15.466,27.575,56.972,9.013,18.075,6.728,23.156,14.929,8.239,16.104,28.4,55.496,4.884,20.864,6.743,23.005,15.118,7.888
35098,Scarborough Southwest,19.585,28.624,51.786,6.343,17.527,5.061,22.861,14.442,8.418,19.214,28.736,52.05,8.697,15.611,4.694,23.047,13.683,9.377,19.916,28.535,51.549,4.176,19.282,5.398,22.692,15.139,7.542
35099,Simcoe--Grey,19.531,30.333,50.137,10.172,21.951,3.198,14.82,9.705,5.11,20.764,29.151,50.086,14.816,18.678,2.867,13.725,8.954,4.771,18.35,31.47,50.17,5.694,25.095,3.517,15.864,10.418,5.446
35100,Simcoe North,21.868,28.893,49.244,11.764,22.831,2.22,12.423,7.767,4.656,23.128,27.101,49.771,16.384,19.831,2.13,11.438,6.755,4.683,20.699,30.561,48.751,7.45,25.64,2.315,13.345,8.725,4.631
35101,Spadina--Fort York,9.193,15.825,74.975,2.983,13.284,4.521,54.181,35.181,19,8.718,16.587,74.695,3.729,12.964,4.061,53.941,35.284,18.67,9.664,15.087,75.249,2.258,13.603,4.963,54.425,35.097,19.341
35102,Stormont--Dundas--South Glengarry,24.007,30.188,45.805,10.908,22.534,2.33,10.027,6.471,3.562,25.544,29.693,44.763,14.896,18.425,2,9.43,5.752,3.677,22.555,30.656,46.789,7.139,26.418,2.63,10.591,7.139,3.452
35103,Sudbury,21.164,23.879,54.951,9.446,25.096,2.311,18.104,11.347,6.757,21.386,22.57,56.044,13.449,23.646,1.851,17.098,10.414,6.684,20.973,25.078,53.949,5.789,26.413,2.72,19.014,12.202,6.812
35104,Thornhill,12.577,21.16,66.263,4.513,15.134,6.617,40,23.546,16.454,12.551,20.929,66.52,5.524,12.828,6.345,41.835,23.633,18.179,12.611,21.371,66.028,3.597,17.245,6.866,38.32,23.455,14.865
35105,Thunder Bay--Rainy River,23.527,27.309,49.156,11.331,22.145,2.305,13.375,8.756,4.618,23.568,26.41,50.022,17.378,18.717,2.187,11.724,7.276,4.464,23.492,28.173,48.349,5.549,25.413,2.433,14.954,10.174,4.795
35106,Thunder Bay--Superior North,22.7,23.386,53.921,11.449,22.306,2.636,17.523,10.711,6.812,22.629,23.12,54.25,17.731,17.984,2.456,16.079,9.007,7.072,22.768,23.642,53.604,5.416,26.465,2.794,18.928,12.351,6.577
35107,Timmins--James Bay,29.734,23.556,46.718,12.312,23.245,1.734,9.419,6.504,2.93,29.631,21.76,48.61,18.751,20.529,1.596,7.719,5.121,2.614,29.833,25.336,44.832,5.915,25.924,1.871,11.106,7.877,3.244
35108,Toronto Centre,9.722,20.775,69.509,3.762,14.667,4.735,46.34,28.422,17.918,9.314,21.578,69.108,4.373,13.803,4.501,46.442,27.988,18.454,10.187,19.847,69.953,3.067,15.649,5.014,46.236,28.916,17.307
35109,Toronto--Danforth,18.835,20.88,60.291,4.493,15.387,4.436,35.969,23.167,12.807,18.59,22.073,59.313,6.149,14.739,4.052,34.396,22.346,12.05,19.054,19.757,61.212,2.945,15.997,4.808,37.45,23.94,13.521
35110,University--Rosedale,11.483,18.466,70.051,2.664,9.985,4.074,53.328,28.905,24.417,11.317,19.084,69.587,3.538,9.475,3.696,52.902,28.547,24.343,11.637,17.893,70.482,1.865,10.457,4.425,53.723,29.237,24.486
35111,Vaughan--Woodbridge,24.868,25.419,49.719,7.177,17.703,4.773,20.054,12.536,7.524,24.985,24.727,50.301,10.217,16.84,4.906,18.325,11.603,6.734,24.746,26.088,49.165,4.296,18.513,4.657,21.7,13.424,8.276
35112,Waterloo,13.758,24.183,62.065,5.484,16.345,3.749,36.487,20.845,15.641,13.653,23.712,62.646,7.623,14.823,3.413,36.799,20.384,16.403,13.868,24.649,61.482,3.405,17.839,4.077,36.161,21.291,14.882
35113,Wellington--Halton Hills,17.096,28.445,54.454,7.999,22.148,3.583,20.734,13.246,7.482,18.475,27.311,54.214,11.884,20.235,3.18,18.904,11.664,7.24,15.749,29.553,54.698,4.193,24.027,3.967,22.511,14.793,7.719
35114,Whitby,14.385,27.476,58.14,5.998,25.318,3.846,22.982,15.411,7.566,14.839,27.66,57.501,8.679,23.757,3.838,21.228,13.89,7.338,13.972,27.313,58.735,3.488,26.785,3.844,24.619,16.829,7.789
35115,Willowdale,8.681,20.437,70.877,3.398,11.71,6.896,48.878,28.863,20.021,7.951,20.082,71.967,3.926,10.815,6.757,50.47,28.619,21.851,9.35,20.745,69.914,2.92,12.496,7.02,47.468,29.073,18.395
35116,Windsor--Tecumseh,17.487,31.695,50.824,8.3,21.396,3.568,17.566,10.776,6.784,17.401,31.456,51.143,11.869,18.704,3.257,17.313,10.147,7.177,17.555,31.91,50.525,5.058,23.833,3.859,17.795,11.357,6.438
35117,Windsor West,20.551,30.052,49.397,6.424,17.931,3.747,21.294,11.991,9.298,19.404,29.982,50.614,8.174,17.021,3.804,21.616,11.23,10.396,21.64,30.111,48.259,4.777,18.806,3.694,20.992,12.723,8.259
35118,York Centre,22.011,23.633,54.356,6.016,15.935,5.668,26.737,14.842,11.888,22.245,24.252,53.503,8.274,13.583,4.907,26.725,14.528,12.21,21.82,23.097,55.105,4.064,17.98,6.326,26.735,15.114,11.621
35119,York--Simcoe,21.41,31.175,47.421,10.269,21.613,2.503,13.028,8.946,4.083,23.071,29.955,46.987,14.905,19.001,2.088,10.967,7.215,3.753,19.776,32.376,47.861,5.695,24.184,2.899,15.07,10.662,4.421
35120,York South--Weston,29.617,29.612,40.771,6.739,16.768,3.812,13.446,9.005,4.441,29.378,30.141,40.47,8.653,15.504,3.58,12.734,8.63,4.104,29.818,29.147,41.036,5.058,17.879,4.016,14.083,9.335,4.748
35121,Humber River--Black Creek,30.938,31.223,37.839,6.744,14.727,3.398,12.976,8.338,4.632,28.959,32.142,38.911,8.662,13.134,3.649,13.478,8.502,4.988,32.718,30.397,36.874,5.018,16.16,3.172,12.535,8.202,4.322
46001,Brandon--Souris,23.413,29.371,47.216,11.473,17.845,3.745,14.153,9.796,4.365,26.645,30.28,43.091,14.133,13.126,3.022,12.779,7.885,4.895,20.367,28.514,51.149,8.953,22.322,4.432,15.458,11.608,3.85
46002,Charleswood--St. James--Assiniboia--Headingley,16.51,30.513,52.977,9.18,18.811,4.483,20.512,14.173,6.339,16.865,30.175,52.96,12.058,16.803,4.035,20.065,13.588,6.493,16.184,30.823,52.993,6.539,20.638,4.894,20.922,14.723,6.199
46003,Churchill--Keewatinook Aski,51.365,19.91,28.725,7.92,10.824,2.191,7.79,5.686,2.104,53.227,19.053,27.721,11.38,8.411,1.716,6.196,4.325,1.888,49.436,20.772,29.757,4.352,13.284,2.66,9.426,7.082,2.343
46004,Dauphin--Swan River--Neepawa,35.295,25.009,39.703,10.078,16.388,3.411,9.818,7.306,2.512,39.255,24.256,36.504,12.666,12.008,3.185,8.659,6.116,2.557,31.368,25.754,42.863,7.535,20.73,3.65,10.963,8.496,2.482
46005,Elmwood--Transcona,24.313,32.053,43.641,10.157,17.077,3.453,12.948,9.243,3.697,24.675,31.324,44.001,13.667,15.16,3.236,11.939,8.171,3.768,23.966,32.74,43.294,6.84,18.893,3.658,13.903,10.259,3.658
46006,Kildonan--St. Paul,20.439,29.353,50.208,9.389,17.154,4.42,19.245,13.334,5.903,19.912,27.664,52.44,13.416,16.193,4.001,18.845,12.459,6.402,20.914,30.872,48.228,5.781,18.031,4.81,19.606,14.135,5.471
46007,Portage--Lisgar,33.504,27.074,39.414,10.291,14.328,3.869,10.911,7.722,3.204,36.025,27.038,36.937,12.591,10.843,3.759,9.745,6.404,3.341,31.04,27.109,41.836,8.044,17.75,3.976,12.05,8.996,3.054
46008,Provencher,28.264,29.412,42.316,11.816,15.851,3.468,11.182,8.152,3.03,30.361,27.599,42.025,15.786,13.247,3.106,9.901,6.676,3.226,26.112,31.264,42.608,7.766,18.529,3.837,12.49,9.677,2.813
46009,Saint Boniface--Saint Vital,18.133,28.603,53.264,8.888,16.545,4.568,23.27,15.343,7.927,19.255,27.644,53.085,11.353,14.742,4.073,22.903,14.711,8.191,17.1,29.457,53.428,6.619,18.206,5.024,23.594,15.911,7.683
46010,Selkirk--Interlake--Eastman,26.637,27.392,45.971,13.543,18.041,3.437,10.95,7.52,3.437,28.398,26.328,45.274,17.897,14.655,3.174,9.575,6.197,3.364,24.878,28.441,46.681,9.208,21.423,3.713,12.337,8.841,3.496
46011,Winnipeg Centre,23.755,27.678,48.567,8.804,13.808,4.317,21.616,14.835,6.788,24.224,28.624,47.151,10.576,11.857,3.736,20.982,13.772,7.226,23.3,26.746,49.969,7.03,15.776,4.913,22.265,15.915,6.35
46012,Winnipeg North,28.967,28.8,42.233,8.82,14.029,4.744,14.654,10.52,4.127,29.577,29.428,41.01,11.163,12.361,4.435,13.066,9.305,3.746,28.382,28.227,43.391,6.616,15.602,5.036,16.138,11.652,4.486
46013,Winnipeg South,13.503,26.875,59.615,6.227,16.656,5.713,31.026,19.18,11.839,13.358,27.312,59.33,7.848,15.473,5.123,30.886,17.736,13.15,13.641,26.48,59.907,4.697,17.775,6.272,31.149,20.56,10.603
46014,Winnipeg South Centre,13.056,25.151,61.793,5.515,14.227,4.863,37.187,22.598,14.589,14.506,24.927,60.567,7.058,12.7,3.918,36.89,20.884,16.007,11.751,25.353,62.908,4.126,15.614,5.701,37.455,24.141,13.327
47001,Battlefords--Lloydminster,29.724,27.998,42.269,12.573,16.504,3.941,9.251,7.253,1.998,33.533,28.475,38.01,16.242,11.615,3.11,7.063,5.133,1.911,25.926,27.524,46.55,8.893,21.414,4.775,11.45,9.363,2.106
47002,Cypress Hills--Grasslands,25.866,30.35,43.793,13.081,17.098,4.122,9.492,7.121,2.361,28.848,31.766,39.386,17.002,11.391,3.127,7.847,5.345,2.502,22.839,28.921,48.259,9.124,22.858,5.126,11.151,8.914,2.238
47003,Desnethe--Missinippi--Churchill River,47.62,21.549,30.842,10.26,10.904,2.672,7.006,5.301,1.705,51.284,20.171,28.545,14.366,7.538,2.005,4.657,3.028,1.629,43.966,22.915,33.119,6.21,14.262,3.333,9.336,7.555,1.759
47004,Carlton Trail--Eagle Creek,25.814,27.886,46.308,13.699,17.743,3.565,11.301,8.632,2.669,28.426,29.176,42.398,17.755,12.509,3.105,9.011,6.62,2.391,23.128,26.56,50.33,9.49,23.128,4.038,13.675,10.701,2.955
47005,Moose Jaw--Lake Centre--Lanigan,23.962,27.762,48.276,15.412,18.041,3.939,10.875,8.091,2.793,25.589,28.842,45.585,19.98,12.917,2.665,10.056,7.162,2.878,22.35,26.682,50.968,10.847,23.187,5.218,11.733,8.992,2.724
47006,Prince Albert,28.29,27.132,44.579,13.553,16.051,3.787,11.18,8.576,2.604,30.106,27.263,42.648,18.295,11.13,3.063,10.16,7.794,2.383,26.596,27.024,46.38,9.13,20.641,4.478,12.115,9.305,2.826
47007,Regina--Lewvan,14.738,30.394,54.869,10.432,16.404,5.054,22.978,16.867,6.119,15.297,30.515,54.172,14.802,12.644,4.508,22.203,15.681,6.538,14.213,30.291,55.496,6.339,19.896,5.563,23.699,17.972,5.727
47008,Regina--Qu'Appelle,28.621,30.48,40.908,12.446,13.909,4.108,10.445,8.197,2.248,30.837,29.903,39.224,17.08,10.291,3.305,8.549,6.466,2.101,26.458,31.026,42.516,7.977,17.391,4.897,12.251,9.863,2.388
47009,Regina--Wascana,17.716,28.427,53.872,8.675,14.472,4.946,25.779,18.774,7.005,18.556,27.792,53.652,11.988,11.89,3.603,26.187,18.457,7.73,16.922,29.022,54.057,5.548,16.906,6.197,25.39,19.054,6.336
47010,Saskatoon--Grasswood,15.272,26.224,58.496,9.314,16.992,4.562,27.628,18.803,8.824,16.065,27.492,56.461,12.591,11.931,3.63,28.291,17.888,10.386,14.545,25.06,60.379,6.309,21.619,5.417,27.019,19.643,7.376
47011,Saskatoon--University,12.491,26.364,61.145,9.035,16.598,5,30.512,19.974,10.538,13.977,28.347,57.677,11.863,12.305,4.227,29.297,17.729,11.552,11.06,24.456,64.468,6.327,20.748,5.727,31.698,22.121,9.561
47012,Saskatoon West,23.79,29.058,47.16,13.247,15.671,3.248,14.986,11.071,3.916,24.182,30.202,45.632,17.032,11.737,2.614,14.283,10.523,3.777,23.416,27.979,48.605,9.627,19.448,3.854,15.659,11.611,4.048
47013,Souris--Moose Mountain,27.849,31.129,41.013,14.542,14.524,3.556,8.4,6.72,1.689,30.844,31.384,37.772,19.025,9.173,2.82,6.736,5.152,1.584,24.737,30.857,44.406,9.844,20.124,4.304,10.116,8.355,1.762
47014,Yorkton--Melville,31.222,28.554,40.224,14.502,13.575,3.474,8.663,6.965,1.698,33.007,29.27,37.723,19.473,8.418,2.323,7.51,5.536,1.956,29.465,27.849,42.668,9.61,18.652,4.607,9.782,8.372,1.444
48001,Banff--Airdrie,14.891,26.189,58.92,11.179,21.738,4.184,21.813,15.376,6.437,15.866,24.932,59.215,16.411,18.652,3.765,20.374,13.958,6.403,13.914,27.455,58.619,5.912,24.829,4.605,23.273,16.801,6.472
48002,Battle River--Crowfoot,25.131,28.576,46.281,14.662,19.085,2.655,9.88,7.498,2.388,27.017,26.896,46.075,21.413,14.638,1.727,8.309,5.713,2.609,23.242,30.26,46.485,7.837,23.597,3.595,11.468,9.292,2.164
48003,Bow River,24.888,29.148,45.964,12.53,18.682,3.027,11.725,9.101,2.631,26.291,28.477,45.245,18.411,14.737,2.316,9.794,7.22,2.575,23.436,29.853,46.724,6.417,22.79,3.78,13.736,11.045,2.691
48004,Calgary Centre,9.867,20.728,69.406,6.567,15.361,4.96,42.513,29.859,12.653,9.833,21.11,69.047,8.636,13.733,4.684,42.004,29.488,12.515,9.902,20.315,69.783,4.403,17.061,5.26,43.059,30.26,12.798
48005,Calgary Confederation,10.896,20.857,68.247,6.296,16.735,4.605,40.616,25.688,14.923,11.387,20.08,68.533,8.861,14.671,3.789,41.212,25.247,15.965,10.417,21.62,67.963,3.741,18.791,5.418,40.013,26.127,13.886
48006,Calgary Forest Lawn,28.859,30.708,40.427,10.695,14.067,4.069,11.608,8.315,3.287,28.145,29.728,42.139,15.265,12.299,3.936,10.627,7.348,3.267,29.62,31.736,38.644,5.891,15.909,4.196,12.636,9.328,3.308
48007,Calgary Heritage,11.541,24.764,63.696,7.506,18.895,6.043,31.246,21.545,9.695,12.624,23.715,63.66,10.152,16.493,5.357,31.67,21.117,10.541,10.502,25.775,63.723,4.958,21.226,6.707,30.832,21.957,8.887
48008,Calgary Midnapore,14.196,26.599,59.205,9.291,19.318,5.57,25.032,18.011,7.021,14.134,25.382,60.495,12.808,17.345,5.05,25.281,17.724,7.558,14.27,27.803,57.938,5.809,21.256,6.073,24.788,18.286,6.502
48009,Calgary Nose Hill,16.304,25.428,58.267,7.225,17.259,5.742,28.041,19.647,8.394,15.629,24.745,59.649,10.01,15.468,5.137,29.033,19.287,9.747,16.966,26.088,56.946,4.55,18.993,6.324,27.079,19.985,7.095
48010,Calgary Rocky Ridge,9.919,21.415,68.671,6.317,18.571,6.246,37.544,25.456,12.088,10.417,20.422,69.161,8.78,16.626,5.615,38.128,25.115,13,9.443,22.35,68.208,3.962,20.426,6.836,36.983,25.756,11.227
48011,Calgary Shepard,16.142,26.787,57.076,10.383,20.889,4.828,20.982,15.648,5.328,17.048,25.918,57.034,15.142,18.237,4.424,19.242,13.987,5.255,15.212,27.669,57.108,5.555,23.579,5.25,22.735,17.344,5.403
48012,Calgary Signal Hill,11.793,21.174,67.033,6.818,17.69,5.482,37.044,25.072,11.972,11.75,20.949,67.301,9.354,15.128,4.372,38.448,25.368,13.079,11.832,21.391,66.778,4.469,20.071,6.509,35.729,24.806,10.934
48013,Calgary Skyview,21.42,29.017,49.57,8.65,15.838,5.275,19.802,13.353,6.442,21.102,28.712,50.186,11.475,14.368,4.873,19.481,12.976,6.506,21.732,29.317,48.963,5.825,17.33,5.68,20.128,13.748,6.38
48014,Edmonton Centre,14.792,25.679,59.524,8.461,17.18,4.995,28.883,19.299,9.584,14.417,25.756,59.827,12.052,16.08,4.633,27.084,17.408,9.665,15.178,25.611,59.211,4.778,18.311,5.367,30.744,21.244,9.5
48015,Edmonton Griesbach,28.354,28.313,43.339,12.354,16.487,3.386,11.101,7.681,3.42,27.161,27.025,45.813,18.244,13.649,2.87,11.062,7.386,3.676,29.587,29.67,40.742,6.2,19.464,3.936,11.143,8.001,3.153
48016,Edmonton Manning,21.922,29.178,48.901,10.946,19.54,4.415,13.988,10.009,3.985,20.887,29.023,50.078,16.392,16.921,3.786,12.979,8.989,3.99,22.927,29.323,47.739,5.703,22.059,5.02,14.968,10.989,3.979
48017,Edmonton Mill Woods,19.534,28.473,51.999,9.983,17.469,5.217,19.33,13.093,6.237,18.5,27.223,54.289,15.29,15.168,5.222,18.609,11.909,6.712,20.538,29.7,49.75,4.772,19.741,5.224,20.026,14.255,5.759
48018,Edmonton Riverbend,10.67,21.246,68.084,6.16,16.801,6.399,38.724,23.299,15.424,10.657,20.413,68.929,8.867,14.838,5.707,39.529,21.987,17.542,10.681,22.021,67.287,3.606,18.653,7.053,37.975,24.549,13.437
48019,Edmonton Strathcona,11.924,24.102,63.974,9.371,15.285,4.135,35.184,21.357,13.833,11.596,23.304,65.112,14.355,13.749,3.263,33.733,19.457,14.276,12.258,24.915,62.839,4.314,16.834,5.019,36.661,23.287,13.374
48020,Edmonton West,16.542,26.766,56.698,9.181,19.141,5.086,23.278,16.342,6.942,17.369,25.545,57.074,13.517,16.558,4.082,22.917,15.395,7.522,15.747,27.924,56.318,5.073,21.588,6.037,23.62,17.239,6.404
48021,Edmonton--Wetaskiwin,19.048,27.429,53.517,13.151,18.758,4.289,17.319,12.763,4.562,19.505,25.503,54.981,19.958,16.436,3.51,15.065,10.496,4.568,18.602,29.346,52.051,6.363,21.071,5.065,19.576,15.021,4.543
48022,Foothills,17.616,27.391,55,12.613,20.053,3.942,18.386,12.758,5.633,18.992,24.896,56.111,17.797,16.797,3.257,18.261,11.979,6.294,16.255,29.857,53.901,7.488,23.273,4.63,18.522,13.529,4.992
48023,Fort McMurray--Cold Lake,20.637,25.262,54.101,16.044,19.509,3.168,15.374,10.88,4.494,19.654,23.294,57.051,24.256,17.102,2.518,13.175,9.02,4.155,21.788,27.59,50.622,6.37,22.356,3.936,17.974,13.078,4.882
48024,Grande Prairie--Mackenzie,27.122,28.466,44.412,14.368,17.971,2.412,9.673,7.439,2.24,28.321,27.282,44.397,22.067,13.367,1.444,7.507,5.394,2.112,25.853,29.707,44.44,6.204,22.833,3.437,11.954,9.591,2.388
48025,Lakeland,27.52,27.19,45.296,14.586,18.361,2.885,9.458,7.352,2.106,29.306,25.144,45.55,20.982,14.849,2.032,7.7,5.582,2.118,25.682,29.311,45.02,7.956,22.015,3.756,11.28,9.187,2.094
48026,Lethbridge,19.262,29.47,51.268,10.488,20.012,2.845,17.923,12.643,5.286,20.732,28.5,50.756,14.659,17.012,2.341,16.756,10.902,5.854,17.86,30.395,51.756,6.512,22.872,3.314,19.047,14.302,4.744
48027,Medicine Hat--Cardston--Warner,24.483,28.745,46.773,12.819,19.565,2.971,11.411,8.518,2.893,26.428,27.599,45.973,18.242,15.122,2.053,10.582,7.041,3.527,22.579,29.871,47.55,7.548,23.884,3.876,12.23,9.953,2.277
48028,Peace River--Westlock,34.909,26.224,38.867,13.607,14.968,2.326,7.966,5.968,2.004,37.25,23.093,39.632,20.365,11.38,1.518,6.369,4.542,1.814,32.453,29.491,38.055,6.555,18.712,3.168,9.646,7.444,2.202
48029,Red Deer--Mountain View,20.622,27.48,51.892,13.832,21.303,3.653,13.105,9.446,3.664,21.838,26.948,51.214,20.416,17.214,2.439,11.145,7.329,3.803,19.44,28.003,52.558,7.372,25.303,4.843,15.028,11.512,3.516
48030,Red Deer--Lacombe,25.717,27.474,46.803,14.664,18.953,3.077,10.114,7.577,2.531,27.088,26.246,46.667,21.399,14.175,2.4,8.703,5.813,2.89,24.34,28.71,46.95,7.931,23.737,3.766,11.527,9.342,2.185
48031,St. Albert--Edmonton,15.996,27.734,56.27,10.423,20.648,5.256,19.949,14.495,5.448,16.094,26.816,57.09,15.689,18.633,4.392,18.388,12.512,5.876,15.902,28.596,55.489,5.414,22.564,6.079,21.433,16.381,5.052
48032,Sherwood Park--Fort Saskatchewan,14.933,26.702,58.365,14.179,21.161,4.415,18.605,13.768,4.831,14.878,23.977,61.156,21.598,19.082,3.819,16.669,11.785,4.873,14.988,29.393,55.608,6.861,23.226,5.003,20.517,15.738,4.779
48033,Sturgeon River--Parkland,20.268,28.264,51.468,16.161,20.511,2.924,11.866,9.142,2.724,21.127,25.598,53.275,24.624,16.356,2.283,9.999,7.211,2.788,19.39,30.99,49.62,7.533,24.743,3.564,13.78,11.11,2.67
48034,Yellowhead,26.932,29.232,43.836,16.366,16.904,2.499,8.067,6.03,2.038,28.09,27.218,44.667,23.983,12.968,1.344,6.372,4.505,1.867,25.69,31.37,42.94,8.282,21.067,3.738,9.853,7.661,2.206
59001,Abbotsford,20.669,31.169,48.162,11.691,16.326,5.994,14.151,8.487,5.664,21.347,30.631,48.023,15.656,13.625,4.822,13.906,7.587,6.332,20.045,31.675,48.304,7.963,18.852,7.109,14.381,9.332,5.036
59002,Burnaby North--Seymour,12.546,26.448,61.012,7.774,17.063,6.85,29.325,19.065,10.261,12.078,25.003,62.919,10.311,16.035,5.978,30.618,19.436,11.182,12.994,27.843,59.175,5.355,18.048,7.685,28.075,18.697,9.389
59003,Burnaby South,13.007,23.778,63.215,7.428,15.681,7.921,32.18,21.249,10.926,11.822,23.311,64.867,9.612,15.057,7.805,32.393,21.02,11.362,14.103,24.209,61.689,5.415,16.246,8.038,31.99,21.458,10.532
59004,Cariboo--Prince George,23.958,30.922,45.125,13.438,16.691,3.419,11.571,7.455,4.116,25.443,28.647,45.91,19.918,13.202,2.643,10.136,6.063,4.084,22.465,33.174,44.35,6.972,20.175,4.192,12.998,8.84,4.147
59005,Central Okanagan--Similkameen--Nicola,18.914,28.292,52.794,14.67,20.337,5.054,12.727,8.273,4.454,19.2,27.911,52.878,20.353,16.245,3.861,12.419,7.604,4.815,18.639,28.646,52.715,9.396,24.145,6.173,13.012,8.893,4.119
59006,Chilliwack--Hope,21.401,31.303,47.296,13.6,17.223,6.029,10.443,6.739,3.704,23.617,29.621,46.748,19.054,13.105,4.895,9.707,5.922,3.786,19.293,32.903,47.817,8.4,21.126,7.121,11.157,7.53,3.613
59007,Cloverdale--Langley City,14.844,31.263,53.892,11.45,18.944,6.638,16.847,11.431,5.429,16.073,29.639,54.288,16.827,16.307,5.756,15.385,10.2,5.185,13.676,32.791,53.52,6.404,21.425,7.48,18.235,12.576,5.647
59008,Coquitlam--Port Coquitlam,12.498,28.928,58.574,9.412,18.316,6.304,24.542,15.976,8.572,13.241,27.684,59.087,13.058,15.759,5.596,24.685,15.244,9.43,11.814,30.091,58.095,6.003,20.706,6.956,24.43,16.651,7.769
59009,Courtenay--Alberni,20.158,27.666,52.17,14.304,19.602,4.704,13.566,8.428,5.132,21.522,25.961,52.529,19.998,15.868,3.368,13.295,7.939,5.356,18.887,29.28,51.833,8.961,23.113,5.97,13.81,8.878,4.932
59010,Cowichan--Malahat--Langford,18.017,29.937,52.046,13.359,19.353,4.59,14.738,9.858,4.886,19.618,29.384,50.985,18.848,15.273,3.638,13.226,8.35,4.876,16.497,30.462,53.053,8.146,23.227,5.495,16.185,11.29,4.907
59011,Delta,15.748,29.637,54.621,9.429,18.652,5.869,20.67,12.99,7.686,15.559,28.691,55.751,13.592,16.107,5.315,20.749,13.045,7.705,15.927,30.536,53.537,5.447,21.089,6.397,20.591,12.936,7.655
59012,Fleetwood--Port Kells,18.309,30.949,50.747,7.761,14.648,7.829,20.503,13.402,7.107,17.896,31.255,50.849,10.207,13.082,7.239,20.333,12.816,7.528,18.714,30.646,50.651,5.437,16.145,8.392,20.677,13.972,6.705
59013,Kamloops--Thompson--Cariboo,19.033,30.467,50.505,14.211,16.211,5.735,14.343,9.537,4.806,20.888,29.262,49.85,20.537,12.142,4.399,12.762,8.085,4.677,17.239,31.633,51.128,8.095,20.144,7.027,15.861,10.93,4.941
59014,Kelowna--Lake Country,15.791,28.315,55.899,13.556,20.74,4.68,16.923,10.711,6.212,16.738,27.149,56.112,18.598,17.113,3.833,16.557,9.515,7.031,14.9,29.407,55.693,8.808,24.135,5.485,17.276,11.822,5.443
59015,Kootenay--Columbia,18.564,27.589,53.847,14.522,20.193,3.687,15.452,10.209,5.243,19.552,26.696,53.752,20.801,15.637,2.79,14.524,9.135,5.4,17.571,28.497,53.944,8.215,24.78,4.588,16.373,11.288,5.085
59016,Langley--Aldergrove,16.265,31.076,52.653,12.698,18.136,5.872,15.945,10.145,5.806,17.603,28.956,53.453,18.666,15.256,4.88,14.639,8.894,5.757,15.001,33.093,51.918,6.999,20.89,6.81,17.208,11.354,5.854
59017,Mission--Matsqui--Fraser Canyon,23.784,30.394,45.815,13.311,15.568,5.327,11.601,6.421,5.18,24.367,29.994,45.625,18.05,12.282,4.418,10.861,5.571,5.29,23.205,30.777,46.004,8.606,18.846,6.231,12.336,7.265,5.071
59018,Nanaimo--Ladysmith,16.341,28.032,55.627,13.447,19.37,6.043,16.762,10.501,6.266,17.386,27.144,55.46,18.892,15.933,4.809,15.815,9.328,6.487,15.365,28.851,55.783,8.371,22.581,7.195,17.646,11.597,6.06
59019,New Westminster--Burnaby,14.255,25.593,60.157,9.398,18.599,6.507,25.664,16.774,8.89,14.436,26.108,59.479,12.019,16.54,6.256,24.642,15.533,9.12,14.081,25.109,60.809,6.886,20.551,6.747,26.625,17.957,8.669
59020,North Okanagan--Shuswap,20.049,29.671,50.279,15.333,18.972,4.124,11.852,7.723,4.129,20.927,27.896,51.187,21.244,14.93,3.121,11.891,7.266,4.625,19.229,31.331,49.45,9.815,22.74,5.07,11.815,8.16,3.654
59021,North Vancouver,9.914,23.486,66.599,7.96,18.185,7.277,33.171,20.91,12.262,10.209,22.517,67.263,10.622,16.735,6.573,33.333,20.108,13.226,9.646,24.365,65.99,5.542,19.5,7.917,33.031,21.646,11.385
59022,Pitt Meadows--Maple Ridge,15.783,31.626,52.591,13.876,21.051,5.169,12.495,7.905,4.59,16.615,29.726,53.672,19.647,17.787,4.42,11.831,7.263,4.568,14.992,33.453,51.554,8.389,24.178,5.871,13.142,8.53,4.612
59023,Port Moody--Coquitlam,12.064,26.87,61.065,9.874,18.094,6.699,26.392,16.681,9.711,11.938,25.919,62.155,14.118,16.469,6.117,25.439,15.944,9.496,12.188,27.797,60.004,5.755,19.676,7.255,27.319,17.387,9.932
59024,Prince George--Peace River--Northern Rockies,25.25,29.282,45.469,16.069,17.375,2.779,9.246,6.397,2.85,26.924,26.809,46.256,23.134,13.525,2.097,7.512,4.942,2.581,23.497,31.876,44.639,8.622,21.421,3.509,11.075,7.93,3.145
59025,Richmond Centre,13.914,27.33,58.768,5.469,13.883,7.886,31.531,21.222,10.309,13.351,26.106,60.556,7.311,12.768,7.311,33.152,21.47,11.682,14.399,28.413,57.188,3.84,14.856,8.382,30.087,20.99,9.096
59026,Esquimalt--Saanich--Sooke,15.062,29.421,55.511,12.086,19.313,4.293,19.826,13,6.825,15.65,28.364,55.997,16.796,16.709,3.809,18.673,11.787,6.886,14.51,30.414,55.066,7.65,21.76,4.748,20.909,14.141,6.768
59027,Saanich--Gulf Islands,12.335,25.966,61.693,10.502,17.426,5.725,28.052,16.333,11.719,12.21,24.797,62.993,14.516,14.434,4.611,29.432,15.81,13.622,12.45,27.044,60.516,6.847,20.154,6.74,26.797,16.811,9.986
59028,Skeena--Bulkley Valley,28.228,27.908,43.857,13.516,15.9,3.433,11.008,7.429,3.579,30.049,25.109,44.842,20.142,12.882,2.415,9.402,6.045,3.357,26.349,30.794,42.843,6.64,19.029,4.474,12.686,8.849,3.837
59029,South Okanagan--West Kootenay,20.569,27.665,51.761,15.7,19.624,3.994,12.448,8.163,4.286,20.877,25.286,53.836,22.504,15.977,2.794,12.55,8.043,4.507,20.279,29.928,49.814,9.257,23.075,5.119,12.353,8.277,4.076
59030,South Surrey--White Rock,11.632,26.841,61.527,8.945,19.599,6.766,26.225,15.145,11.073,12.075,24.865,63.073,12.75,16.784,5.626,27.914,15.434,12.48,11.25,28.611,60.151,5.559,22.116,7.78,24.721,14.888,9.821
59031,Steveston--Richmond East,14.463,28.437,57.088,6.441,14.886,7.679,28.093,19.746,8.341,13.994,27.783,58.224,8.345,13.968,7.016,28.895,19.45,9.457,14.91,29.031,56.059,4.676,15.734,8.291,27.358,20.045,7.325
59032,Surrey Centre,24.106,31.565,44.318,9.188,14.353,6.2,14.582,9.585,5.003,23.527,32.252,44.21,12.558,12.214,5.423,14.014,9.124,4.89,24.693,30.869,44.438,5.782,16.522,6.965,15.17,10.053,5.117
59033,Surrey--Newton,23.365,33.726,42.915,7.048,13.211,6.363,16.305,9.905,6.399,22.685,34.096,43.219,9.259,11.386,6.243,16.318,9.841,6.49,24.02,33.357,42.622,4.907,14.958,6.467,16.292,9.968,6.324
59034,Vancouver Centre,4.881,19.864,75.255,5.763,16.45,6.672,46.375,29.474,16.896,5.516,20.731,73.743,6.961,14.055,6.239,46.469,29.697,16.782,4.192,18.929,76.868,4.474,18.994,7.135,46.264,29.246,17.018
59035,Vancouver East,19.697,23.562,56.741,7.693,15.288,4.953,28.808,19.305,9.503,18.902,24.929,56.158,9.287,15.073,5.043,26.767,18.278,8.477,20.482,22.222,57.307,6.118,15.499,4.875,30.815,20.32,10.517
59036,Vancouver Granville,7.826,20.573,71.601,4.818,14.217,6.961,45.612,27.471,18.141,8.025,19.95,72.038,6.006,12.665,6.746,46.621,27.674,18.947,7.656,21.092,71.231,3.817,15.526,7.144,44.754,27.298,17.456
59037,North Island--Powell River,19.907,28.684,51.403,15.585,18.734,4.165,12.919,8.185,4.74,21.651,25.897,52.44,22.343,14.978,2.756,12.374,7.506,4.856,18.193,31.415,50.38,8.964,22.417,5.547,13.475,8.849,4.614
59038,Vancouver Kingsway,22.379,26.534,51.082,7.819,14.277,5.8,23.187,16.689,6.498,21.373,26.161,52.454,10.46,14.34,5.493,22.161,15.964,6.185,23.308,26.893,49.799,5.35,14.217,6.087,24.146,17.367,6.79
59039,Vancouver Quadra,7.233,18.331,74.436,3.94,12.133,5.709,52.654,27.857,24.796,7.454,18.156,74.39,5.226,10.864,4.778,53.534,26.867,26.655,7.029,18.485,74.475,2.809,13.249,6.526,51.88,28.728,23.164
59040,Vancouver South,21.346,27.984,50.671,6.262,14.183,6.31,23.922,16.831,7.091,19.145,28.593,52.249,8.32,13.607,5.701,24.634,17.166,7.468,23.341,27.416,49.232,4.404,14.704,6.851,23.273,16.536,6.749
59041,Victoria,10.304,23.862,65.829,7.24,16.935,5.927,35.732,21.285,14.448,11.23,24.767,64.004,9.216,14.504,4.94,35.355,19.838,15.517,9.491,23.057,67.443,5.485,19.091,6.803,36.064,22.567,13.497
59042,West Vancouver--Sunshine Coast--Sea to Sky Country,10.7,25.275,64.019,9.566,16.46,6.117,31.882,18.898,12.989,11.779,23.612,64.609,12.981,14.183,4.917,32.528,18.16,14.379,9.686,26.848,63.476,6.323,18.625,7.257,31.26,19.601,11.659
60001,Yukon,18.331,24.204,57.483,12.111,19.949,4.164,21.222,13.948,7.274,20.865,24.173,54.962,17.993,15.849,3.308,17.848,11.269,6.652,15.757,24.236,59.971,6.223,24.09,5.022,24.563,16.667,7.933
61001,Northwest Territories,31.066,20.532,48.386,10.03,18.296,2.283,17.777,12.612,5.18,32.411,19.005,48.585,15.739,15.645,1.804,15.365,11.073,4.292,29.656,22.066,48.214,4.177,21.014,2.774,20.249,14.19,6.091
62001,Nunavut,55.94,13.362,30.699,7.622,12.538,1.223,9.315,6.14,3.176,54.858,13.061,32.035,11.778,10.907,1.192,8.203,5.225,2.979,57.032,13.678,29.29,3.238,14.306,1.305,10.488,7.105,3.383