Geo_Code,FED_Name,TotalVisibleMinPopPct,TotSouthAsianPct,TotChinesePct,TotBlackPct,TotFilipinoPct,TotLatinAmericanPct,TotArabPct,TotSoutheastAsianPct,TotWestAsianPct,TotKoreanPct,TotJapanesePct,TotVisibleMinorityPct,TotMultipleVisibleMinoritiesPct,TotNotVisibleMinorityPct,MaleTotVisibleMinorityPopPct,MaleSouthAsianPct,MaleChinesePct,MaleBlackPct,MaleFilipinoPct,MaleLatinAmericaPct,MaleArabPct,MaleSoutheastAsianPct,MaleWestAsianPct,MaleKoreanPct,MaleJapanesePct,MaleVisibleMinorityPct,MaleMultipleVisibleMinoritiesPct,MaleNotVisibleMinorityPct,FemaleTotalVisibleMinorityPopPct,FemaleSouthAsianPct,FemaleChinesePct,FemaleBlackPct,FemaleFilipinoPct,FemaleLatinAmericanPct,FemaleArabPct,FemaleSoutheastAsianPct,FemaleWestAsianPct,FemaleKoreanPct,FemaleJapanesePct,FemaleVisibleMinorityPct,FemaleMultipleVisibleMinoritiesPct,FemaleNotVisibleMinorityPct
10001,Avalon,0.568,0.112,0.225,0.1,0.056,0,0,0,0,0,0,0,0.019,99.426,0.643,0.126,0.265,0.113,0,0,0,0,0,0,0,0,0,99.369,0.506,0.111,0.185,0.074,0,0,0,0,0,0,0,0,0,99.494
10002,Bonavista--Burin--Trinity,0.606,0.125,0.086,0.118,0,0,0.079,0.046,0,0,0,0.079,0.026,99.394,0.694,0.16,0.107,0.12,0,0,0.093,0,0,0,0,0.093,0,99.306,0.52,0.104,0.078,0.117,0,0,0.065,0,0,0,0,0,0.026,99.48
10003,Coast of Bays--Central--Notre Dame,0.73,0.137,0.274,0.111,0.072,0,0.065,0,0,0,0,0.039,0.013,99.27,0.65,0.186,0.239,0.106,0.027,0,0,0,0,0,0,0,0,99.363,0.819,0.077,0.32,0.128,0.115,0,0.09,0,0,0,0,0,0,99.194
10004,Labrador,1.262,0.49,0.056,0.207,0.226,0.038,0,0,0,0,0,0.075,0,98.738,1.002,0.371,0,0.111,0,0,0,0,0,0,0,0,0,99.035,1.568,0.612,0,0.268,0.229,0,0,0,0,0,0,0.115,0,98.432
10005,Long Range Mountains,0.538,0.179,0.052,0.11,0.075,0,0.046,0,0,0,0,0.023,0.035,99.457,0.582,0.19,0.047,0.107,0.107,0,0,0,0,0,0,0.036,0.024,99.418,0.507,0.18,0.056,0.101,0.056,0,0,0,0,0,0,0,0.056,99.504
10006,St. John's East,4.299,1.305,1.131,0.739,0.106,0.13,0.168,0.248,0.18,0,0.056,0.037,0.168,95.707,5.135,1.537,1.217,0.973,0.128,0.166,0.218,0.371,0.218,0,0.09,0,0.179,94.878,3.499,1.086,1.05,0.507,0.084,0.097,0.133,0.145,0.145,0,0,0,0.157,96.489
10007,St. John's South--Mount Pearl,1.472,0.284,0.266,0.569,0.043,0.043,0.087,0.049,0,0.056,0,0,0,98.535,1.584,0.35,0.273,0.662,0,0.052,0.104,0.078,0,0,0,0,0,98.429,1.37,0.224,0.26,0.484,0.083,0.024,0.071,0,0,0,0,0,0,98.63
11001,Cardigan,1.309,0.155,0.647,0.155,0.028,0,0,0,0.042,0,0,0,0,98.706,1.282,0.199,0.655,0.171,0,0,0,0,0,0,0,0,0,98.746,1.307,0.111,0.64,0.111,0,0,0,0,0,0,0,0,0,98.665
11002,Charlottetown,8.93,1.036,3.917,0.78,0.09,0.39,0.495,0.39,0.946,0.285,0.465,0,0.105,91.055,9.12,1.006,4.447,0.552,0,0.389,0.552,0.519,0.941,0.26,0.162,0,0.13,90.912,8.824,1.089,3.491,0.977,0.084,0.391,0.475,0.307,0.949,0.307,0.698,0,0.112,91.204
11003,Egmont,1.656,0.192,0.37,0.074,0.118,0.237,0,0.192,0,0,0.074,0,0,98.344,1.814,0.242,0,0,0.151,0.242,0,0.212,0,0,0,0,0,98.186,1.505,0.145,0.318,0.174,0,0.231,0,0,0,0,0,0,0,98.495
11004,Malpeque,0.749,0.058,0.49,0.13,0,0,0,0,0,0,0,0,0,99.251,0.558,0,0.441,0.059,0,0,0,0,0,0,0,0,0,99.442,0.904,0.141,0.508,0.198,0,0,0,0,0,0,0,0,0,99.04
12001,Cape Breton--Canso,1.81,0.182,0.202,1.09,0.161,0.074,0.02,0,0,0,0.034,0,0.02,98.197,1.533,0.138,0.166,0.939,0,0.083,0.041,0,0,0,0,0,0,98.481,2.059,0.223,0.223,1.233,0.197,0.079,0,0,0,0,0,0,0.026,97.941
12002,Central Nova,2.294,0.183,0.217,1.161,0.292,0.054,0.149,0,0,0.034,0,0.088,0.088,97.712,2.556,0.223,0.182,1.229,0.377,0,0.209,0,0,0,0,0.112,0.112,97.444,2.047,0.145,0.238,1.083,0.198,0.079,0,0,0,0.04,0,0.066,0,97.966
12003,Cumberland--Colchester,2.373,0.28,0.243,1.383,0.069,0.069,0.112,0.012,0,0,0,0.162,0,97.62,2.304,0.27,0.154,1.596,0.077,0.077,0.116,0,0,0,0,0,0,97.696,2.439,0.29,0.314,1.171,0.048,0.06,0.121,0,0,0,0,0.314,0,97.561
12004,Dartmouth--Cole Harbour,7.858,0.955,0.616,4.451,0.294,0.216,0.388,0.311,0.144,0.022,0.05,0.161,0.266,92.153,7.994,1.116,0.616,4.392,0.29,0.267,0.488,0.325,0.139,0,0.023,0.116,0.186,92.017,7.734,0.818,0.606,4.494,0.287,0.17,0.297,0.287,0.159,0,0.074,0.191,0.34,92.266
12005,Halifax,13.413,1.447,2.402,4.223,0.536,0.408,2.374,0.408,0.525,0.313,0.162,0.24,0.38,86.587,14.564,1.519,2.702,4.337,0.475,0.429,3.258,0.383,0.638,0.162,0.128,0.244,0.29,85.436,12.342,1.38,2.113,4.128,0.582,0.377,1.563,0.42,0.42,0.464,0.194,0.237,0.464,87.658
12006,Halifax West,13.102,1.932,1.741,2.971,0.603,0.447,3.302,0.279,0.685,0.545,0.041,0.07,0.505,86.898,13.997,2.165,1.839,3.327,0.52,0.399,3.666,0.254,0.75,0.508,0,0.073,0.496,86.003,12.277,1.706,1.65,2.643,0.68,0.491,2.955,0.29,0.636,0.569,0.067,0.067,0.513,87.723
12007,Kings--Hants,2.609,0.152,0.377,1.35,0.103,0.073,0.231,0.122,0,0.043,0.043,0,0.073,97.397,2.782,0.124,0.397,1.515,0.062,0.05,0.335,0.087,0,0.037,0,0,0.112,97.205,2.43,0.167,0.357,1.191,0.131,0.095,0.119,0.155,0,0.048,0.071,0,0.036,97.57
12008,Sackville--Preston--Chezzetcook,4.845,0.1,0.382,3.863,0.035,0.071,0.106,0.024,0.018,0.082,0.047,0.029,0.082,95.149,4.886,0.107,0.417,3.826,0,0.107,0.107,0.036,0,0.119,0.06,0,0.083,95.114,4.805,0.104,0.348,3.911,0.058,0.046,0.104,0,0.023,0,0,0.058,0.07,95.195
12009,South Shore--St. Margarets,1.708,0.142,0.307,0.794,0.066,0.077,0.126,0,0.104,0,0.044,0,0.033,98.297,1.686,0.166,0.244,0.909,0.033,0.067,0.155,0,0,0,0.022,0,0,98.314,1.719,0.119,0.368,0.681,0.086,0.086,0.108,0,0.162,0,0.054,0,0.043,98.27
12010,Sydney--Victoria,2.558,0.23,0.46,1.129,0.049,0.049,0.439,0.077,0.035,0.028,0.028,0,0,97.442,2.796,0.175,0.51,1.136,0,0,0.801,0,0,0,0,0,0,97.233,2.367,0.281,0.415,1.11,0.08,0.067,0.107,0.094,0,0,0,0,0,97.646
12011,West Nova,2.811,0.177,0.134,2.127,0.049,0.055,0.055,0.098,0,0,0.049,0.037,0.024,97.189,3.056,0.24,0.114,2.488,0,0.025,0.076,0,0,0,0,0,0,96.944,2.581,0.118,0.142,1.8,0.095,0.083,0.047,0.142,0,0,0.083,0,0,97.419
13001,Acadie--Bathurst,0.644,0.071,0.213,0.097,0.077,0.019,0.045,0,0,0.039,0.019,0,0,99.356,0.57,0.065,0.104,0.156,0.091,0,0.078,0,0,0,0,0,0,99.43,0.717,0.064,0.32,0.064,0.064,0,0,0,0,0,0,0,0,99.27
13002,Beausejour,1.18,0.077,0.135,0.327,0.096,0.212,0.071,0.045,0,0.186,0,0,0.013,98.814,1.147,0.077,0.103,0.438,0,0.09,0.09,0.064,0,0.206,0,0,0,98.853,1.225,0.077,0.166,0.204,0.153,0.332,0,0,0,0.166,0,0,0,98.788
13003,Fredericton,5.162,1.054,1.11,0.904,0.299,0.443,0.274,0.056,0.168,0.574,0.15,0.025,0.112,94.844,5.393,1.166,1.127,0.884,0.243,0.538,0.359,0.064,0.205,0.576,0.154,0,0.077,94.62,4.944,0.96,1.081,0.911,0.34,0.352,0.194,0.061,0.146,0.583,0.146,0,0.146,95.068
13004,Fundy Royal,1.695,0.165,0.171,0.47,0.095,0.171,0.032,0.051,0.032,0.286,0.152,0,0.057,98.305,1.473,0.205,0.077,0.5,0,0.115,0.051,0.038,0,0.295,0.051,0,0.064,98.527,1.912,0.113,0.264,0.44,0.176,0.226,0,0.075,0.05,0.277,0.252,0,0.038,98.088
13005,Madawaska--Restigouche,0.866,0.272,0.082,0.214,0.066,0,0.206,0,0,0,0,0,0,99.134,0.931,0.339,0.135,0.169,0.068,0,0.254,0,0,0,0,0,0,99.052,0.788,0.225,0,0.241,0.08,0,0.161,0,0,0,0,0,0,99.196
13006,Miramichi--Grand Lake,0.947,0.196,0.256,0.358,0.068,0,0,0,0,0,0,0,0,99.053,1.116,0.209,0.401,0.419,0.07,0,0,0,0,0,0,0,0,98.884,0.768,0.2,0.117,0.317,0.083,0,0,0,0,0,0,0,0,99.215
13007,Moncton--Riverview--Dieppe,4.584,0.583,0.383,1.583,0.291,0.114,0.394,0.452,0.086,0.589,0,0.034,0.069,95.422,4.622,0.576,0.408,1.633,0.168,0.132,0.48,0.48,0.096,0.576,0,0,0.036,95.39,4.549,0.589,0.349,1.538,0.404,0.098,0.305,0.425,0.087,0.611,0,0,0.098,95.451
13008,New Brunswick Southwest,0.958,0.046,0.169,0.345,0.1,0.092,0,0.046,0,0.092,0,0,0.054,99.042,1.06,0.078,0.171,0.343,0.094,0.125,0,0,0,0.094,0,0,0.062,98.94,0.844,0,0.181,0.347,0.09,0.06,0,0,0,0.075,0,0,0,99.141
13009,Saint John--Rothesay,4.639,0.476,0.714,1.609,0.213,0.219,0.651,0.125,0.063,0.432,0.031,0.013,0.113,95.361,5.378,0.542,0.753,1.903,0.264,0.211,0.899,0.132,0.079,0.449,0.04,0,0.106,94.622,3.985,0.416,0.678,1.344,0.178,0.226,0.416,0.119,0.036,0.404,0,0,0.119,96.015
13010,Tobique--Mactaquac,1.167,0.216,0.036,0.317,0.101,0.209,0.065,0.079,0,0.101,0,0,0.014,98.825,1.197,0.248,0.029,0.438,0,0.19,0,0,0,0.117,0,0,0,98.803,1.139,0.199,0.043,0.199,0.142,0.214,0.085,0.114,0,0.085,0,0,0,98.861
24001,Abitibi--Baie-James--Nunavik--Eeyou,0.977,0.036,0.077,0.349,0.012,0.107,0.225,0.13,0,0,0,0,0.018,99.029,1.021,0.023,0.023,0.406,0,0.093,0.255,0.162,0,0,0,0,0.023,98.979,0.931,0.048,0.145,0.278,0,0.121,0.205,0.097,0,0,0,0,0,99.069
24002,Abitibi--Temiscamingue,0.676,0.01,0.154,0.219,0.015,0.07,0.154,0.045,0,0,0,0,0,99.324,0.701,0,0.099,0.247,0,0.079,0.227,0.02,0,0,0,0,0,99.289,0.641,0,0.21,0.18,0.02,0.07,0.08,0.07,0,0,0,0,0,99.349
24003,Ahuntsic-Cartierville,36.639,3.539,1.774,10.312,0.174,4.605,12.18,2.441,0.624,0.047,0.038,0.207,0.699,63.356,38.043,3.705,1.828,10.473,0.124,4.566,13.335,2.393,0.632,0.038,0.038,0.163,0.737,61.966,35.298,3.38,1.722,10.148,0.221,4.651,11.069,2.496,0.617,0.055,0.046,0.239,0.663,64.702
24004,Alfred-Pellan,18.69,0.299,0.561,9.28,0.084,2.803,3.846,1.315,0.267,0.021,0,0.021,0.178,81.31,18.574,0.366,0.485,9.201,0.043,2.855,3.932,1.196,0.28,0,0,0,0.14,81.416,18.8,0.245,0.632,9.354,0.122,2.754,3.774,1.428,0.255,0,0,0,0.194,81.21
24005,Argenteuil--La Petite-Nation,1.047,0.059,0.178,0.345,0.065,0.162,0.086,0.07,0,0,0.027,0,0.027,98.958,0.937,0.043,0.151,0.28,0,0.172,0.065,0.075,0,0,0.043,0,0,99.074,1.158,0.087,0.217,0.411,0.076,0.152,0.097,0.065,0,0,0,0,0,98.842
24006,Avignon--La Mitis--Matane--Matapedia,0.967,0.048,0.193,0.221,0.048,0.145,0.193,0.062,0,0,0,0,0.028,99.033,0.778,0.042,0,0.181,0.083,0.167,0.167,0.083,0,0,0,0,0,99.222,1.14,0.055,0.371,0.247,0,0.137,0.206,0.055,0,0,0,0,0,98.846
24007,Beauce,0.673,0.149,0.115,0.159,0,0.12,0.029,0.077,0,0,0,0,0.019,99.327,0.579,0.114,0.057,0.152,0,0.142,0.047,0.057,0,0,0,0,0,99.402,0.758,0.185,0.175,0.175,0,0.097,0,0.107,0,0,0,0,0,99.232
24008,Beauport--Limoilou,4.852,0.179,0.19,1.777,0,1.381,0.671,0.363,0.056,0.034,0.078,0.022,0.089,95.154,5.386,0.186,0.151,2.082,0,1.489,0.803,0.361,0,0.035,0.081,0.047,0.128,94.602,4.346,0.183,0.237,1.506,0,1.291,0.549,0.366,0,0.032,0.086,0,0.054,95.654
24009,Becancour--Nicolet--Saurel,0.778,0.055,0.071,0.296,0.027,0.115,0.126,0.049,0,0,0.022,0,0,99.222,0.691,0.077,0,0.241,0,0.077,0.132,0.077,0,0,0,0,0,99.298,0.854,0.044,0.11,0.35,0,0.153,0.11,0.033,0,0,0,0,0,99.135
24010,Bellechasse--Les Etchemins--Levis,1.107,0.042,0.258,0.249,0.023,0.221,0.12,0.125,0,0.014,0.028,0,0.023,98.893,1.109,0.028,0.14,0.27,0,0.214,0.214,0.13,0,0.028,0,0,0.028,98.901,1.105,0.055,0.375,0.238,0,0.219,0.027,0.119,0,0,0,0,0,98.886
24011,Beloeil--Chambly,2.026,0.06,0.335,0.52,0.019,0.325,0.246,0.293,0.028,0.028,0.042,0.033,0.107,97.97,1.986,0.066,0.188,0.555,0,0.32,0.311,0.348,0.028,0,0,0,0.113,98.005,2.064,0.046,0.468,0.486,0,0.339,0.193,0.239,0,0.046,0.064,0,0.101,97.927
24012,Berthier--Maskinonge,0.761,0.031,0.036,0.254,0.052,0.15,0.067,0.124,0,0,0,0.021,0.021,99.234,0.849,0,0.02,0.246,0.061,0.164,0.092,0.143,0,0,0,0,0,99.161,0.671,0,0.063,0.252,0,0.136,0.042,0.115,0,0,0,0,0,99.339
24013,Therese-De Blainville,4.404,0.155,0.357,1.732,0.031,0.765,0.744,0.408,0.031,0.026,0.047,0.036,0.088,95.591,4.657,0.221,0.232,1.938,0,0.78,0.79,0.495,0.042,0.021,0,0.042,0.042,95.333,4.171,0.091,0.467,1.533,0.041,0.751,0.69,0.325,0.03,0.03,0.061,0.03,0.122,95.839
24014,Pierre-Boucher--Les Patriotes--Vercheres,2.662,0.027,0.329,0.76,0.037,0.441,0.653,0.25,0.032,0.032,0,0.037,0.069,97.338,2.656,0.032,0.256,0.768,0.032,0.395,0.725,0.277,0.032,0,0,0.043,0.107,97.333,2.667,0,0.402,0.751,0.032,0.487,0.603,0.222,0.042,0.032,0,0.042,0.032,97.322
24015,Bourassa,40.196,0.657,0.575,20.352,0.062,6.209,9.301,1.957,0.308,0,0,0.226,0.534,59.804,41.659,0.738,0.651,19.978,0.054,6.627,10.369,1.92,0.347,0,0,0.293,0.705,58.351,38.88,0.585,0.507,20.698,0.078,5.843,8.35,2,0.273,0,0,0.156,0.39,61.12
24016,Brome--Missisquoi,0.831,0.057,0.196,0.129,0.057,0.124,0.057,0.057,0,0.021,0.046,0.036,0.015,99.174,0.781,0.052,0.156,0.146,0.052,0.125,0.052,0.042,0,0,0.073,0,0,99.219,0.87,0.051,0.225,0.113,0.072,0.123,0.061,0.061,0,0.031,0.02,0.061,0,99.12
24017,Brossard--Saint-Lambert,32.108,3.546,10.056,3.777,0.874,2.959,4.214,2.863,1.843,0.357,0.116,0.784,0.723,67.897,32.799,3.75,10.277,3.761,0.723,3.048,4.473,2.933,2.011,0.335,0.063,0.67,0.733,67.201,31.458,3.348,9.843,3.802,1.013,2.876,3.966,2.798,1.689,0.376,0.154,0.878,0.714,68.523
24018,Rimouski-Neigette--Temiscouata--Les Basques,0.833,0.055,0.122,0.306,0,0.129,0.11,0.018,0,0,0,0.043,0,99.173,0.753,0,0.037,0.37,0,0.123,0.136,0,0,0,0,0,0,99.247,0.887,0.097,0.206,0.243,0,0.134,0.085,0,0,0,0,0.049,0,99.101
24019,Charlesbourg--Haute-Saint-Charles,1.783,0.094,0.305,0.473,0.02,0.404,0.315,0.094,0,0.025,0,0.025,0.02,98.217,1.814,0.112,0.243,0.476,0,0.335,0.436,0.091,0,0.03,0,0.041,0,98.186,1.754,0.067,0.364,0.47,0.019,0.47,0.201,0.096,0,0,0,0,0.029,98.256
24020,Beauport--Cote-de-Beaupre--ile d'Orleans--Charlevoix,0.999,0.072,0.2,0.377,0.039,0.083,0.083,0.033,0,0.022,0,0.078,0,99.001,0.869,0.056,0.1,0.323,0,0.078,0.1,0.056,0,0.045,0,0,0,99.131,1.127,0.099,0.287,0.442,0,0.088,0.066,0,0,0,0,0.077,0,98.873
24021,Chateauguay--Lacolle,7.303,0.661,0.419,3.379,0.132,1.158,0.601,0.314,0.187,0,0,0.099,0.336,92.697,7.269,0.676,0.454,3.202,0.122,1.119,0.687,0.321,0.211,0,0,0.089,0.366,92.731,7.338,0.636,0.395,3.554,0.143,1.196,0.526,0.318,0.154,0,0,0.11,0.307,92.673
24022,Chicoutimi--Le Fjord,1.027,0.032,0.221,0.296,0.032,0.107,0.239,0.044,0,0,0,0,0,98.973,0.93,0,0.076,0.28,0,0.127,0.28,0.064,0,0,0,0,0,99.058,1.122,0,0.362,0.312,0.062,0.087,0.199,0.025,0,0,0,0,0,98.866
24023,Compton--Stanstead,1.306,0.065,0.194,0.303,0.025,0.348,0.149,0.119,0,0,0.015,0.03,0.04,98.689,1.064,0.068,0.107,0.283,0,0.342,0.059,0.107,0,0,0,0,0,98.945,1.545,0.071,0.283,0.323,0,0.353,0.232,0.131,0,0,0,0.05,0.061,98.435
24024,Dorval--Lachine--LaSalle,30.326,4.226,3.096,12.194,1.598,2.972,2.977,0.775,0.833,0.388,0.1,0.426,0.727,69.674,29.993,4.477,3.011,11.636,1.436,2.902,3.29,0.768,0.867,0.359,0.11,0.409,0.728,70.007,30.625,4.003,3.184,12.717,1.748,3.037,2.678,0.773,0.81,0.423,0.101,0.442,0.727,69.375
24025,Drummond,1.997,0.026,0.203,0.454,0,0.819,0.287,0.167,0,0,0,0,0,98.008,2.059,0,0.166,0.499,0,0.811,0.333,0.177,0,0,0,0,0,97.931,1.936,0,0.241,0.398,0,0.827,0.241,0.146,0,0,0,0,0,98.064
24026,Gaspesie--Les iles-de-la-Madeleine,0.343,0,0.045,0.039,0.039,0.058,0.026,0.071,0,0.026,0,0,0.019,99.657,0.342,0,0,0.053,0,0.053,0,0.066,0,0.039,0,0,0.026,99.658,0.345,0,0.064,0.038,0,0.064,0,0.064,0,0,0,0,0.026,99.655
24027,Gatineau,7.175,0.086,0.329,3.196,0.11,1.016,1.903,0.2,0.11,0.048,0.019,0.086,0.076,92.825,7.299,0.079,0.256,3.132,0.039,1.084,2.098,0.197,0.128,0.039,0,0.128,0.099,92.711,7.058,0.093,0.389,3.265,0.167,0.953,1.711,0.204,0.083,0.065,0.019,0.046,0.065,92.942
24028,Hochelaga,18.394,0.664,1.674,5.305,0.16,3.487,4.471,1.759,0.26,0.05,0.025,0.13,0.4,81.606,18.612,0.69,1.502,5.105,0.061,3.724,4.932,1.725,0.355,0.061,0,0.112,0.325,81.378,18.184,0.64,1.84,5.52,0.256,3.267,4.015,1.801,0.157,0.039,0.039,0.138,0.462,81.836
24029,Honore-Mercier,28.06,0.45,0.91,14.816,0.188,3.778,4.322,2.888,0.237,0.025,0.01,0.049,0.391,71.935,27.996,0.458,0.885,14.014,0.26,3.925,4.789,3.009,0.219,0,0,0.042,0.375,72.004,28.121,0.452,0.933,15.544,0.113,3.655,3.9,2.77,0.254,0,0,0.057,0.405,71.879
24030,Hull--Aylmer,14.64,0.492,1.319,4.778,0.231,2.274,3.445,0.792,0.399,0.133,0.212,0.197,0.369,85.36,14.899,0.446,1.236,4.527,0.253,2.289,4.122,0.77,0.395,0.111,0.284,0.162,0.294,85.101,14.395,0.546,1.397,5.006,0.201,2.268,2.804,0.804,0.392,0.144,0.153,0.23,0.431,85.605
24031,Joliette,1.458,0.27,0.082,0.316,0,0.331,0.178,0.158,0,0,0,0.036,0.061,98.542,1.204,0.195,0.051,0.257,0,0.175,0.216,0.175,0,0,0,0.051,0.062,98.806,1.718,0.344,0.121,0.374,0,0.495,0.152,0.131,0,0,0,0,0.051,98.282
24032,Jonquiere,0.575,0.012,0.11,0.186,0.023,0.134,0.046,0,0,0.023,0,0,0.023,99.425,0.579,0,0.035,0.209,0,0.174,0.081,0,0,0,0,0,0,99.409,0.57,0,0.198,0.14,0,0.093,0,0,0,0,0,0,0,99.418
24033,La Pointe-de-l'ile,14.322,0.264,1.002,6.436,0.05,2.667,2.268,1.077,0.075,0.015,0.055,0.13,0.279,85.678,13.478,0.249,0.946,5.913,0.073,2.619,2.182,0.914,0.094,0,0.042,0.145,0.27,86.511,15.1,0.268,1.054,6.918,0,2.702,2.357,1.236,0.067,0,0.067,0.115,0.287,84.909
24034,La Prairie,5.585,0.258,0.929,1.353,0.066,1.151,1.055,0.359,0.121,0.045,0.05,0.101,0.101,94.415,5.84,0.293,0.758,1.546,0,1.243,1.182,0.414,0.121,0.061,0.051,0.101,0.051,94.16,5.33,0.232,1.09,1.151,0.101,1.07,0.919,0.303,0.131,0.03,0.05,0.101,0.151,94.67
24035,Lac-Saint-Jean,0.536,0,0.088,0.205,0,0.088,0.039,0.058,0,0,0,0.015,0,99.459,0.446,0,0,0.194,0,0.049,0.068,0.058,0,0,0,0,0,99.554,0.636,0,0.157,0.225,0,0.117,0,0.059,0,0,0,0,0,99.374
24036,Lac-Saint-Louis,20.457,4.192,3.628,3.773,1.633,1.129,3.063,0.72,0.922,0.414,0.202,0.306,0.47,79.547,21.066,4.572,3.67,4.106,1.388,1.019,3.339,0.757,0.961,0.417,0.165,0.291,0.388,78.934,19.883,3.834,3.597,3.469,1.862,1.242,2.794,0.676,0.886,0.402,0.237,0.32,0.557,80.117
24037,LaSalle--emard--Verdun,18.856,1.692,4.765,4.507,0.595,2.575,2.141,1.005,0.429,0.132,0.205,0.298,0.517,81.144,19.634,1.696,4.987,4.845,0.518,2.529,2.478,1.097,0.498,0.102,0.132,0.284,0.477,80.376,18.138,1.689,4.551,4.194,0.666,2.618,1.83,0.91,0.366,0.16,0.272,0.31,0.554,81.862
24038,Laurentides--Labelle,0.942,0.055,0.124,0.262,0.023,0.184,0.083,0.092,0.014,0.014,0.032,0.032,0.032,99.053,0.836,0,0.046,0.214,0,0.186,0.121,0.093,0,0,0,0.037,0,99.164,1.055,0.064,0.2,0.3,0.027,0.182,0.055,0.091,0.018,0.018,0,0,0.036,98.954
24039,Laurier--Sainte-Marie,18.853,1.858,3.215,3.663,0.159,3.403,3.031,1.641,0.589,0.241,0.309,0.28,0.454,81.147,18.89,1.808,2.789,3.868,0.207,3.508,3.463,1.619,0.603,0.198,0.207,0.234,0.396,81.101,18.811,1.916,3.718,3.427,0.115,3.281,2.531,1.666,0.583,0.292,0.417,0.344,0.521,81.2
24040,Laval--Les iles,20.685,2.811,0.996,4.054,0.237,1.726,6.826,1.771,1.435,0.158,0.015,0.207,0.454,79.315,20.758,2.865,0.875,4.111,0.181,1.649,6.926,1.819,1.458,0.181,0,0.211,0.513,79.232,20.602,2.75,1.123,3.998,0.3,1.801,6.738,1.714,1.413,0.145,0,0.203,0.397,79.398
24041,Longueuil--Charles-LeMoyne,16.425,1.139,1.839,5.237,0.29,2.737,2.529,1.115,0.835,0.097,0.058,0.27,0.265,83.58,16.492,1.217,1.815,4.797,0.216,3.031,2.806,1.158,0.795,0.088,0.078,0.275,0.196,83.508,16.358,1.054,1.862,5.671,0.361,2.451,2.28,1.073,0.864,0.104,0.038,0.256,0.332,83.642
24042,Levis--Lotbiniere,1.198,0.038,0.24,0.287,0.014,0.221,0.117,0.174,0,0,0,0.038,0.056,98.797,1.036,0,0.028,0.299,0,0.196,0.149,0.196,0,0,0,0.037,0.047,98.964,1.354,0,0.464,0.275,0,0.246,0.085,0.161,0,0,0,0.028,0.066,98.646
24043,Longueuil--Saint-Hubert,12.627,0.736,0.722,4.263,0.117,2.531,2.234,1.131,0.283,0.088,0.034,0.244,0.244,87.373,12.981,0.811,0.628,4.195,0.101,2.432,2.604,1.226,0.274,0.091,0,0.314,0.304,87.009,12.298,0.677,0.809,4.325,0.132,2.623,1.88,1.044,0.282,0.075,0.056,0.179,0.197,87.702
24044,Louis-Hebert,6.451,0.119,0.581,1.446,0.03,1.595,1.759,0.532,0.124,0.055,0.065,0.045,0.094,93.549,6.805,0.177,0.405,1.538,0,1.735,1.974,0.54,0.135,0.073,0.052,0.052,0.104,93.205,6.126,0.067,0.734,1.372,0.038,1.467,1.562,0.524,0.114,0.048,0.067,0.038,0.095,93.874
24045,Louis-Saint-Laurent,2.121,0.066,0.345,0.595,0.009,0.321,0.435,0.227,0,0,0,0.024,0.066,97.879,1.972,0.048,0.183,0.597,0,0.25,0.5,0.25,0,0,0,0.029,0.087,98.037,2.274,0.084,0.501,0.603,0,0.399,0.371,0.195,0,0,0,0,0.056,97.726
24046,Manicouagan,0.505,0,0.081,0.156,0,0.054,0.118,0.027,0,0,0,0,0.027,99.495,0.436,0,0.021,0.16,0,0.064,0.138,0.021,0,0,0,0,0,99.553,0.565,0,0.141,0.152,0,0.054,0.098,0.033,0,0,0,0,0.054,99.424
24047,Megantic--L'erable,0.629,0.082,0.058,0.111,0.035,0.239,0.023,0.041,0,0,0,0,0,99.371,0.509,0.081,0,0.093,0,0.162,0,0,0,0,0,0,0,99.479,0.75,0.094,0.082,0.129,0.059,0.328,0,0.047,0,0,0,0,0,99.25
24048,Mirabel,1.322,0.059,0.143,0.373,0.059,0.226,0.201,0.177,0,0.029,0,0.01,0.044,98.673,1.217,0.088,0.068,0.419,0,0.185,0.195,0.185,0,0.039,0,0,0.029,98.793,1.429,0,0.228,0.328,0.109,0.268,0.208,0.169,0,0,0,0.02,0.06,98.561
24049,Montarville,4.78,0.267,0.694,1.239,0.107,0.737,0.764,0.529,0.176,0.043,0.101,0.048,0.075,95.22,4.644,0.305,0.534,1.254,0.076,0.796,0.839,0.512,0.185,0.055,0,0.033,0.055,95.346,4.899,0.23,0.858,1.225,0.126,0.691,0.691,0.555,0.178,0.042,0.188,0.052,0.084,95.09
24050,Montcalm,1.907,0.143,0.097,1.015,0.031,0.24,0.158,0.087,0.02,0.051,0,0,0.02,98.093,1.844,0.121,0.05,0.988,0,0.242,0.161,0.091,0,0,0,0,0,98.146,1.971,0.155,0.144,1.042,0.052,0.237,0.144,0.083,0,0,0,0,0.041,98.029
24051,Montmagny--L'Islet--Kamouraska--Riviere-du-Loup,0.508,0,0.064,0.182,0.027,0.037,0.053,0.016,0,0,0,0,0.021,99.492,0.552,0,0,0.223,0.042,0.032,0.064,0,0,0,0,0,0,99.448,0.464,0,0.108,0.151,0,0.032,0.043,0,0,0,0,0,0,99.547
24052,Mount Royal,37.329,5.472,2.867,6.269,10.773,2.152,3.416,3.336,1.209,0.484,0.081,0.393,0.882,62.671,36.52,6.051,2.8,6.394,8.454,2.307,3.927,3.487,1.245,0.504,0.043,0.418,0.89,63.48,38.046,4.951,2.946,6.148,12.837,2.005,2.965,3.193,1.178,0.456,0.114,0.371,0.874,61.954
24053,Notre-Dame-de-Grace--Westmount,29.152,1.976,4.9,8.35,2.326,2.652,3.392,0.832,1.888,0.968,0.428,0.599,0.842,70.843,29.489,2.323,4.698,7.868,2.013,2.674,4.089,0.909,2.075,0.971,0.403,0.661,0.816,70.511,28.851,1.666,5.089,8.77,2.614,2.632,2.77,0.764,1.721,0.957,0.451,0.543,0.865,71.149
24054,Outremont,28.746,2.355,1.955,6.907,2.795,3.798,6.689,2.137,0.917,0.203,0.187,0.258,0.532,71.254,29.159,2.511,1.781,7.022,2.25,3.563,7.74,2.219,0.99,0.073,0.146,0.292,0.583,70.841,28.348,2.217,2.118,6.799,3.321,4.02,5.695,2.069,0.847,0.325,0.236,0.236,0.483,71.643
24055,Papineau,41.409,11.155,1.984,8.684,0.185,6.663,6.709,4.576,0.343,0,0.088,0.292,0.714,58.591,43.337,12.387,1.894,8.404,0.102,6.537,7.809,4.884,0.334,0,0,0.269,0.678,56.663,39.48,9.928,2.074,8.965,0.269,6.788,5.621,4.269,0.343,0,0.148,0.315,0.75,60.511
24056,Pierrefonds--Dollard,35.328,8.981,2.868,8.096,3.422,1.96,5.387,1.737,1.229,0.182,0.061,0.498,0.903,64.677,34.551,9.279,2.594,7.658,2.785,1.888,5.865,1.726,1.116,0.153,0.048,0.515,0.925,65.449,36.078,8.706,3.129,8.524,4.03,2.019,4.93,1.737,1.337,0.209,0.073,0.491,0.891,63.932
24057,Pontiac,4.654,0.303,0.388,1.873,0.033,0.43,0.969,0.317,0.08,0.028,0.066,0.047,0.109,95.346,4.546,0.402,0.318,1.74,0,0.318,0.982,0.412,0.084,0,0,0.028,0.122,95.463,4.764,0.21,0.459,1.999,0.048,0.545,0.957,0.23,0.077,0.048,0.057,0.057,0.086,95.227
24058,Portneuf--Jacques-Cartier,0.91,0.029,0.235,0.176,0.01,0.112,0.078,0.157,0,0.039,0.049,0,0.02,99.09,0.876,0.029,0.135,0.154,0,0.135,0.096,0.183,0,0,0.077,0,0.019,99.115,0.945,0.03,0.338,0.199,0,0.089,0.06,0.129,0,0.06,0,0,0,99.055
24059,Quebec,5.431,0.428,0.254,1.516,0.022,1.641,0.666,0.612,0.081,0.027,0.043,0.092,0.054,94.569,5.592,0.436,0.145,1.622,0,1.633,0.816,0.626,0.045,0.034,0.056,0.123,0.045,94.408,5.291,0.42,0.346,1.417,0,1.648,0.514,0.609,0.115,0,0.031,0.063,0.073,94.72
24060,Repentigny,5.876,0.045,0.172,3.562,0.141,0.762,0.817,0.181,0.014,0,0,0.032,0.127,94.129,5.657,0,0.074,3.453,0.139,0.685,0.944,0.194,0.028,0,0,0,0.111,94.343,6.094,0.062,0.267,3.656,0.142,0.836,0.694,0.169,0,0,0,0.044,0.142,93.906
24061,Richmond--Arthabaska,1.047,0,0.144,0.218,0.03,0.481,0.104,0.035,0,0,0,0,0.02,98.958,0.962,0,0.079,0.216,0,0.491,0.108,0,0,0,0,0,0,99.038,1.134,0,0.201,0.221,0.05,0.462,0.09,0.04,0,0,0,0,0,98.866
24062,Riviere-des-Mille-iles,5.085,0.24,0.314,1.369,0.064,0.775,0.864,1.109,0.133,0.069,0.025,0.044,0.079,94.91,4.979,0.28,0.24,1.3,0.04,0.81,0.94,1.04,0.17,0.07,0,0,0,95.021,5.187,0.212,0.386,1.437,0.087,0.762,0.781,1.176,0.106,0.067,0,0,0.125,94.813
24063,Riviere-du-Nord,1.868,0.185,0.14,0.481,0.025,0.671,0.125,0.06,0.03,0,0.025,0.03,0.09,98.132,1.799,0.222,0.081,0.576,0,0.475,0.121,0.071,0.04,0,0,0.04,0.101,98.201,1.946,0.149,0.199,0.387,0,0.854,0.129,0.05,0.02,0,0.04,0.03,0.079,98.044
24064,Rosemont--La Petite-Patrie,17.913,0.797,1.546,4.627,0.048,4.973,3.326,1.738,0.077,0.043,0.115,0.221,0.398,82.087,18.725,0.781,1.354,4.597,0.049,5.24,3.984,1.809,0.109,0.049,0.069,0.257,0.415,81.275,17.146,0.812,1.716,4.646,0.047,4.72,2.696,1.66,0.047,0.037,0.168,0.187,0.392,82.864
24065,Marc-Aurele-Fortin,18.647,1.252,0.676,6.736,0.189,2.226,4.562,2.132,0.482,0,0,0.115,0.241,81.353,18.91,1.239,0.502,6.816,0.256,2.244,4.861,2.137,0.513,0,0,0.139,0.171,81.111,18.403,1.264,0.843,6.658,0.123,2.209,4.264,2.127,0.462,0,0,0.092,0.308,81.587
24066,Saint-Hyacinthe--Bagot,2.034,0.026,0.129,0.367,0,0.94,0.315,0.114,0.031,0,0,0.031,0.067,97.961,2.148,0,0.093,0.405,0,0.924,0.363,0.145,0.042,0,0,0.052,0.093,97.852,1.931,0.031,0.175,0.318,0,0.955,0.267,0.082,0,0,0,0,0,98.059
24067,Saint-Jean,1.649,0.052,0.198,0.487,0.038,0.307,0.142,0.227,0.047,0.014,0,0.09,0.038,98.351,1.698,0,0.134,0.496,0.029,0.334,0.2,0.248,0.057,0,0,0.095,0.048,98.302,1.601,0.056,0.262,0.477,0.047,0.271,0.084,0.215,0,0.028,0,0.084,0.028,98.399
24068,Saint-Laurent,50.356,6.139,8.256,8.142,1.493,3.355,15.03,4.771,1.585,0.277,0.071,0.212,1.031,49.644,51.184,6.323,8.333,7.752,1.329,3.429,15.717,4.904,1.821,0.313,0.045,0.212,1.028,48.816,49.578,5.965,8.182,8.509,1.658,3.273,14.379,4.656,1.362,0.232,0.106,0.201,1.035,50.422
24069,Saint-Leonard--Saint-Michel,44.875,1.82,1.487,13.681,0.073,8.462,12.455,5.516,0.604,0.014,0.046,0.082,0.631,55.125,45.463,1.979,1.419,13.311,0.068,8.108,13.485,5.849,0.579,0.029,0,0.048,0.569,54.537,44.341,1.669,1.547,14.013,0.087,8.78,11.535,5.207,0.626,0,0.061,0.113,0.695,55.659
24070,Saint-Maurice--Champlain,0.676,0.051,0.065,0.21,0,0.159,0.047,0.023,0,0,0,0.033,0.056,99.324,0.635,0,0.028,0.168,0,0.177,0.056,0.019,0,0,0,0.065,0.065,99.365,0.717,0.065,0.102,0.252,0,0.14,0.037,0.028,0,0,0,0,0,99.283
24071,Salaberry--Suroit,1.107,0.1,0.153,0.324,0.052,0.186,0.062,0.167,0,0,0,0.01,0.038,98.888,0.901,0.039,0.097,0.329,0,0.155,0.087,0.107,0,0,0,0,0.039,99.099,1.316,0.16,0.207,0.32,0.066,0.226,0.047,0.226,0,0,0,0,0.038,98.693
24072,Shefford,2.091,0.081,0.129,0.619,0.019,0.562,0.319,0.205,0.057,0.029,0,0.024,0.057,97.904,2.199,0.096,0.076,0.708,0,0.602,0.344,0.21,0.086,0,0,0,0.019,97.81,1.993,0.057,0.171,0.522,0,0.522,0.285,0.199,0.028,0,0,0.038,0.095,98.017
24073,Sherbrooke,7.083,0.394,0.269,2.23,0.029,1.773,1.254,0.49,0.433,0.053,0,0.024,0.135,92.912,7.853,0.439,0.249,2.435,0,1.946,1.477,0.549,0.469,0.08,0,0,0.15,92.157,6.369,0.352,0.297,2.04,0,1.604,1.048,0.426,0.399,0,0,0,0.13,93.631
24074,Vaudreuil--Soulanges,9.753,2.415,0.812,2.392,0.83,0.867,1.146,0.424,0.212,0.113,0.059,0.199,0.289,90.242,9.981,2.513,0.656,2.532,0.838,0.892,1.293,0.419,0.264,0.1,0.027,0.155,0.301,90.019,9.529,2.317,0.966,2.264,0.823,0.832,1.002,0.438,0.17,0.125,0.081,0.233,0.286,90.462
24075,Terrebonne,7.566,0.104,0.194,4.46,0.024,1.269,1.065,0.218,0.062,0.019,0,0.062,0.08,92.434,6.97,0.095,0.133,4.108,0,1.16,1.027,0.19,0.114,0,0,0.057,0.057,93.04,8.157,0.123,0.264,4.81,0.038,1.377,1.103,0.245,0,0.028,0,0.075,0.104,91.843
24076,Trois-Rivieres,2.922,0.029,0.21,1.06,0.038,0.759,0.592,0.091,0,0,0.062,0.029,0.033,97.083,3.154,0,0.129,1.204,0.06,0.776,0.667,0.099,0,0,0.08,0.02,0.05,96.836,2.708,0.028,0.285,0.927,0,0.734,0.532,0.083,0,0,0.046,0.037,0,97.292
24077,Ville-Marie--Le Sud-Ouest--ile-des-Soeurs,35.165,4.404,6.494,6.097,0.427,3.639,7.283,2.214,2.244,1.077,0.328,0.218,0.74,64.84,35.789,4.742,5.928,6.122,0.155,3.693,8.59,2.254,2.206,0.991,0.185,0.194,0.739,64.221,34.514,4.05,7.075,6.081,0.711,3.594,5.908,2.172,2.294,1.167,0.477,0.244,0.741,65.486
24078,Vimy,24.497,2.304,0.995,4.808,0.284,3.29,8.307,2.688,1.01,0.015,0.06,0.214,0.513,75.503,25.254,2.735,0.984,4.527,0.166,3.315,8.908,2.704,1.181,0,0.052,0.207,0.476,74.746,23.8,1.916,1.006,5.069,0.393,3.267,7.751,2.683,0.862,0,0.067,0.23,0.546,76.21
35001,Ajax,45.775,13.752,2.344,16.027,4.413,0.98,1.067,0.591,1.621,0.188,0.279,2.559,1.959,54.225,45.162,14.003,2.282,15.897,4.014,0.843,1.259,0.483,1.704,0.18,0.218,2.31,1.979,54.838,46.357,13.517,2.402,16.158,4.795,1.117,0.886,0.683,1.542,0.195,0.337,2.792,1.932,53.652
35002,Algoma--Manitoulin--Kapuskasing,1.071,0.133,0.184,0.349,0.063,0.101,0,0.082,0,0.07,0,0,0.063,98.935,0.979,0.127,0.191,0.369,0.025,0,0,0,0,0.076,0,0,0.051,99.021,1.163,0.126,0.177,0.316,0.101,0.164,0,0.114,0,0,0,0,0.076,98.837
35003,Aurora--Oak Ridges--Richmond Hill,42.929,8.049,16.796,1.924,1.843,1.136,1.342,0.563,6.736,2.296,0.559,0.396,1.284,57.066,42.175,7.898,16.542,1.735,1.618,1.066,1.337,0.436,7.074,2.258,0.523,0.446,1.231,57.835,43.676,8.197,17.053,2.099,2.07,1.205,1.355,0.678,6.409,2.324,0.593,0.339,1.336,56.334
35004,Barrie--Innisfil,7.077,1.159,0.622,1.944,0.547,0.806,0.224,0.492,0.045,0.293,0.129,0.363,0.458,92.923,7.057,1.248,0.554,2.064,0.342,0.715,0.272,0.554,0.05,0.232,0.121,0.362,0.523,92.943,7.097,1.062,0.678,1.828,0.737,0.885,0.177,0.432,0.039,0.344,0.147,0.354,0.403,92.894
35005,Barrie--Springwater--Oro-Medonte,5.08,0.788,0.575,0.975,0.446,0.622,0.145,0.228,0.13,0.358,0.368,0.285,0.15,94.92,5.382,0.931,0.592,1.205,0.391,0.465,0.201,0.222,0.148,0.36,0.412,0.275,0.159,94.607,4.79,0.651,0.549,0.752,0.508,0.783,0.092,0.234,0.112,0.346,0.315,0.305,0.132,95.2
35006,Bay of Quinte,3.154,0.635,0.439,0.78,0.15,0.192,0.089,0.173,0.107,0.224,0.187,0.084,0.084,96.846,3.153,0.65,0.407,0.931,0.087,0.223,0.058,0.107,0.116,0.194,0.165,0.068,0.116,96.847,3.155,0.622,0.46,0.64,0.207,0.162,0.117,0.234,0.108,0.243,0.207,0.099,0.054,96.845
35007,Beaches--East York,31.68,10.389,5.715,5.475,3.24,1.235,0.481,1.061,0.882,0.382,0.533,0.868,1.41,68.325,30.896,10.666,5.323,5.372,2.706,1.161,0.561,0.994,0.945,0.344,0.492,0.905,1.437,69.094,32.392,10.142,6.076,5.569,3.722,1.313,0.407,1.123,0.824,0.417,0.561,0.833,1.385,67.608
35008,Brampton Centre,53.743,26.126,1.772,12.09,3.85,3.297,0.733,1.525,0.597,0.107,0.204,2.316,1.126,46.261,53.33,26.542,1.65,11.581,3.785,3.399,0.702,1.581,0.623,0.109,0.247,1.947,1.176,46.68,54.143,25.725,1.89,12.581,3.923,3.198,0.764,1.47,0.573,0.105,0.162,2.673,1.079,45.857
35009,Brampton East,87.618,60.286,1.389,12.498,1.963,1.555,1.495,2.23,1.359,0.201,0.05,3.342,1.248,12.382,87.686,61.447,1.461,11.719,1.854,1.471,1.552,2.136,1.32,0.181,0.091,3.214,1.26,12.293,87.539,59.137,1.307,13.266,2.072,1.639,1.438,2.323,1.398,0.221,0,3.48,1.247,12.461
35010,Brampton North,61.396,37.109,1.837,10.642,2.305,2.183,0.626,1.472,0.612,0.086,0.162,2.571,1.792,38.604,61.277,37.736,1.846,9.934,2.153,2.208,0.742,1.466,0.651,0.063,0.226,2.443,1.8,38.723,61.514,36.496,1.828,11.335,2.446,2.159,0.502,1.478,0.573,0.116,0.099,2.697,1.783,38.486
35011,Brampton South,59.5,35.95,1.306,11.73,3.706,1.73,0.471,1.565,0.269,0.075,0.094,1.66,0.943,40.5,59.68,36.811,1.352,10.998,3.644,1.822,0.489,1.573,0.278,0.048,0.134,1.668,0.853,40.32,59.327,35.117,1.271,12.448,3.757,1.651,0.445,1.558,0.26,0.102,0.065,1.642,1.03,40.664
35012,Brampton West,71.226,33.456,1.379,20.774,5.403,2.164,0.677,1.521,0.555,0.034,0.137,3.175,1.958,28.779,70.984,33.711,1.395,20.267,5.127,2.237,0.742,1.505,0.522,0,0.13,3.231,2.057,29.016,71.451,33.199,1.354,21.258,5.648,2.094,0.624,1.537,0.576,0,0.134,3.112,1.864,28.549
35013,Brantford--Brant,5.62,1.332,0.595,1.286,0.384,0.322,0.457,0.572,0.061,0.23,0.077,0.096,0.203,94.377,5.703,1.333,0.56,1.42,0.323,0.323,0.521,0.655,0.055,0.197,0.055,0.095,0.166,94.305,5.548,1.331,0.621,1.159,0.441,0.329,0.396,0.493,0.075,0.262,0.09,0.097,0.247,94.459
35014,Bruce--Grey--Owen Sound,1.435,0.419,0.12,0.376,0.101,0.082,0.019,0.014,0,0.149,0.048,0.039,0.058,98.565,1.338,0.43,0.127,0.361,0.078,0.068,0,0,0,0.098,0,0.059,0.059,98.652,1.529,0.408,0.123,0.38,0.133,0.095,0,0,0,0.199,0.085,0.028,0.066,98.48
35015,Burlington,9.15,2.081,1.349,1.509,0.786,0.883,0.651,0.416,0.387,0.328,0.206,0.147,0.412,90.854,9.204,2.231,1.339,1.452,0.665,0.805,0.752,0.499,0.437,0.324,0.21,0.14,0.359,90.787,9.1,1.941,1.359,1.569,0.89,0.946,0.55,0.34,0.332,0.34,0.21,0.154,0.453,90.9
35016,Cambridge,11.857,4.626,0.829,1.79,0.634,0.983,0.589,0.997,0.331,0.154,0.208,0.408,0.313,88.138,11.809,4.733,0.747,1.808,0.535,1.052,0.609,1.061,0.304,0.203,0.138,0.341,0.286,88.2,11.913,4.523,0.908,1.781,0.739,0.926,0.57,0.935,0.347,0.116,0.276,0.472,0.338,88.087
35017,Chatham-Kent--Leamington,5.691,0.585,0.341,1.622,0.244,0.862,0.935,0.456,0.129,0.184,0.129,0.111,0.097,94.304,5.92,0.548,0.227,1.765,0.17,0.963,1.076,0.415,0.104,0.236,0.142,0.142,0.142,94.08,5.473,0.612,0.441,1.485,0.315,0.756,0.792,0.495,0.153,0.135,0.117,0.09,0.063,94.527
35018,Davenport,33.007,3.984,5.258,6.61,3.146,6.581,0.74,2.896,0.377,0.613,0.588,0.98,1.23,66.993,32.613,4.155,5.384,6.435,2.638,6.614,0.892,3.064,0.407,0.535,0.516,0.952,1.021,67.387,33.395,3.817,5.135,6.782,3.643,6.559,0.601,2.732,0.349,0.688,0.659,0.998,1.434,66.615
35019,Don Valley East,55.897,16.42,8.123,9.099,6.052,2.386,3.205,1.009,4.989,1.817,0.385,1.155,1.258,44.103,55.57,17.245,7.868,8.398,5.172,2.304,3.606,1.083,5.184,1.993,0.369,1.163,1.186,44.442,56.189,15.676,8.361,9.723,6.824,2.469,2.859,0.943,4.816,1.67,0.4,1.148,1.322,43.811
35020,Don Valley North,67.018,9.666,31.942,4.661,4.249,1.187,2.026,0.839,6.231,3.489,0.594,0.643,1.487,32.982,67.456,9.917,32.751,4.043,3.661,1.148,2.213,0.869,6.753,3.547,0.517,0.672,1.365,32.544,66.623,9.439,31.211,5.219,4.771,1.223,1.858,0.812,5.751,3.436,0.663,0.616,1.606,33.377
35021,Don Valley West,35.948,12.579,8.607,2.082,2.881,1.102,0.788,0.541,3.245,1.789,0.859,0.404,1.071,64.052,35.691,13.393,8.311,1.747,2.234,1.059,0.911,0.593,3.536,1.62,0.815,0.413,1.059,64.309,36.183,11.845,8.876,2.388,3.462,1.131,0.677,0.493,2.978,1.953,0.899,0.406,1.083,63.817
35022,Dufferin--Caledon,7.383,2.142,0.578,1.695,0.487,0.765,0.139,0.274,0.165,0.078,0.217,0.604,0.235,92.617,7.23,2.16,0.671,1.707,0.305,0.845,0.148,0.366,0.192,0.07,0.2,0.348,0.226,92.779,7.545,2.125,0.494,1.691,0.668,0.685,0.121,0.182,0.139,0.087,0.234,0.867,0.234,92.455
35023,Durham,7.319,1.434,0.647,2.475,0.809,0.494,0.223,0.205,0.171,0.171,0.118,0.337,0.24,92.685,7.372,1.58,0.618,2.454,0.68,0.609,0.238,0.177,0.168,0.15,0.115,0.388,0.212,92.628,7.267,1.282,0.684,2.486,0.935,0.381,0.217,0.234,0.165,0.199,0.121,0.286,0.268,92.733
35024,Eglinton--Lawrence,28.919,2.599,3.396,6.072,9.225,2.514,0.518,1.135,0.82,0.748,0.423,0.581,0.892,71.081,26.584,2.905,3.431,5.703,7.107,2.603,0.653,1.043,0.838,0.712,0.331,0.448,0.799,73.406,30.916,2.328,3.358,6.381,11.045,2.437,0.41,1.206,0.804,0.77,0.502,0.695,0.971,69.084
35025,Elgin--Middlesex--London,3.309,0.55,0.365,0.476,0.199,0.323,0.37,0.508,0.208,0.134,0.051,0.014,0.111,96.691,3.273,0.488,0.347,0.535,0.15,0.375,0.394,0.497,0.15,0.131,0,0.028,0.15,96.718,3.343,0.61,0.383,0.419,0.246,0.273,0.355,0.51,0.264,0.137,0.073,0,0.073,96.657
35026,Essex,4.882,0.927,0.521,0.978,0.419,0.343,0.771,0.258,0.11,0.207,0.102,0.106,0.135,95.122,4.832,0.927,0.527,0.987,0.306,0.357,0.749,0.247,0.136,0.204,0.111,0.111,0.17,95.168,4.931,0.927,0.514,0.978,0.523,0.329,0.792,0.261,0.084,0.211,0.093,0.101,0.101,95.069
35027,Etobicoke Centre,24.976,5.948,2.281,5.745,2.043,2.573,0.781,0.622,0.896,2.114,0.516,0.662,0.794,75.02,24.648,6.074,2.213,5.685,1.722,2.444,0.778,0.593,0.935,2.259,0.583,0.472,0.889,75.343,25.28,5.842,2.343,5.791,2.335,2.681,0.801,0.658,0.851,1.981,0.447,0.826,0.717,74.72
35028,Etobicoke--Lakeshore,23.712,4.475,2.817,4.252,3.167,2.165,0.752,1.338,0.674,1.75,0.569,1.107,0.652,76.288,23.263,4.613,2.751,4.068,2.715,1.934,0.908,1.498,0.754,1.644,0.627,1.035,0.708,76.737,24.129,4.338,2.869,4.431,3.578,2.38,0.616,1.198,0.591,1.848,0.515,1.173,0.599,75.863
35029,Etobicoke North,72.771,30.071,1.589,21.216,3.622,4.251,2.115,1.973,2.209,0.431,0.142,3.493,1.663,27.233,72.613,31.626,1.572,19.951,3.268,4.248,2.287,1.961,2.234,0.424,0.15,3.118,1.784,27.387,72.913,28.592,1.597,22.43,3.96,4.237,1.959,1.984,2.186,0.437,0.126,3.842,1.547,27.079
35030,Flamborough--Glanbrook,8.648,2.17,0.663,1.688,0.637,0.564,0.927,0.653,0.57,0.197,0.109,0.337,0.14,91.357,8.265,2.017,0.512,1.755,0.481,0.554,1.045,0.669,0.481,0.146,0.094,0.303,0.178,91.735,9.014,2.31,0.811,1.622,0.78,0.575,0.801,0.637,0.657,0.246,0.113,0.359,0.113,90.975
35031,Glengarry--Prescott--Russell,2.389,0.279,0.246,1.069,0.13,0.154,0.159,0.092,0.034,0.058,0.053,0.096,0.029,97.611,2.374,0.269,0.183,1.115,0.096,0.163,0.211,0.086,0.048,0.067,0.058,0.067,0,97.626,2.394,0.29,0.309,1.004,0.164,0.145,0.097,0.106,0,0.039,0.058,0.116,0.039,97.615
35032,Guelph,15.694,4.118,2.779,1.406,1.63,0.958,0.531,2.397,0.809,0.232,0.12,0.166,0.547,84.306,15.871,4,2.72,1.527,1.561,0.964,0.623,2.61,0.802,0.179,0.136,0.196,0.563,84.121,15.527,4.239,2.834,1.292,1.679,0.953,0.444,2.196,0.816,0.283,0.113,0.137,0.533,84.481
35033,Haldimand--Norfolk,1.762,0.166,0.208,0.545,0.166,0.114,0,0.095,0.028,0.175,0.019,0.071,0.17,98.234,1.874,0.228,0.257,0.628,0.095,0.114,0,0.095,0,0.2,0,0.067,0.105,98.116,1.659,0.104,0.151,0.453,0.236,0.113,0,0.085,0,0.151,0,0.075,0.226,98.341
35034,Haliburton--Kawartha Lakes--Brock,1.847,0.371,0.223,0.418,0.246,0.084,0,0,0.019,0.241,0.079,0.032,0.097,98.158,1.865,0.382,0.168,0.382,0.298,0.084,0,0,0,0.289,0.075,0.028,0.075,98.135,1.82,0.37,0.268,0.453,0.203,0.083,0,0,0,0.194,0.083,0.037,0.12,98.171
35035,Hamilton Centre,18.235,2.028,2.361,5.043,1.579,2.095,0.71,2.463,0.598,0.511,0.128,0.235,0.485,81.765,18.044,2.028,2.415,5.461,1.223,1.834,0.897,2.364,0.611,0.428,0.143,0.214,0.408,81.956,18.426,2.029,2.316,4.612,1.937,2.357,0.523,2.552,0.584,0.584,0.113,0.266,0.564,81.574
35036,Hamilton East--Stoney Creek,15.06,6.151,0.692,2.374,0.622,1.398,0.935,1.552,0.266,0.21,0.103,0.29,0.467,84.936,15.499,6.638,0.657,2.416,0.667,1.266,0.899,1.604,0.29,0.184,0.116,0.319,0.454,84.511,14.658,5.704,0.724,2.336,0.589,1.53,0.969,1.503,0.244,0.235,0.1,0.263,0.471,85.342
35037,Hamilton Mountain,19.321,2.444,1.517,4.288,3.078,2.054,2.278,0.702,1.815,0.146,0.2,0.268,0.507,80.679,19.535,2.539,1.562,4.241,3.073,1.874,2.498,0.695,1.803,0.191,0.232,0.322,0.504,80.455,19.121,2.355,1.475,4.331,3.092,2.232,2.08,0.7,1.816,0.104,0.17,0.227,0.52,80.879
35038,Hamilton West--Ancaster--Dundas,16.889,3.853,3.078,2.468,1.125,1.078,2.024,0.435,0.927,0.861,0.288,0.236,0.52,83.106,17.398,4.165,3.282,2.544,0.932,0.932,2.058,0.447,1,0.932,0.34,0.311,0.476,82.602,16.407,3.558,2.885,2.406,1.318,1.207,1.991,0.415,0.857,0.802,0.24,0.166,0.553,83.593
35039,Hastings--Lennox and Addington,1.315,0.194,0.178,0.233,0.133,0.183,0.078,0.044,0,0.105,0.017,0.105,0.039,98.685,1.512,0.246,0.213,0.302,0.101,0.19,0.09,0.045,0,0.179,0.034,0.09,0,98.499,1.122,0.132,0.143,0.176,0.165,0.176,0.077,0.055,0,0.033,0,0.11,0.055,98.867
35040,Huron--Bruce,1.464,0.292,0.282,0.214,0.204,0.122,0.039,0.102,0,0.039,0.073,0.088,0.015,98.531,1.469,0.313,0.284,0.245,0.157,0.137,0.049,0.108,0,0.039,0.059,0.059,0,98.541,1.469,0.28,0.28,0.184,0.251,0.116,0.029,0.097,0,0.039,0.087,0.116,0,98.531
35041,Kanata--Carleton,21.804,4.628,6.552,2.474,0.821,0.811,1.918,2.229,0.837,0.346,0.19,0.326,0.661,78.196,20.747,4.671,6.124,2.194,0.498,0.792,1.899,2.183,0.934,0.345,0.152,0.295,0.65,79.263,22.835,4.587,6.969,2.748,1.147,0.84,1.938,2.264,0.741,0.336,0.237,0.356,0.682,77.175
35042,Kenora,1.324,0.094,0.141,0.056,0.732,0.094,0.019,0,0,0.038,0.122,0,0,98.686,1.091,0.113,0.169,0.075,0.47,0.075,0,0,0,0,0.113,0,0,98.909,1.556,0.056,0.112,0.037,1.012,0.112,0,0,0,0.056,0.131,0,0,98.444
35043,King--Vaughan,32.971,10.909,4.042,3.544,2.701,2.659,0.797,2.917,2.36,0.811,0.143,1.023,1.06,67.034,32.261,11.049,3.869,3.59,2.191,2.695,0.793,2.741,2.592,0.811,0.131,0.886,0.904,67.748,33.664,10.763,4.21,3.499,3.208,2.634,0.811,3.071,2.133,0.811,0.155,1.166,1.221,66.336
35044,Kingston and the Islands,7.686,1.752,1.659,0.966,0.591,0.702,0.578,0.3,0.357,0.384,0.159,0.093,0.159,92.31,7.709,1.925,1.657,0.907,0.555,0.629,0.666,0.287,0.398,0.37,0.093,0.046,0.167,92.291,7.664,1.585,1.653,1.02,0.616,0.767,0.497,0.304,0.32,0.388,0.211,0.126,0.152,92.336
35045,Kitchener Centre,14.595,2.819,1.608,2.759,0.367,2.144,0.908,2.184,0.943,0.208,0.134,0.174,0.352,85.41,14.532,2.842,1.486,2.892,0.352,1.938,1.014,2.139,0.904,0.201,0.11,0.241,0.432,85.468,14.646,2.796,1.736,2.629,0.392,2.335,0.795,2.237,0.971,0.216,0.147,0.108,0.284,85.354
35046,Kitchener--Conestoga,13.146,3.744,1.089,1.36,0.493,1.658,0.748,1.962,0.748,0.228,0.119,0.396,0.591,86.848,13.019,3.548,0.996,1.412,0.318,1.796,0.788,2.146,0.745,0.219,0.12,0.35,0.591,86.981,13.283,3.938,1.18,1.309,0.676,1.545,0.719,1.781,0.74,0.236,0.107,0.451,0.59,86.727
35047,Kitchener South--Hespeler,17.302,4.643,1.777,3.135,0.845,2.389,0.969,1.399,0.943,0.176,0.119,0.394,0.503,82.698,17.48,4.609,1.925,3.288,0.801,2.372,1.113,1.353,0.905,0.146,0.104,0.385,0.458,82.53,17.136,4.676,1.641,2.963,0.898,2.416,0.826,1.445,0.97,0.206,0.134,0.413,0.537,82.864
35048,Lambton--Kent--Middlesex,1.994,0.314,0.135,0.502,0.058,0.251,0.068,0.106,0.01,0.328,0.053,0.048,0.126,98.006,1.954,0.222,0.116,0.493,0.048,0.31,0.106,0.097,0,0.319,0.068,0.048,0.116,98.046,2.033,0.405,0.154,0.501,0.058,0.202,0,0.106,0,0.347,0,0.058,0.135,97.976
35049,Lanark--Frontenac--Kingston,1.472,0.255,0.26,0.27,0.073,0.057,0.151,0.078,0,0.088,0.047,0.047,0.13,98.528,1.386,0.188,0.24,0.344,0.042,0.042,0.146,0.073,0,0.073,0.042,0.073,0.083,98.614,1.547,0.322,0.27,0.197,0.093,0.073,0.145,0.083,0,0.104,0.042,0,0.187,98.443
35050,Leeds--Grenville--Thousand Islands and Rideau Lakes,1.772,0.405,0.323,0.231,0.302,0.072,0.077,0.22,0.015,0.041,0.026,0.036,0.026,98.228,1.779,0.458,0.312,0.27,0.229,0.062,0.094,0.198,0,0.042,0,0.031,0.042,98.232,1.776,0.353,0.343,0.182,0.373,0.081,0.071,0.242,0.02,0.05,0.05,0.03,0,98.224
35051,London--Fanshawe,16.305,1.396,0.989,3.216,0.827,3.157,3.53,1.51,0.653,0.195,0.072,0.318,0.441,83.695,17.094,1.403,0.987,3.516,0.762,3.343,3.663,1.593,0.762,0.199,0.061,0.338,0.459,82.897,15.545,1.389,0.981,2.928,0.89,2.978,3.402,1.431,0.549,0.191,0.083,0.308,0.433,84.463
35052,London North Centre,17.958,3.188,3.118,2.128,0.718,2.604,1.765,1.306,0.913,1.427,0.117,0.177,0.497,82.042,18.293,3.372,2.883,2.189,0.569,2.954,1.842,1.326,1.094,1.406,0.107,0.187,0.374,81.707,17.64,3.021,3.341,2.062,0.867,2.272,1.692,1.279,0.741,1.448,0.118,0.168,0.614,82.36
35053,London West,14.306,2.065,1.9,2.09,0.36,2.4,2.425,0.331,0.793,0.907,0.237,0.157,0.632,85.699,14.896,2.007,1.945,2.336,0.249,2.567,2.523,0.373,0.826,1.057,0.24,0.151,0.622,85.104,13.767,2.117,1.85,1.874,0.462,2.255,2.336,0.292,0.754,0.779,0.243,0.162,0.649,86.25
35054,Markham--Stouffville,45.754,15.285,16.402,3.789,3.683,0.655,0.775,0.914,0.863,0.323,0.402,0.826,1.846,54.251,45.351,15.963,16.133,3.541,3.153,0.606,0.748,0.852,0.881,0.275,0.464,0.899,1.856,54.649,46.137,14.632,16.667,4.016,4.196,0.693,0.81,0.972,0.855,0.36,0.351,0.756,1.828,53.872
35055,Markham--Thornhill,82.009,30.815,35.21,4.127,2.984,0.459,0.957,1.084,2.266,1.182,0.195,1.026,1.68,17.991,81.547,31.085,35.126,3.952,2.615,0.482,1.081,1.16,2.271,1.111,0.216,0.973,1.494,18.453,82.445,30.558,35.294,4.299,3.348,0.437,0.825,1.019,2.271,1.262,0.175,1.077,1.863,17.545
35056,Markham--Unionville,78.824,10.886,57.229,1.892,1.854,0.375,1.537,0.73,1.143,0.519,0.423,0.245,2.002,21.176,78.242,10.987,56.888,1.862,1.518,0.374,1.518,0.68,1.232,0.493,0.493,0.246,1.971,21.748,79.361,10.788,57.552,1.92,2.172,0.365,1.554,0.787,1.049,0.534,0.365,0.243,2.032,20.639
35057,Milton,29.018,13.619,1.992,3.164,3.181,1.918,1.757,0.66,0.356,0.327,0.178,0.821,1.051,70.982,29.328,14.037,1.939,3.216,2.961,1.811,1.858,0.685,0.337,0.348,0.174,0.79,1.184,70.684,28.717,13.223,2.067,3.113,3.397,2.011,1.647,0.648,0.386,0.307,0.17,0.852,0.92,71.294
35058,Mississauga Centre,66.954,26.378,11.6,4.975,6.558,2.361,6.409,2.598,1.312,1.333,0.317,1.405,1.713,33.046,66.554,26.579,11.255,4.423,6.202,2.246,6.962,2.816,1.468,1.373,0.276,1.209,1.745,33.437,67.33,26.186,11.94,5.498,6.899,2.471,5.879,2.396,1.153,1.294,0.357,1.592,1.683,32.67
35059,Mississauga East--Cooksville,47.2,16.488,5.2,6.418,6.988,2.396,2.569,3.019,1.161,0.533,0.273,0.938,1.214,52.796,46.676,16.971,5.365,5.663,6.359,2.369,2.759,3.022,1.146,0.586,0.28,0.917,1.239,53.324,47.704,16.022,5.051,7.126,7.585,2.429,2.389,3.016,1.182,0.491,0.273,0.957,1.198,52.296
35060,Mississauga--Erin Mills,59.523,23.454,9.864,6.537,5.069,1.902,4.941,1.644,1.253,1.472,0.455,1.228,1.708,40.473,58.987,24.071,9.863,6.062,4.651,1.752,5.028,1.629,1.402,1.454,0.394,1.051,1.629,41.021,60.045,22.868,9.864,6.986,5.471,2.045,4.865,1.658,1.119,1.481,0.513,1.406,1.784,39.946
35061,Mississauga--Lakeshore,26.08,7.637,3.759,3.614,2.97,1.423,1.777,1.065,0.827,0.92,0.362,0.912,0.81,73.92,25.652,8.118,3.566,3.435,2.572,1.317,2.005,1.046,0.889,0.907,0.34,0.828,0.636,74.348,26.49,7.168,3.951,3.784,3.351,1.534,1.55,1.084,0.775,0.934,0.383,0.992,0.984,73.51
35062,Mississauga--Malton,75.202,37.746,6.134,10.356,6.907,2.263,2.254,3.407,1.417,0.435,0.111,2.139,2.036,24.798,74.71,38.264,5.972,9.789,6.448,2.389,2.371,3.54,1.454,0.441,0.104,2.12,1.844,25.29,75.687,37.245,6.293,10.91,7.346,2.14,2.14,3.277,1.382,0.43,0.126,2.165,2.233,24.322
35063,Mississauga--Streetsville,47.733,19.056,5.926,6.027,5.158,2.64,3.121,1.573,0.759,0.65,0.266,1.181,1.362,52.271,47.648,19.09,5.878,5.878,4.832,2.553,3.462,1.637,0.908,0.6,0.266,1.062,1.474,52.352,47.82,19.022,5.981,6.172,5.466,2.716,2.783,1.52,0.615,0.706,0.257,1.304,1.263,52.18
35064,Nepean,27.775,7.149,6.473,4.265,1.531,0.923,3.159,2.348,0.536,0.271,0.232,0.193,0.696,72.225,27.56,7.296,6.42,4.372,1.172,0.896,3.308,2.196,0.571,0.236,0.207,0.217,0.65,72.45,27.992,7.007,6.514,4.163,1.877,0.958,3.006,2.494,0.512,0.303,0.256,0.171,0.74,72.008
35065,Newmarket--Aurora,20.256,3.537,4.386,2.578,1.536,1.185,0.789,2.712,1.259,0.738,0.369,0.443,0.719,79.744,20.093,3.505,4.301,2.539,1.213,1.118,0.862,2.814,1.336,0.796,0.369,0.417,0.805,79.907,20.419,3.568,4.467,2.615,1.842,1.258,0.719,2.624,1.195,0.683,0.368,0.467,0.647,79.581
35066,Niagara Centre,4.92,0.496,0.549,1.492,0.404,0.799,0.375,0.226,0.12,0.149,0.087,0.111,0.116,95.08,4.829,0.561,0.511,1.456,0.364,0.797,0.384,0.226,0.128,0.138,0.089,0.059,0.128,95.151,4.996,0.434,0.584,1.518,0.452,0.801,0.368,0.217,0.113,0.16,0.085,0.151,0.113,94.994
35067,Niagara Falls,8.087,1.025,1.34,1.854,1.164,0.913,0.167,0.514,0.136,0.267,0.283,0.108,0.315,91.913,7.689,1.111,1.202,1.548,0.996,0.906,0.222,0.535,0.173,0.305,0.231,0.099,0.362,92.311,8.462,0.944,1.47,2.135,1.315,0.913,0.108,0.495,0.101,0.232,0.34,0.124,0.278,91.538
35068,Niagara West,2.682,0.67,0.359,0.517,0.194,0.335,0.059,0.147,0.029,0.159,0.065,0.041,0.094,97.318,2.743,0.677,0.297,0.618,0.095,0.416,0.048,0.143,0,0.19,0.048,0.071,0.095,97.257,2.621,0.664,0.419,0.431,0.291,0.245,0.07,0.14,0,0.14,0.082,0,0.093,97.379
35069,Nickel Belt,1.384,0.2,0.25,0.25,0.072,0.128,0.217,0.089,0.017,0.067,0,0,0.083,98.616,1.377,0.211,0.3,0.266,0.067,0.111,0.189,0.089,0,0.056,0,0,0.078,98.612,1.391,0.167,0.2,0.234,0.078,0.156,0.256,0.1,0.033,0.089,0,0,0.089,98.609
35070,Nipissing--Timiskaming,2.037,0.369,0.481,0.599,0.078,0.134,0.056,0.028,0.05,0.011,0.039,0.067,0.123,97.963,2.243,0.389,0.492,0.71,0.069,0.137,0.069,0,0.092,0,0.034,0.103,0.126,97.757,1.851,0.34,0.471,0.493,0.088,0.131,0,0,0,0.022,0.033,0.022,0.12,98.149
35071,Northumberland--Peterborough South,2.462,0.453,0.277,0.563,0.387,0.167,0.038,0.043,0.081,0.134,0.091,0.119,0.11,97.538,2.298,0.506,0.204,0.536,0.282,0.185,0.039,0.049,0.097,0.117,0.078,0.127,0.117,97.712,2.629,0.402,0.356,0.599,0.487,0.15,0.037,0.028,0.065,0.15,0.112,0.112,0.112,97.371
35072,Oakville,19.655,5.953,3.312,2.214,1.61,1.137,1.403,0.891,0.659,1.12,0.338,0.38,0.642,80.341,19.009,5.905,3.241,2.149,1.302,1.031,1.406,0.83,0.716,1.197,0.314,0.314,0.603,80.982,20.26,6.006,3.379,2.267,1.898,1.236,1.399,0.949,0.597,1.047,0.368,0.434,0.671,79.74
35073,Oakville North--Burlington,24.281,8.447,3.13,2.842,1.887,1.684,1.746,0.601,0.76,1.459,0.473,0.332,0.915,75.724,23.726,8.534,2.929,2.721,1.678,1.496,1.805,0.562,0.726,1.542,0.426,0.381,0.925,76.283,24.81,8.374,3.311,2.967,2.087,1.854,1.682,0.638,0.793,1.38,0.517,0.293,0.914,75.198
35074,Oshawa,8.098,1.475,0.766,2.87,0.697,0.657,0.218,0.262,0.242,0.137,0.06,0.335,0.383,91.906,8.386,1.531,0.795,3.03,0.571,0.671,0.215,0.248,0.215,0.141,0.083,0.414,0.48,91.614,7.824,1.414,0.738,2.71,0.809,0.652,0.22,0.275,0.275,0.126,0.047,0.259,0.299,92.168
35075,Ottawa Centre,19.298,2.793,4.196,4.018,0.815,1.225,2.141,1.758,0.738,0.314,0.387,0.282,0.629,80.698,19.465,3.069,3.827,4.202,0.636,1.245,2.499,1.61,0.842,0.337,0.374,0.271,0.561,80.526,19.139,2.53,4.545,3.835,0.994,1.19,1.793,1.891,0.648,0.293,0.408,0.284,0.701,80.861
35076,Orleans,20.054,3.687,2.085,6.522,1.055,1.047,3.051,0.716,0.754,0.127,0.14,0.25,0.619,79.95,19.527,3.586,1.981,6.291,0.829,0.855,3.368,0.724,0.811,0.131,0.122,0.244,0.593,80.482,20.544,3.782,2.184,6.757,1.261,1.228,2.761,0.725,0.692,0.124,0.157,0.255,0.651,79.456
35077,Ottawa South,36.274,4.091,3.838,10.57,1.483,1.782,9.556,1.624,1.491,0.191,0.316,0.332,1.009,63.73,35.94,4.309,4.015,9.312,1.327,1.83,10.153,1.673,1.535,0.173,0.182,0.303,1.145,64.06,36.585,3.898,3.674,11.725,1.626,1.746,9.007,1.578,1.451,0.207,0.438,0.351,0.885,63.415
35078,Ottawa--Vanier,25.45,3.299,2.361,9.538,1.507,1.694,3.425,1.199,1.027,0.336,0.201,0.261,0.602,74.554,25.473,3.477,2.341,9.049,1.254,1.714,3.741,1.244,1.156,0.392,0.215,0.255,0.646,74.527,25.43,3.129,2.389,9.983,1.729,1.685,3.138,1.159,0.909,0.267,0.187,0.276,0.562,74.57
35079,Ottawa West--Nepean,26.816,3.782,5.173,5.726,1.88,1.153,4.075,2.09,1.239,0.279,0.201,0.256,0.97,73.189,26.854,4.275,4.962,5.516,1.517,1.136,4.38,2.109,1.288,0.267,0.21,0.248,0.954,73.146,26.778,3.337,5.366,5.911,2.213,1.177,3.794,2.073,1.186,0.29,0.193,0.255,0.984,73.213
35080,Oxford,2.566,0.369,0.309,0.781,0.215,0.159,0.075,0.365,0.042,0.112,0.061,0.019,0.061,97.438,2.739,0.424,0.301,0.941,0.141,0.16,0.085,0.358,0.056,0.094,0.056,0.028,0.075,97.261,2.386,0.306,0.316,0.622,0.288,0.158,0.056,0.371,0,0.13,0.056,0,0.046,97.614
35081,Parkdale--High Park,25.594,4.766,3.785,4.785,2.161,2.195,0.576,1.746,0.8,0.99,0.683,1.912,1.19,74.401,24.764,5.079,3.707,4.611,1.666,1.93,0.731,1.635,0.711,0.914,0.64,1.92,1.209,75.246,26.361,4.476,3.857,4.946,2.618,2.44,0.432,1.839,0.882,1.07,0.723,1.905,1.173,73.63
35082,Parry Sound--Muskoka,1.492,0.237,0.187,0.243,0.158,0.141,0,0.198,0.107,0.096,0.028,0.045,0.04,98.508,1.392,0.297,0.125,0.297,0.068,0.103,0,0.171,0,0.114,0,0,0.068,98.608,1.591,0.179,0.235,0.191,0.235,0.168,0,0.224,0.134,0.09,0,0.045,0,98.397
35083,Perth--Wellington,2.014,0.345,0.36,0.345,0.199,0.229,0.088,0.151,0,0.18,0.029,0.058,0.029,97.986,1.783,0.325,0.286,0.315,0.138,0.177,0.089,0.148,0,0.128,0.039,0.079,0.049,98.217,2.24,0.365,0.423,0.375,0.25,0.279,0.077,0.154,0,0.231,0.029,0.038,0,97.76
35084,Peterborough--Kawartha,3.333,0.772,0.484,0.577,0.093,0.209,0.129,0.382,0.129,0.249,0.084,0.089,0.138,96.667,3.483,0.852,0.467,0.55,0.082,0.22,0.137,0.412,0.147,0.266,0.073,0.11,0.165,96.517,3.192,0.688,0.499,0.602,0.103,0.198,0.129,0.353,0.112,0.232,0.095,0.069,0.103,96.808
35085,Pickering--Uxbridge,29.46,9.055,1.966,9.508,2.769,0.798,0.775,0.591,0.775,0.291,0.258,1.352,1.32,70.54,28.611,9.124,1.814,9.2,2.418,0.614,0.822,0.605,0.822,0.302,0.283,1.237,1.37,71.399,30.28,8.98,2.112,9.801,3.105,0.966,0.731,0.578,0.722,0.289,0.235,1.471,1.282,69.72
35086,Renfrew--Nipissing--Pembroke,1.98,0.391,0.491,0.426,0.115,0.095,0.065,0.105,0,0.095,0.09,0,0.075,98.02,2.123,0.431,0.471,0.531,0.1,0.09,0.08,0.13,0,0.09,0.08,0,0.09,97.877,1.836,0.361,0.512,0.311,0.13,0.11,0.05,0.07,0,0.1,0.09,0,0.07,98.174
35087,Richmond Hill,54.892,6.631,27.62,1.942,2.247,0.606,1.679,0.883,8.753,2.594,0.462,0.31,1.17,45.112,54.681,7.029,27.704,1.989,1.827,0.583,1.721,0.717,8.654,2.534,0.459,0.306,1.148,45.328,55.095,6.259,27.534,1.907,2.641,0.627,1.63,1.039,8.847,2.65,0.466,0.304,1.191,44.905
35088,Carleton,10.487,1.966,1.949,1.571,0.603,0.76,1.752,0.76,0.259,0.242,0.163,0.051,0.422,89.518,10.481,1.947,1.845,1.573,0.441,0.792,1.935,0.736,0.272,0.306,0.192,0.068,0.407,89.508,10.471,1.984,2.04,1.57,0.751,0.729,1.57,0.785,0.247,0.191,0.135,0.034,0.437,89.518
35089,St. Catharines,9.619,0.995,1.47,1.999,0.848,1.511,0.88,0.507,0.272,0.276,0.23,0.272,0.346,90.381,10.444,1.056,1.444,2.412,0.765,1.734,0.969,0.562,0.32,0.31,0.252,0.233,0.397,89.547,8.871,0.949,1.493,1.616,0.922,1.3,0.808,0.457,0.237,0.246,0.22,0.316,0.299,91.129
35090,Toronto--St. Paul's,26.793,3.211,3.961,5.021,5.154,2.984,0.612,0.617,1.174,1.544,0.868,0.478,1.179,73.202,25.014,3.274,3.868,4.949,3.663,2.874,0.735,0.713,1.199,1.599,0.616,0.389,1.145,74.986,28.294,3.149,4.047,5.073,6.397,3.076,0.508,0.526,1.152,1.497,1.08,0.554,1.207,71.706
35091,Sarnia--Lambton,3.642,1.091,0.627,0.68,0.345,0.23,0.134,0.12,0.038,0.081,0.019,0.12,0.153,96.358,3.573,1.227,0.638,0.56,0.255,0.245,0.167,0.098,0.059,0.079,0.029,0.118,0.098,96.437,3.707,0.962,0.616,0.794,0.439,0.215,0.112,0.131,0,0.084,0,0.112,0.215,96.293
35092,Sault Ste. Marie,1.597,0.335,0.385,0.329,0.05,0.149,0.106,0.05,0,0.05,0.062,0,0.05,98.403,1.809,0.369,0.471,0.395,0,0.166,0.178,0,0,0.064,0,0,0.038,98.178,1.394,0.303,0.291,0.279,0.073,0.121,0,0.061,0,0.024,0.109,0,0.048,98.606
35093,Scarborough--Agincourt,78.982,15.09,45.976,5.294,3.78,0.615,1.631,0.987,1.863,0.634,0.334,0.823,1.96,21.013,78.862,15.752,46.543,4.256,3.584,0.57,1.731,0.977,1.945,0.703,0.265,0.58,1.955,21.138,79.1,14.49,45.453,6.244,3.957,0.646,1.531,1.005,1.78,0.572,0.397,1.042,1.974,20.9
35094,Scarborough Centre,64.415,24.635,9.124,8.541,10.927,1.785,1.775,1.431,1.836,0.373,0.443,1.971,1.584,35.595,63.508,25.525,9.031,7.889,9.747,1.791,2.013,1.404,2.004,0.358,0.397,1.733,1.607,36.492,65.241,23.816,9.2,9.146,12.02,1.779,1.545,1.455,1.68,0.377,0.485,2.183,1.554,34.75
35095,Scarborough--Guildwood,68.08,31.651,5.588,13.509,7.583,1.796,0.513,0.955,2.483,0.239,0.179,2.204,1.378,31.925,67.83,33.714,5.362,11.732,7.338,1.708,0.515,0.937,2.686,0.237,0.175,2.007,1.42,32.191,68.324,29.73,5.809,15.173,7.813,1.869,0.52,0.973,2.293,0.231,0.173,2.389,1.339,31.686
35096,Scarborough North,90.052,25.381,43.659,7.118,6.678,0.739,0.729,1.437,0.474,0.27,0.15,1.507,1.912,9.948,89.73,25.818,43.095,6.678,6.771,0.751,0.751,1.513,0.484,0.257,0.154,1.327,2.12,10.259,90.365,24.959,44.17,7.531,6.601,0.737,0.708,1.367,0.465,0.271,0.145,1.687,1.725,9.644
35097,Scarborough--Rouge Park,70.185,30.99,4.543,14.413,9.238,1.415,0.543,1.635,1.067,0.328,0.196,3.647,2.164,29.815,69.712,31.777,4.518,13.351,8.955,1.499,0.557,1.783,1.175,0.365,0.162,3.464,2.097,30.298,70.634,30.257,4.567,15.408,9.504,1.336,0.531,1.488,0.967,0.294,0.237,3.809,2.227,29.366
35098,Scarborough Southwest,51.123,18.265,6.324,9.976,8.365,1.439,0.75,1.315,1.276,0.229,0.325,1.281,1.582,48.877,50.144,18.779,6.253,9.479,7.355,1.33,0.814,1.459,1.479,0.228,0.228,1.171,1.578,49.866,52.033,17.787,6.39,10.447,9.304,1.549,0.701,1.189,1.079,0.24,0.415,1.383,1.577,47.958
35099,Simcoe--Grey,2.653,0.324,0.32,0.509,0.307,0.267,0.026,0.206,0,0.153,0.158,0.14,0.215,97.347,2.51,0.32,0.249,0.516,0.222,0.276,0,0.249,0,0.151,0.107,0.098,0.24,97.482,2.801,0.32,0.389,0.501,0.389,0.268,0,0.173,0,0.164,0.207,0.182,0.19,97.199
35100,Simcoe North,2.602,0.534,0.439,0.628,0.297,0.236,0.076,0.061,0,0.132,0.047,0.033,0.113,97.403,2.507,0.54,0.386,0.569,0.241,0.26,0.058,0.087,0,0.154,0.029,0,0.135,97.493,2.683,0.537,0.481,0.685,0.352,0.213,0.093,0.046,0,0.12,0.065,0.019,0.102,97.326
35101,Spadina--Fort York,40.471,6.551,15.434,5.038,2.27,1.95,1.483,1.938,1.359,1.519,0.683,0.609,1.642,59.523,39.41,7.134,14.762,4.814,2.061,1.753,1.592,1.716,1.53,1.259,0.679,0.617,1.493,60.578,41.526,5.973,16.103,5.249,2.465,2.146,1.361,2.171,1.19,1.778,0.699,0.601,1.791,58.474
35102,Stormont--Dundas--South Glengarry,3.571,1.824,0.35,0.405,0.096,0.091,0.233,0.248,0.051,0,0.041,0.015,0.218,96.424,3.724,1.93,0.301,0.488,0.073,0.093,0.259,0.28,0.041,0,0,0,0.218,96.276,3.425,1.723,0.396,0.317,0.109,0.099,0.198,0.228,0,0,0.059,0.02,0.228,96.575
35103,Sudbury,3.383,0.517,0.639,0.817,0.161,0.222,0.289,0.267,0.083,0.128,0.028,0.067,0.167,96.617,3.84,0.588,0.75,0.98,0.138,0.173,0.369,0.311,0.127,0.138,0,0,0.208,96.148,2.947,0.439,0.536,0.664,0.171,0.268,0.214,0.236,0,0.118,0.032,0.086,0.139,97.043
35104,Thornhill,31.63,6.528,7.6,1.869,4.614,0.944,0.46,1.14,3.314,3.679,0.242,0.397,0.843,68.375,31.302,6.924,7.602,1.743,3.815,0.829,0.509,0.989,3.419,3.881,0.245,0.471,0.867,68.698,31.935,6.157,7.597,1.988,5.362,1.051,0.415,1.281,3.216,3.498,0.239,0.318,0.83,68.057
35105,Thunder Bay--Rainy River,2.161,0.245,0.502,0.312,0.184,0.147,0,0.245,0.037,0,0.171,0.086,0.208,97.839,2.339,0.286,0.56,0.274,0.174,0.187,0,0.261,0.05,0,0.224,0.087,0.249,97.661,1.989,0.217,0.446,0.35,0.193,0.121,0,0.229,0,0,0.133,0.072,0.181,98.011
35106,Thunder Bay--Superior North,2.789,0.566,0.456,0.425,0.419,0.166,0.148,0.191,0.043,0,0.228,0.074,0.062,97.205,3.09,0.695,0.472,0.509,0.36,0.149,0.174,0.149,0,0,0.31,0.124,0.062,96.91,2.504,0.44,0.428,0.342,0.464,0.183,0.122,0.232,0,0,0.147,0,0.073,97.508
35107,Timmins--James Bay,1.595,0.368,0.287,0.337,0.237,0.069,0.118,0,0.025,0.019,0,0,0.081,98.405,1.53,0.308,0.345,0.358,0.16,0,0.197,0,0,0,0,0,0.062,98.47,1.662,0.416,0.227,0.327,0.327,0.088,0,0,0,0,0,0,0.101,98.35
35108,Toronto Centre,47.676,11.02,9.256,9.145,5.811,2.338,1.375,2.265,1.163,2.043,0.673,0.924,1.659,52.318,44.266,10.596,8.357,8.115,4.646,2.638,1.577,2.06,1.125,1.808,0.62,0.936,1.787,55.734,51.52,11.487,10.28,10.316,7.11,1.999,1.136,2.496,1.23,2.295,0.722,0.923,1.538,48.48
35109,Toronto--Danforth,32.694,4.604,14.06,4.13,2.651,1.035,0.351,1.45,0.723,0.483,0.801,0.806,1.611,67.301,31.781,4.887,13.875,3.732,2.279,0.985,0.408,1.483,0.776,0.448,0.737,0.607,1.553,68.229,33.576,4.331,14.239,4.504,3.009,1.073,0.307,1.418,0.671,0.517,0.872,0.997,1.667,66.414
35110,University--Rosedale,29.2,3.386,12.687,2.485,1.245,1.452,1.6,1.161,0.964,1.876,0.853,0.397,1.086,70.806,28.3,3.333,11.954,2.655,0.863,1.42,1.836,1.18,1.049,1.836,0.601,0.415,1.147,71.7,30.047,3.447,13.377,2.326,1.595,1.482,1.379,1.142,0.885,1.914,1.101,0.381,1.029,69.953
35111,Vaughan--Woodbridge,25.802,9.154,2.013,2.028,1.339,2.463,1.473,3.343,1.731,0.569,0.014,0.708,0.976,74.193,25.397,9.329,2.094,1.957,1.1,2.425,1.509,3.214,1.821,0.536,0,0.497,0.915,74.593,26.194,8.985,1.927,2.086,1.57,2.5,1.447,3.468,1.645,0.602,0,0.912,1.024,73.806
35112,Waterloo,20.187,5.208,6.489,1.473,0.453,1.114,1.596,1.005,1.074,0.833,0.227,0.325,0.389,79.813,20.82,5.477,6.458,1.585,0.366,1.139,1.714,1.099,1.149,0.872,0.198,0.297,0.446,79.2,19.561,4.961,6.52,1.363,0.529,1.069,1.471,0.912,1,0.784,0.255,0.343,0.333,80.429
35113,Wellington--Halton Hills,3.763,1.14,0.526,0.636,0.32,0.456,0.022,0.123,0.044,0.039,0.11,0.136,0.215,96.241,3.623,1.181,0.52,0.591,0.15,0.432,0.035,0.123,0.062,0.044,0.079,0.115,0.309,96.377,3.911,1.1,0.533,0.681,0.489,0.48,0,0.122,0.026,0.035,0.14,0.157,0.131,96.107
35114,Whitby,19.221,4.735,1.908,6.189,1.875,0.827,0.628,0.283,0.524,0.341,0.224,0.711,0.985,80.779,18.743,4.511,1.869,6.304,1.555,0.731,0.646,0.28,0.476,0.433,0.204,0.637,1.079,81.257,19.687,4.956,1.945,6.071,2.173,0.92,0.61,0.285,0.562,0.252,0.244,0.773,0.887,80.321
35115,Willowdale,60.251,4.524,22.87,2.175,4.878,1.012,1.664,0.501,9.674,10.304,0.851,0.248,1.549,39.744,59.345,4.723,21.858,1.903,3.96,1.005,1.797,0.425,10.383,10.625,0.879,0.241,1.565,40.655,61.085,4.344,23.793,2.431,5.714,1.009,1.545,0.57,9.031,10.023,0.825,0.263,1.536,38.924
35116,Windsor--Tecumseh,13.156,1.661,0.778,3.677,1.264,0.993,3.227,0.52,0.302,0.114,0.017,0.324,0.271,86.844,13.145,1.806,0.781,3.259,1.307,1.017,3.368,0.517,0.345,0.145,0.027,0.336,0.254,86.846,13.158,1.535,0.784,4.057,1.215,0.97,3.095,0.523,0.27,0.084,0.017,0.312,0.278,86.834
35117,Windsor West,29.21,5.527,4.72,4.707,1.726,0.987,6.975,2.238,1.068,0.132,0.06,0.359,0.705,70.785,29.759,5.851,4.872,4.56,1.396,1.04,7.42,2.332,1.101,0.139,0.035,0.416,0.607,70.241,28.68,5.212,4.564,4.85,2.046,0.935,6.551,2.147,1.044,0.135,0.076,0.312,0.8,71.329
35118,York Centre,39.848,3.36,2.475,7.576,12.461,4.87,0.845,2.676,1.67,1.132,0.191,0.911,1.69,60.152,38.3,3.549,2.465,7.407,10.808,4.75,1.041,2.678,1.743,1.158,0.181,0.967,1.552,61.711,41.24,3.181,2.484,7.728,13.947,4.987,0.669,2.675,1.605,1.099,0.191,0.86,1.815,58.75
35119,York--Simcoe,6.638,1.375,0.945,1.042,0.746,0.473,0.156,0.816,0.199,0.204,0.172,0.172,0.344,93.362,6.314,1.371,0.863,0.95,0.54,0.54,0.151,0.745,0.194,0.27,0.14,0.173,0.367,93.697,6.958,1.379,1.015,1.133,0.951,0.406,0.16,0.887,0.203,0.15,0.192,0.171,0.321,93.021
35120,York South--Weston,54.292,7.129,2.386,21.151,4.703,9.036,0.462,4.825,0.353,0.518,0.165,1.825,1.733,45.704,53.407,7.191,2.476,19.71,4.357,9.529,0.587,5.136,0.486,0.459,0.156,1.706,1.614,46.593,55.096,7.082,2.297,22.456,5.017,8.599,0.348,4.553,0.232,0.572,0.166,1.94,1.841,44.904
35121,Humber River--Black Creek,72.211,16.001,3.628,22.43,2.861,9.131,2.037,8.638,1.679,0.461,0.112,2.717,2.521,27.789,71.944,16.618,3.712,20.894,2.391,9.495,2.293,8.814,1.885,0.437,0.175,2.731,2.507,28.056,72.466,15.426,3.551,23.84,3.292,8.806,1.793,8.476,1.499,0.491,0.062,2.703,2.534,27.543
46001,Brandon--Souris,7.229,0.681,1.737,0.737,0.787,2.506,0.131,0.144,0.037,0.225,0.081,0.081,0.081,92.764,7.986,0.805,1.878,0.958,0.792,2.76,0.115,0.153,0.051,0.256,0,0.064,0.128,92.014,6.506,0.563,1.59,0.538,0.783,2.25,0.135,0.135,0,0.196,0.135,0.122,0.049,93.494
46002,Charleswood--St. James--Assiniboia--Headingley,7.185,1.407,0.703,1.733,1.344,0.377,0.226,0.163,0.107,0.484,0.283,0.094,0.27,92.809,6.749,1.303,0.691,1.772,1.147,0.3,0.235,0.182,0.091,0.378,0.182,0.13,0.339,93.251,7.59,1.503,0.703,1.697,1.516,0.449,0.206,0.133,0.121,0.582,0.376,0.061,0.218,92.41
46003,Churchill--Keewatinook Aski,1.553,0.621,0.066,0.287,0.257,0.06,0.06,0.084,0.018,0.012,0.036,0.012,0.036,98.447,1.613,0.577,0.082,0.306,0.224,0.082,0.094,0.118,0.024,0.024,0.024,0,0.035,98.399,1.491,0.667,0.049,0.267,0.303,0.049,0.036,0.049,0,0,0.049,0,0,98.496
46004,Dauphin--Swan River--Neepawa,1.727,0.298,0.179,0.167,0.619,0.155,0.054,0.071,0,0.113,0.018,0.048,0,98.279,2.304,0.343,0.189,0.201,0.898,0.248,0.083,0.13,0,0.106,0,0.059,0,97.72,1.141,0.24,0.168,0.132,0.336,0.06,0.036,0,0,0.12,0,0,0,98.859
46005,Elmwood--Transcona,14.136,2.119,1.018,2.254,4.384,1.901,0.177,1.254,0.23,0.118,0.147,0.135,0.4,85.864,14.473,2.028,0.996,2.496,4.428,2.064,0.156,1.224,0.228,0.096,0.12,0.204,0.432,85.527,13.824,2.217,1.039,2.033,4.331,1.744,0.196,1.282,0.231,0.139,0.173,0.058,0.37,86.176
46006,Kildonan--St. Paul,13.279,2.07,0.902,1.298,6.852,0.63,0.074,0.76,0.037,0.049,0.13,0.142,0.334,86.715,13.646,2.09,1.006,1.393,6.978,0.671,0.116,0.709,0,0,0.116,0.181,0.322,86.354,12.952,2.052,0.818,1.198,6.749,0.593,0.024,0.807,0.047,0.059,0.142,0.107,0.344,87.048
46007,Portage--Lisgar,2.396,0.397,0.07,0.508,0.514,0.286,0.327,0.082,0,0.012,0.164,0.018,0,97.604,2.027,0.408,0.047,0.431,0.314,0.245,0.314,0.082,0,0,0.116,0,0,97.973,2.768,0.387,0.094,0.575,0.715,0.328,0.34,0.082,0,0,0.211,0,0,97.232
46008,Provencher,2.243,0.225,0.116,0.497,0.815,0.202,0,0.162,0,0.058,0.023,0.064,0.069,97.757,2.416,0.239,0.114,0.479,0.889,0.216,0,0.205,0,0.068,0,0.08,0.08,97.584,2.066,0.2,0.117,0.528,0.739,0.188,0,0.117,0,0.047,0,0.047,0.07,97.934
46009,Saint Boniface--Saint Vital,14.8,3.191,2.25,3.263,1.723,0.922,0.704,0.655,0.455,0.358,0.285,0.255,0.716,85.206,15.122,3.127,2.264,3.652,1.626,0.951,0.763,0.7,0.438,0.363,0.288,0.213,0.763,84.878,14.486,3.262,2.249,2.897,1.802,0.895,0.66,0.624,0.483,0.365,0.294,0.306,0.683,85.502
46010,Selkirk--Interlake--Eastman,1.387,0.328,0.192,0.283,0.198,0.04,0.04,0.091,0,0,0.068,0.096,0.023,98.613,1.373,0.259,0.203,0.349,0.146,0,0.034,0,0,0.023,0.101,0.09,0,98.638,1.411,0.387,0.182,0.216,0.262,0,0.046,0.125,0,0,0.034,0.114,0,98.6
46011,Winnipeg Centre,35.782,1.814,2.661,5.233,20.014,1.178,0.458,2.336,0.229,0.331,0.261,0.344,0.91,64.218,35.605,1.742,2.486,5.604,19.349,1.451,0.618,2.335,0.24,0.202,0.252,0.404,0.909,64.395,35.967,1.888,2.839,4.855,20.681,0.899,0.308,2.338,0.218,0.45,0.283,0.283,0.925,64.033
46012,Winnipeg North,42.634,6.527,1.265,1.907,28.566,0.716,0.092,1.912,0.218,0.223,0.109,0.275,0.836,57.366,42.725,6.971,1.205,1.731,28.082,0.877,0.082,2.047,0.246,0.269,0.129,0.269,0.842,57.263,42.546,6.102,1.335,2.064,29.03,0.55,0.101,1.784,0.191,0.191,0.079,0.28,0.819,57.465
46013,Winnipeg South,25.831,7.168,6.758,3.673,2.336,1.159,0.975,0.826,0.612,0.868,0.285,0.422,0.743,74.175,26.285,7.544,7.097,3.651,2.116,1.233,0.979,0.931,0.629,0.774,0.278,0.411,0.617,73.703,25.38,6.804,6.43,3.694,2.56,1.087,0.959,0.725,0.596,0.959,0.292,0.433,0.853,74.62
46014,Winnipeg South Centre,13.738,3.106,2.49,1.85,2.422,0.905,0.554,0.543,0.447,0.764,0.209,0.119,0.328,86.257,13.811,3.296,2.552,1.843,2.044,0.945,0.614,0.65,0.484,0.721,0.177,0.142,0.331,86.2,13.682,2.932,2.422,1.857,2.769,0.858,0.478,0.445,0.423,0.804,0.239,0.098,0.337,86.329
47001,Battlefords--Lloydminster,3.123,0.473,0.291,0.306,1.573,0.204,0,0.051,0,0.08,0.036,0,0.087,96.877,3.37,0.552,0.334,0.421,1.54,0.218,0,0,0,0.087,0,0,0.131,96.644,2.89,0.394,0.248,0.19,1.606,0.19,0,0,0,0,0.073,0,0,97.125
47002,Cypress Hills--Grasslands,2.763,0.237,0.608,0.245,1.35,0.142,0,0.039,0,0.095,0,0,0,97.237,2.94,0.204,0.739,0.346,1.305,0.126,0,0,0,0.11,0,0,0,97.06,2.569,0.254,0.46,0.127,1.38,0.174,0,0,0,0.095,0,0,0,97.415
47003,Desnethe--Missinippi--Churchill River,0.758,0.058,0.131,0.051,0.204,0,0,0.16,0,0.029,0,0,0.088,99.249,0.621,0.072,0.13,0.058,0.159,0,0,0,0,0.043,0,0,0,99.365,0.884,0.044,0.133,0.029,0.265,0,0,0.236,0,0,0,0,0.103,99.101
47004,Carlton Trail--Eagle Creek,2.187,0.212,0.425,0.191,0.58,0.269,0.05,0.191,0,0.028,0,0.142,0.099,97.813,2.446,0.295,0.464,0.253,0.562,0.253,0.028,0.225,0,0.028,0,0.225,0.098,97.554,1.925,0.114,0.371,0.128,0.599,0.285,0.071,0.157,0,0.029,0,0,0,98.075
47005,Moose Jaw--Lake Centre--Lanigan,2.984,0.292,0.57,0.583,0.814,0.203,0.014,0.17,0,0.163,0.061,0.027,0.068,97.022,3.152,0.256,0.62,0.741,0.849,0.108,0,0.175,0,0.229,0,0,0.121,96.848,2.801,0.328,0.519,0.423,0.792,0.301,0.027,0.164,0,0.123,0.082,0,0,97.172
47006,Prince Albert,2.461,0.352,0.496,0.346,0.587,0.189,0,0.117,0.046,0.15,0.098,0.02,0.039,97.539,2.564,0.387,0.548,0.347,0.614,0.254,0,0.08,0.053,0.093,0.12,0,0,97.422,2.361,0.332,0.434,0.357,0.549,0.128,0,0.166,0.051,0.204,0.077,0,0,97.652
47007,Regina--Lewvan,9.757,2.524,1.198,1.485,2.422,0.574,0.153,0.605,0.293,0.166,0,0.115,0.178,90.25,10.044,2.775,1.055,1.576,2.501,0.612,0.169,0.573,0.261,0.195,0,0.104,0.208,89.969,9.469,2.27,1.335,1.397,2.37,0.536,0.137,0.636,0.324,0.15,0,0.112,0.162,90.531
47008,Regina--Qu'Appelle,5.829,1.155,0.8,1.036,1.002,0.417,0.111,0.883,0.063,0.063,0.118,0.049,0.132,94.171,5.83,1.059,0.678,1.115,0.974,0.339,0.155,1.087,0,0.056,0.085,0,0.141,94.198,5.842,1.248,0.919,0.974,1.015,0.494,0.069,0.686,0,0.069,0.151,0,0.137,94.172
47009,Regina--Wascana,13.736,2.825,3.017,1.588,2.177,0.701,0.516,1.839,0.251,0.337,0.066,0.033,0.384,86.271,14.649,3.284,3.068,1.73,2.068,0.676,0.405,2.081,0.311,0.378,0.108,0.041,0.473,85.365,12.86,2.372,2.969,1.439,2.282,0.726,0.622,1.595,0.194,0.311,0,0,0.311,87.127
47010,Saskatoon--Grasswood,11.247,2.713,2.854,1.191,1.459,0.43,0.62,0.183,0.669,0.218,0.254,0.275,0.373,88.753,11.824,2.981,2.865,1.353,1.309,0.422,0.742,0.262,0.829,0.218,0.262,0.175,0.422,88.176,10.705,2.447,2.844,1.039,1.613,0.438,0.52,0.123,0.533,0.219,0.246,0.369,0.328,89.308
47011,Saskatoon--University,11.809,3.396,2.602,0.947,2.182,0.26,1.001,0.634,0.3,0.14,0.053,0.073,0.2,88.197,12.268,3.695,2.553,1.075,2.284,0.269,1.008,0.645,0.336,0.134,0.04,0.094,0.148,87.732,11.342,3.101,2.663,0.822,2.067,0.252,0.994,0.623,0.265,0.146,0.066,0.066,0.252,88.658
47012,Saskatoon West,14.958,1.98,1.814,1.236,5.535,0.97,0.292,1.482,0.505,0.159,0.086,0.246,0.658,85.042,15.43,2.01,1.686,1.268,5.921,1.133,0.351,1.565,0.459,0.202,0.081,0.216,0.566,84.556,14.499,1.952,1.938,1.205,5.174,0.825,0.249,1.401,0.537,0.131,0.092,0.275,0.747,85.488
47013,Souris--Moose Mountain,2.04,0.32,0.22,0.242,0.832,0.028,0,0.192,0,0.064,0.071,0.014,0.036,97.96,1.914,0.377,0.182,0.21,0.684,0,0,0.21,0,0.084,0.098,0,0.056,98.086,2.172,0.275,0.261,0.275,0.985,0.043,0,0.174,0,0.043,0.058,0,0.029,97.828
47014,Yorkton--Melville,2.141,0.057,0.329,0.365,1.167,0,0.014,0.043,0,0.029,0.086,0.021,0.029,97.859,2.22,0.115,0.372,0.329,1.218,0,0,0,0,0,0,0,0,97.78,2.062,0,0.272,0.415,1.117,0,0,0,0,0,0.115,0,0,97.924
48001,Banff--Airdrie,8.22,1.6,0.939,0.949,1.81,0.729,0.254,0.21,0.029,0.494,0.895,0.054,0.259,91.785,8.24,1.854,0.99,1.077,1.504,0.679,0.252,0.165,0.039,0.563,0.747,0.068,0.301,91.76,8.201,1.342,0.888,0.819,2.112,0.78,0.257,0.257,0,0.424,1.046,0,0.227,91.799
48002,Battle River--Crowfoot,2.722,0.223,0.273,0.328,0.859,0.293,0.159,0.243,0.015,0.094,0.084,0.074,0.07,97.278,2.593,0.274,0.205,0.284,0.89,0.137,0.157,0.342,0,0.108,0.049,0.068,0.078,97.417,2.854,0.171,0.343,0.383,0.827,0.454,0.161,0.141,0,0.101,0.131,0.091,0.061,97.136
48003,Bow River,10.855,2.552,0.886,1.423,2.491,0.638,0.461,1.291,0.035,0.091,0.491,0.076,0.425,89.145,11.425,2.56,0.929,1.601,2.53,0.801,0.514,1.314,0.04,0.089,0.573,0.109,0.366,88.585,10.266,2.543,0.841,1.225,2.45,0.467,0.394,1.266,0.031,0.093,0.405,0.042,0.488,89.745
48004,Calgary Centre,22.81,3.21,5.915,3.333,2.853,1.897,1.079,0.894,0.713,1.446,0.609,0.233,0.637,77.194,22.258,3.435,5.316,3.919,2.206,2.076,1.192,0.801,0.801,1.173,0.512,0.223,0.596,77.751,23.386,2.974,6.532,2.722,3.519,1.711,0.972,0.991,0.622,1.73,0.71,0.233,0.68,76.614
48005,Calgary Confederation,19.37,2.807,7.607,1.873,1.39,1.252,0.792,0.842,0.465,0.713,0.838,0.184,0.603,80.635,18.807,2.872,7.376,2.037,0.853,1.394,0.881,0.743,0.541,0.706,0.615,0.211,0.56,81.183,19.932,2.742,7.829,1.699,1.92,1.108,0.702,0.932,0.388,0.72,1.062,0.148,0.646,80.059
48006,Calgary Forest Lawn,47.577,11.022,5.227,6.097,7.95,2.565,4.98,6.768,0.666,0.037,0.168,0.489,1.601,52.423,47.419,10.933,5.052,6.427,7.355,2.731,5.061,6.809,0.737,0.055,0.127,0.473,1.675,52.581,47.747,11.115,5.42,5.753,8.572,2.391,4.896,6.724,0.591,0,0.219,0.514,1.533,52.253
48007,Calgary Heritage,21.682,3.092,4.725,2.072,5.759,2.171,0.833,0.458,0.487,0.856,0.472,0.206,0.557,78.318,21.313,3.251,4.615,2.17,5.099,2.331,0.862,0.436,0.521,0.824,0.493,0.171,0.55,78.687,22.051,2.928,4.831,1.977,6.411,2.023,0.794,0.48,0.462,0.887,0.453,0.249,0.564,77.958
48008,Calgary Midnapore,17.781,2.813,4.161,1.534,4.634,1.625,0.483,0.587,0.364,0.346,0.524,0.164,0.551,82.219,17.268,2.79,3.993,1.577,4.249,1.723,0.52,0.538,0.447,0.383,0.456,0.137,0.456,82.722,18.293,2.846,4.328,1.491,5.019,1.518,0.445,0.627,0.282,0.318,0.582,0.182,0.646,81.717
48009,Calgary Nose Hill,40.347,6.99,19.839,2.759,3.094,1.306,1.329,1.852,0.825,0.513,0.633,0.248,0.944,59.658,39.843,7.12,19.667,2.704,2.787,1.361,1.333,1.694,0.972,0.519,0.574,0.194,0.898,60.167,40.841,6.863,20.007,2.823,3.404,1.262,1.334,2.006,0.672,0.508,0.69,0.3,0.989,59.159
48010,Calgary Rocky Ridge,29.058,6.368,9.564,2.408,2.529,1.797,1.477,0.861,0.903,1.468,0.486,0.222,0.968,70.946,28.993,6.562,9.307,2.454,2.228,1.927,1.42,1.015,0.968,1.542,0.385,0.235,0.978,71.007,29.119,6.18,9.813,2.364,2.83,1.67,1.534,0.721,0.84,1.397,0.593,0.219,0.958,70.881
48011,Calgary Shepard,19.356,3.074,2.084,2.071,4.775,1.669,0.784,2.85,0.328,0.151,0.392,0.228,0.953,80.639,18.779,3.013,1.966,2.255,4.384,1.723,0.749,2.859,0.334,0.153,0.307,0.198,0.857,81.221,19.956,3.146,2.196,1.891,5.185,1.605,0.812,2.842,0.323,0.157,0.48,0.277,1.043,80.044
48012,Calgary Signal Hill,22.789,3.943,5.077,2.171,2.925,1.56,1.708,1.051,1.148,1.898,0.43,0.384,0.495,77.211,22.71,4.333,5.094,2.219,2.247,1.457,1.809,1.066,1.247,1.923,0.419,0.409,0.467,77.3,22.864,3.584,5.052,2.125,3.557,1.648,1.603,1.045,1.054,1.873,0.441,0.36,0.513,77.136
48013,Calgary Skyview,59.612,31.38,4.221,5.161,7.798,2.528,2.035,2.793,1.921,0.155,0.205,0.287,1.123,40.388,59.737,32.433,3.978,5.048,7.404,2.574,2.066,2.537,1.876,0.136,0.245,0.281,1.16,40.263,59.485,30.303,4.476,5.276,8.199,2.491,1.994,3.061,1.976,0.165,0.175,0.285,1.075,40.515
48014,Edmonton Centre,22.61,2.219,4.785,4.276,4.594,1.518,0.936,2.327,0.607,0.421,0.279,0.167,0.495,77.385,23.02,2.337,4.461,4.538,4.2,1.709,1.255,2.501,0.734,0.348,0.251,0.183,0.502,76.989,22.191,2.108,5.13,3.997,4.991,1.312,0.597,2.138,0.467,0.497,0.298,0.139,0.497,77.809
48015,Edmonton Griesbach,24.719,1.718,4.871,6.009,2.253,2.136,2.681,3.177,0.384,0.073,0.156,0.38,0.886,75.276,24.979,1.975,4.758,6.221,2.004,2.222,2.764,3.077,0.37,0.066,0.066,0.408,1.035,75.031,24.461,1.437,4.99,5.788,2.515,2.046,2.595,3.273,0.399,0.08,0.25,0.339,0.729,75.549
48016,Edmonton Manning,33.885,6.336,7.361,5.705,3.645,2.586,2.691,2.781,1.144,0.119,0.128,0.308,1.087,66.105,33.813,6.78,7.489,5.629,3.376,2.417,2.791,2.781,0.997,0.038,0.105,0.316,1.093,66.178,33.96,5.901,7.235,5.779,3.9,2.753,2.593,2.791,1.287,0.197,0.16,0.301,1.081,66.031
48017,Edmonton Mill Woods,42.409,23.083,2.786,3.834,6.839,2.029,0.5,1.262,0.71,0.238,0.181,0.257,0.691,57.591,41.998,23.399,2.51,3.989,6.375,2.08,0.515,1.202,0.601,0.248,0.2,0.258,0.639,57.992,42.808,22.768,3.061,3.679,7.301,1.977,0.485,1.312,0.808,0.228,0.162,0.257,0.751,57.192
48018,Edmonton Riverbend,35.296,9.228,12.313,2.413,3.403,1.299,1.204,0.976,0.838,1.98,0.576,0.171,0.876,64.704,34.84,9.53,12.186,2.285,3.066,1.289,1.182,1.006,0.957,1.816,0.439,0.195,0.898,65.16,35.729,8.942,12.451,2.535,3.733,1.318,1.226,0.938,0.734,2.136,0.715,0.158,0.854,64.271
48019,Edmonton Strathcona,16.464,2.809,4.434,1.496,2.147,1.178,1.034,0.761,0.795,0.656,0.442,0.244,0.482,83.536,16.672,3.075,4.301,1.582,1.819,1.285,1.157,0.791,1.018,0.593,0.386,0.198,0.455,83.338,16.253,2.529,4.568,1.409,2.469,1.07,0.92,0.72,0.57,0.72,0.49,0.29,0.51,83.747
48020,Edmonton West,27.696,3.714,6.004,3.092,7.73,1.142,1.245,1.706,1.162,0.457,0.175,0.287,0.987,72.304,27.54,3.763,6.071,3.367,7.378,0.99,1.347,1.783,1.277,0.406,0.099,0.317,0.743,72.46,27.848,3.667,5.94,2.827,8.079,1.28,1.136,1.633,1.041,0.516,0.258,0.248,1.203,72.152
48021,Edmonton--Wetaskiwin,15.297,4.926,2.401,1.356,3.232,0.689,0.461,0.735,0.333,0.406,0.146,0.087,0.516,84.703,14.789,4.954,2.255,1.349,2.889,0.58,0.516,0.688,0.435,0.417,0.091,0.109,0.525,85.202,15.804,4.897,2.559,1.362,3.581,0.801,0.405,0.801,0.23,0.396,0.203,0.074,0.506,84.186
48022,Foothills,3.82,0.816,0.469,0.469,0.845,0.298,0.063,0.278,0,0.107,0.317,0.073,0.093,96.18,3.995,0.902,0.504,0.582,0.611,0.359,0.087,0.301,0,0.126,0.339,0.078,0.087,95.995,3.631,0.728,0.423,0.354,1.082,0.236,0.03,0.256,0,0.079,0.295,0.069,0.089,96.359
48023,Fort McMurray--Cold Lake,13.376,4.191,0.808,2.197,2.458,1.123,1.305,0.616,0.158,0.059,0.049,0.084,0.325,86.624,12.886,4.329,0.829,2.459,1.732,1.032,1.326,0.525,0.166,0.037,0.037,0.092,0.313,87.124,13.949,4.032,0.794,1.884,3.291,1.238,1.281,0.709,0.148,0.085,0.063,0.085,0.339,86.041
48024,Grande Prairie--Mackenzie,4.368,0.649,0.403,0.502,1.672,0.284,0.123,0.114,0.057,0.227,0.114,0.071,0.147,95.637,3.973,0.701,0.433,0.498,1.217,0.23,0.203,0.129,0,0.249,0.101,0,0.166,96.027,4.775,0.585,0.37,0.497,2.154,0.331,0.039,0.097,0.097,0.214,0.127,0.117,0.136,95.225
48025,Lakeland,2.676,0.414,0.217,0.325,0.823,0.197,0.103,0.163,0.084,0.138,0.039,0.02,0.158,97.319,2.595,0.476,0.253,0.272,0.661,0.165,0.126,0.175,0.097,0.165,0.029,0,0.156,97.405,2.76,0.34,0.18,0.38,0.98,0.22,0.07,0.17,0,0.11,0.06,0,0.16,97.25
48026,Lethbridge,7.268,0.939,1.109,0.832,0.783,0.691,0.161,0.394,0.068,0.195,1.746,0.18,0.175,92.732,7.484,0.966,1.016,0.917,0.71,0.749,0.187,0.394,0.089,0.207,1.824,0.177,0.246,92.526,7.058,0.922,1.191,0.749,0.855,0.643,0.144,0.394,0.048,0.192,1.671,0.173,0.106,92.951
48027,Medicine Hat--Cardston--Warner,3.62,0.483,0.478,0.802,0.458,0.504,0.139,0.159,0,0.103,0.309,0.036,0.144,96.38,3.477,0.521,0.448,0.791,0.416,0.51,0.177,0.167,0,0.115,0.167,0.031,0.135,96.533,3.76,0.447,0.518,0.803,0.508,0.498,0.112,0.152,0,0.091,0.447,0,0.142,96.24
48028,Peace River--Westlock,3.074,0.492,0.296,0.191,1.265,0.32,0.181,0.033,0,0.138,0.062,0,0.076,96.931,3.332,0.532,0.336,0.252,1.325,0.364,0.187,0.037,0,0.14,0.075,0,0.065,96.677,2.804,0.44,0.264,0.127,1.202,0.283,0.176,0.029,0,0.127,0.049,0,0.088,97.196
48029,Red Deer--Mountain View,5.487,0.929,0.785,0.637,1.552,0.525,0.139,0.316,0.033,0.13,0.102,0.051,0.288,94.508,5.27,0.914,0.905,0.746,1.231,0.457,0.131,0.308,0.056,0.131,0.112,0.047,0.205,94.73,5.703,0.935,0.667,0.518,1.879,0.593,0.139,0.324,0.019,0.13,0.093,0.056,0.361,94.288
48030,Red Deer--Lacombe,4.974,0.403,0.399,0.52,1.766,0.851,0.058,0.193,0.233,0.125,0.148,0.058,0.224,95.026,5.044,0.436,0.347,0.596,1.664,0.934,0.08,0.16,0.302,0.125,0.133,0.044,0.214,94.947,4.903,0.37,0.433,0.442,1.869,0.758,0,0.226,0.172,0.117,0.153,0.081,0.244,95.088
48031,St. Albert--Edmonton,18.362,2.325,3.766,2.243,3.05,0.677,3.098,1.499,0.504,0.125,0.154,0.269,0.648,81.638,18.608,2.48,3.739,2.236,2.636,0.742,3.446,1.494,0.469,0.146,0.215,0.293,0.693,81.402,18.123,2.174,3.791,2.25,3.441,0.614,2.76,1.503,0.529,0.104,0.095,0.246,0.614,81.868
48032,Sherwood Park--Fort Saskatchewan,5.241,1.374,0.716,0.607,0.988,0.517,0.109,0.299,0.063,0.104,0.177,0.113,0.181,94.759,5.062,1.377,0.634,0.706,0.869,0.489,0.109,0.281,0.072,0.091,0.181,0.1,0.172,94.938,5.419,1.371,0.799,0.508,1.116,0.545,0.109,0.318,0.045,0.118,0.172,0.118,0.191,94.572
48033,Sturgeon River--Parkland,3.317,0.627,0.292,0.584,0.79,0.258,0.302,0.086,0,0.048,0.215,0.067,0.062,96.683,3.336,0.567,0.236,0.709,0.662,0.246,0.378,0.113,0,0.047,0.236,0.085,0.038,96.674,3.298,0.689,0.349,0.446,0.931,0.252,0.223,0.068,0,0.039,0.194,0.039,0.078,96.702
48034,Yellowhead,2.73,0.272,0.272,0.324,1.018,0.154,0.175,0.185,0,0.067,0.062,0.159,0.046,97.27,2.44,0.32,0.28,0.39,0.66,0.15,0.16,0.18,0,0.06,0.08,0.13,0.03,97.55,3.037,0.222,0.265,0.243,1.386,0.159,0.19,0.19,0,0.074,0.042,0.201,0.063,96.963
59001,Abbotsford,22.034,14.748,1.448,0.872,0.761,0.629,0.264,0.671,0.1,1.406,0.359,0.359,0.412,77.966,22.508,14.998,1.424,1.079,0.734,0.626,0.291,0.691,0.097,1.306,0.281,0.496,0.442,77.492,21.58,14.508,1.47,0.673,0.787,0.621,0.238,0.642,0.093,1.502,0.435,0.217,0.393,78.42
59002,Burnaby North--Seymour,42.375,3.697,23.575,0.896,2.987,1.461,0.393,1.214,1.692,3.042,1.798,0.181,1.44,57.625,41.13,3.693,23.133,0.952,2.517,1.218,0.471,1.248,1.627,3.08,1.668,0.194,1.32,58.87,43.583,3.69,24.003,0.843,3.442,1.696,0.327,1.18,1.746,3.015,1.934,0.159,1.547,56.417
59003,Burnaby South,63.385,8.298,34.1,1.349,6.09,1.781,0.778,1.968,1.915,3.283,1.761,0.125,1.939,36.615,61.562,8.706,32.657,1.448,5.121,1.822,0.995,1.851,1.92,3.309,1.763,0.089,1.891,38.438,65.11,7.901,35.471,1.245,7.012,1.741,0.58,2.069,1.91,3.258,1.76,0.159,1.985,34.89
59004,Cariboo--Prince George,6.026,2.5,1.203,0.49,0.807,0.135,0.135,0.243,0,0.084,0.317,0.051,0.061,93.969,5.641,2.411,1.219,0.419,0.577,0.121,0.14,0.261,0,0.102,0.307,0.037,0.037,94.359,6.414,2.58,1.197,0.561,1.047,0.14,0.131,0.224,0,0.065,0.327,0.065,0.084,93.586
59005,Central Okanagan--Similkameen--Nicola,4.656,1.5,0.669,0.462,0.408,0.266,0.133,0.256,0.044,0.192,0.506,0.064,0.152,95.349,4.806,1.72,0.658,0.516,0.243,0.263,0.182,0.253,0.04,0.223,0.465,0.121,0.111,95.184,4.505,1.31,0.67,0.411,0.564,0.258,0.077,0.249,0.048,0.153,0.555,0,0.191,95.495
59006,Chilliwack--Hope,4.879,1.047,0.641,0.378,0.68,0.444,0.049,0.395,0.038,0.63,0.285,0.137,0.154,95.126,4.759,1.059,0.624,0.39,0.524,0.435,0.067,0.39,0.045,0.713,0.256,0.123,0.134,95.252,4.995,1.025,0.658,0.367,0.831,0.453,0.043,0.399,0.032,0.539,0.313,0.162,0.173,94.994
59007,Cloverdale--Langley City,23.867,10.412,2.957,0.991,3.222,0.941,0.155,2.021,0.265,1.261,0.62,0.25,0.766,76.133,24.465,10.975,2.85,1.085,3.114,1.014,0.172,2.069,0.233,1.248,0.588,0.375,0.73,75.545,23.277,9.866,3.061,0.899,3.328,0.859,0.148,1.965,0.296,1.284,0.652,0.119,0.8,76.713
59008,Coquitlam--Port Coquitlam,40.656,4.329,16.556,1.105,3.242,1.662,0.813,0.954,4.794,4.758,1.059,0.205,1.183,59.34,40.192,4.261,16.763,1.044,2.769,1.678,0.858,1.026,4.68,4.578,1.044,0.205,1.305,59.799,41.092,4.394,16.367,1.163,3.696,1.638,0.779,0.877,4.886,4.94,1.065,0.206,1.065,58.908
59009,Courtenay--Alberni,3.598,0.57,0.914,0.306,0.468,0.269,0,0.339,0.056,0.172,0.269,0.06,0.181,96.402,3.459,0.551,0.846,0.371,0.39,0.257,0,0.323,0.038,0.181,0.247,0.067,0.19,96.541,3.732,0.58,0.987,0.235,0.552,0.281,0,0.353,0.072,0.163,0.29,0.054,0.172,96.268
59010,Cowichan--Malahat--Langford,5.157,1.772,0.817,0.406,0.678,0.252,0.026,0.283,0.067,0.123,0.457,0.092,0.17,94.848,5.1,1.832,0.739,0.51,0.541,0.26,0.031,0.291,0.052,0.114,0.396,0.125,0.208,94.9,5.222,1.714,0.892,0.304,0.811,0.243,0,0.284,0.091,0.122,0.537,0.061,0.132,94.788
59011,Delta,30.021,17.127,5.695,0.598,2.644,0.719,0.126,0.543,0.116,0.412,1.036,0.327,0.684,69.979,29.609,17.417,5.438,0.612,2.336,0.694,0.102,0.582,0.133,0.367,0.969,0.255,0.694,70.381,30.41,16.835,5.935,0.595,2.943,0.733,0.139,0.505,0.099,0.446,1.1,0.406,0.674,69.6
59012,Fleetwood--Port Kells,62.263,27.139,11.116,1.315,9.306,1.058,0.664,4.545,0.692,4.243,0.655,0.137,1.402,37.741,62.308,27.193,10.796,1.345,8.876,1.224,0.779,4.656,0.863,4.276,0.612,0.158,1.54,37.692,62.211,27.085,11.428,1.286,9.735,0.887,0.534,4.437,0.525,4.211,0.697,0.109,1.268,37.789
59013,Kamloops--Thompson--Cariboo,5.465,1.802,1.059,0.24,0.515,0.146,0.356,0.172,0.03,0.214,0.789,0.043,0.094,94.54,5.321,1.774,1.154,0.189,0.379,0.112,0.456,0.172,0,0.172,0.749,0.043,0.086,94.688,5.6,1.83,0.966,0.291,0.641,0.171,0.248,0.171,0,0.256,0.829,0.043,0.111,94.4
59014,Kelowna--Lake Country,6.721,2.311,1.061,0.387,0.646,0.438,0.106,0.203,0.101,0.295,0.803,0.18,0.189,93.279,6.527,2.339,1.038,0.396,0.481,0.462,0.113,0.245,0.085,0.321,0.698,0.17,0.17,93.473,6.907,2.284,1.074,0.379,0.804,0.415,0.108,0.163,0.126,0.28,0.903,0.19,0.199,93.093
59015,Kootenay--Columbia,2.858,0.667,0.615,0.241,0.27,0.156,0,0.095,0.024,0.137,0.402,0.151,0.08,97.147,2.786,0.623,0.538,0.321,0.246,0.151,0,0.094,0,0.142,0.397,0.142,0.076,97.214,2.921,0.711,0.683,0.161,0.303,0.152,0,0.095,0,0.142,0.408,0.171,0.076,97.079
59016,Langley--Aldergrove,13.638,3.832,2.752,0.488,0.967,0.533,0.212,1.016,0.182,2.442,0.666,0.074,0.474,86.367,13.81,4.043,2.822,0.64,0.891,0.47,0.16,1.011,0.2,2.332,0.67,0.09,0.45,86.19,13.471,3.628,2.675,0.331,1.031,0.593,0.253,1.012,0.165,2.548,0.652,0.058,0.496,86.529
59017,Mission--Matsqui--Fraser Canyon,22.906,19.012,0.771,0.726,0.231,0.411,0,0.518,0.186,0.276,0.411,0.056,0.287,77.094,22.64,19,0.787,0.674,0.213,0.348,0,0.461,0.146,0.27,0.348,0.056,0.337,77.36,23.173,19.023,0.756,0.767,0.248,0.485,0,0.564,0.226,0.293,0.474,0.068,0.237,76.816
59018,Nanaimo--Ladysmith,6.497,1.761,1.574,0.454,0.551,0.271,0.067,0.574,0.182,0.298,0.44,0.178,0.147,93.508,6.071,1.736,1.381,0.454,0.427,0.227,0.082,0.627,0.182,0.245,0.391,0.118,0.209,93.929,6.895,1.785,1.75,0.444,0.679,0.313,0.052,0.522,0.183,0.34,0.488,0.235,0.096,93.105
59019,New Westminster--Burnaby,46.661,10.639,14.712,2.262,8.297,1.775,0.848,1.386,1.85,2.529,1.119,0.187,1.058,53.329,45.097,10.737,14.557,2.281,7.355,1.815,0.893,1.292,1.843,2.261,0.884,0.19,0.998,54.903,48.186,10.544,14.865,2.244,9.205,1.736,0.812,1.477,1.865,2.788,1.357,0.185,1.117,51.814
59020,North Okanagan--Shuswap,2.475,0.503,0.372,0.194,0.22,0.186,0.055,0.182,0.038,0.059,0.528,0.03,0.118,97.525,2.371,0.543,0.405,0.241,0.112,0.138,0.069,0.138,0.052,0.052,0.526,0,0.069,97.629,2.582,0.455,0.348,0.149,0.331,0.223,0.033,0.215,0.025,0.066,0.538,0.033,0.157,97.426
59021,North Vancouver,25.925,2.797,4.801,0.484,4.326,1.032,0.359,0.396,6.906,2.377,1.589,0.147,0.71,74.08,24.905,2.718,4.626,0.553,3.644,1.145,0.41,0.334,7.077,2.108,1.354,0.153,0.782,75.095,26.869,2.87,4.973,0.41,4.964,0.918,0.312,0.455,6.746,2.62,1.818,0.143,0.651,73.131
59022,Pitt Meadows--Maple Ridge,12.827,2.933,2.218,1.214,2.127,0.773,0.075,0.79,0.564,1.01,0.5,0.102,0.526,87.178,12.376,2.824,2.115,1.308,1.985,0.72,0.109,0.774,0.6,1.058,0.349,0.109,0.436,87.624,13.274,3.049,2.318,1.122,2.265,0.815,0.053,0.815,0.54,0.953,0.656,0.095,0.603,86.726
59023,Port Moody--Coquitlam,33.553,3.774,10.949,1.258,3.569,1.511,0.412,1.188,2.862,5.617,1.207,0.145,1.066,66.447,32.22,3.772,10.265,1.314,3.134,1.36,0.497,1.154,2.852,5.545,1.154,0.141,1.032,67.771,34.875,3.786,11.637,1.203,4,1.651,0.317,1.222,2.872,5.688,1.259,0.14,1.1,65.116
59024,Prince George--Peace River--Northern Rockies,3.3,0.902,0.494,0.366,0.931,0.114,0.043,0.133,0.043,0.071,0.128,0,0.071,96.7,3.056,0.926,0.398,0.417,0.75,0.065,0.083,0.102,0.037,0.056,0.13,0,0.074,96.944,3.557,0.867,0.594,0.312,1.121,0.156,0,0.156,0.049,0.088,0.127,0,0.078,96.443
59025,Richmond Centre,70.355,4.701,51.422,0.671,5.801,0.934,0.451,1.073,0.542,0.665,1.916,0.161,2.012,29.65,69.381,5.144,50.781,0.595,5.088,0.82,0.528,1.078,0.528,0.64,1.853,0.202,2.089,30.619,71.229,4.285,51.993,0.74,6.453,1.038,0.39,1.069,0.565,0.678,1.973,0.113,1.942,28.771
59026,Esquimalt--Saanich--Sooke,9.874,2.592,2.376,0.995,1.318,0.534,0.058,0.812,0.13,0.229,0.48,0.135,0.22,90.122,9.297,2.462,2.214,1.043,1.107,0.522,0.064,0.805,0.146,0.229,0.32,0.119,0.275,90.703,10.437,2.717,2.532,0.941,1.512,0.545,0.053,0.827,0.114,0.229,0.633,0.158,0.167,89.572
59027,Saanich--Gulf Islands,12.25,2.302,5.54,0.627,0.872,0.48,0.269,0.431,0.25,0.416,0.647,0.132,0.299,87.746,12.501,2.551,5.81,0.749,0.547,0.435,0.314,0.395,0.233,0.364,0.547,0.202,0.334,87.509,12.024,2.078,5.277,0.522,1.186,0.512,0.228,0.456,0.256,0.456,0.731,0.057,0.266,87.985
59028,Skeena--Bulkley Valley,4.072,1.365,0.474,0.262,0.724,0.128,0.033,0.579,0.022,0.017,0.357,0.045,0.072,95.928,3.674,1.243,0.578,0.283,0.48,0.098,0,0.6,0,0,0.251,0.033,0.065,96.337,4.488,1.492,0.376,0.251,0.98,0.159,0,0.558,0,0,0.467,0.046,0.091,95.512
59029,South Okanagan--West Kootenay,4.477,2.216,0.522,0.366,0.348,0.179,0,0.22,0.087,0.055,0.38,0.055,0.069,95.523,4.338,2.314,0.534,0.337,0.215,0.178,0,0.187,0.056,0.037,0.347,0.066,0.056,95.662,4.611,2.122,0.501,0.394,0.475,0.17,0,0.251,0.116,0.072,0.403,0.036,0.081,95.389
59030,South Surrey--White Rock,18.871,5.975,7.188,0.549,1.348,0.375,0.283,0.299,0.109,1.713,0.522,0.152,0.364,81.129,19.043,6.459,7.09,0.574,1.216,0.367,0.298,0.298,0.161,1.595,0.505,0.149,0.333,80.968,18.716,5.539,7.276,0.527,1.457,0.372,0.289,0.3,0.062,1.819,0.548,0.155,0.372,81.273
59031,Steveston--Richmond East,70.5,10.542,42.789,0.645,7.552,0.843,0.551,1.196,0.78,0.78,2.06,0.224,2.538,29.495,69.484,10.849,41.968,0.731,6.968,0.753,0.624,1.151,0.72,0.753,2.032,0.194,2.742,30.516,71.442,10.255,43.548,0.564,8.109,0.927,0.494,1.239,0.836,0.806,2.085,0.262,2.347,28.548
59032,Surrey Centre,60.11,33.235,4.772,1.851,8.134,1.92,1.506,4.899,0.528,1.519,0.368,0.318,1.074,39.885,58.727,32.945,4.692,1.854,7.424,1.881,1.585,4.71,0.51,1.657,0.287,0.269,0.931,41.273,61.544,33.537,4.854,1.849,8.858,1.951,1.433,5.095,0.546,1.387,0.444,0.361,1.23,38.465
59033,Surrey--Newton,72.166,59.015,2.786,1.317,3.868,1.144,0.507,1.235,0.665,0.168,0.421,0.297,0.728,27.839,72.434,59.817,2.863,1.32,3.566,1.128,0.472,1.099,0.713,0.164,0.414,0.183,0.684,27.576,71.895,58.218,2.72,1.322,4.166,1.179,0.533,1.36,0.628,0.171,0.438,0.409,0.77,28.105
59034,Vancouver Centre,33.828,2.959,10.1,0.995,1.989,2.578,1.579,1.445,4.127,3.642,3.147,0.213,1.049,66.167,30.903,3.009,8.509,1.188,1.6,2.558,1.955,1.504,4.216,2.97,2.194,0.192,0.997,69.107,36.953,2.906,11.809,0.798,2.405,2.599,1.187,1.371,4.032,4.359,4.175,0.235,1.095,63.037
59035,Vancouver East,44.794,2.223,24.49,1.39,5.668,1.876,0.221,4.436,0.582,0.784,1.275,0.207,1.645,55.211,41.61,2.19,23.217,1.515,4.564,1.776,0.309,3.976,0.666,0.589,1.071,0.193,1.554,58.4,47.961,2.265,25.746,1.257,6.765,1.977,0.144,4.904,0.499,0.979,1.478,0.211,1.746,52.03
59036,Vancouver Granville,48.116,3.097,31.904,0.958,3.723,0.998,0.469,0.988,0.896,1.446,2.216,0.244,1.171,51.884,46.795,3.303,32.116,1.039,2.571,1.039,0.667,0.886,0.93,1.367,1.499,0.241,1.127,53.205,49.266,2.926,31.7,0.886,4.727,0.972,0.295,1.077,0.867,1.506,2.85,0.238,1.21,50.724
59037,North Island--Powell River,2.726,0.363,0.368,0.324,0.393,0.295,0.02,0.575,0,0.039,0.157,0.088,0.108,97.279,2.697,0.364,0.413,0.295,0.325,0.295,0.03,0.601,0,0.03,0.158,0.089,0.098,97.303,2.754,0.363,0.323,0.363,0.47,0.294,0,0.549,0,0.049,0.157,0.088,0.118,97.255
59038,Vancouver Kingsway,71.127,6.853,38.125,0.842,13.045,1.35,0.182,6.089,0.32,0.773,1.084,0.143,2.325,28.873,69.719,7.021,37.818,0.902,11.61,1.459,0.294,5.977,0.436,0.658,1.054,0.152,2.34,30.281,72.459,6.694,38.416,0.777,14.394,1.256,0.086,6.185,0.211,0.873,1.112,0.134,2.321,27.541
59039,Vancouver Quadra,34.762,2.168,22.935,0.573,0.967,0.867,0.419,0.852,0.882,2.432,1.535,0.169,0.962,65.233,33.326,2.112,22.232,0.609,0.494,0.819,0.504,0.872,0.967,2.259,1.198,0.231,1.009,66.674,36.071,2.209,23.573,0.55,1.403,0.901,0.332,0.834,0.797,2.579,1.849,0.114,0.91,63.939
59040,Vancouver South,79.179,18.251,39.557,0.99,9.918,2.045,0.303,4.035,0.419,0.828,0.985,0.222,1.631,20.821,78.673,19.167,38.895,1.153,9.106,1.859,0.405,3.956,0.363,0.883,0.966,0.239,1.682,21.327,79.658,17.373,40.183,0.836,10.697,2.232,0.206,4.1,0.462,0.777,1.003,0.206,1.583,20.342
59041,Victoria,11.772,1.57,3.908,0.938,1.41,0.608,0.467,0.608,0.382,0.495,0.721,0.132,0.533,88.228,10.931,1.52,3.88,0.98,0.91,0.52,0.44,0.54,0.41,0.48,0.56,0.11,0.59,89.069,12.522,1.614,3.933,0.901,1.846,0.687,0.499,0.669,0.357,0.508,0.865,0.161,0.473,87.487
59042,West Vancouver--Sunshine Coast--Sea to Sky Country,16.254,2.243,4.72,0.51,1.485,0.366,0.135,0.519,3.506,1.024,1.214,0.095,0.438,83.746,15.62,2.246,4.529,0.589,1.261,0.304,0.156,0.543,3.553,1.013,0.948,0.064,0.405,84.38,16.863,2.231,4.904,0.434,1.691,0.416,0.115,0.505,3.461,1.036,1.478,0.124,0.469,83.146
60001,Yukon,6.077,1.095,1.185,0.3,2.026,0.33,0,0.63,0,0,0.24,0.105,0.09,93.923,5.481,1.192,0.834,0.209,1.966,0.238,0,0.596,0,0,0.209,0.089,0.119,94.519,6.653,0.998,1.542,0.393,2.086,0.393,0,0.665,0,0,0.272,0.121,0.091,93.317
61001,Northwest Territories,6.679,0.466,0.919,1.36,2.194,0.257,0.27,0.551,0.159,0.123,0.11,0.184,0.086,93.321,6.274,0.509,0.872,1.647,1.744,0.218,0.315,0.533,0.145,0.097,0.097,0.097,0.073,93.702,7.091,0.422,0.992,1.066,2.678,0.298,0.248,0.595,0.149,0.124,0.124,0.273,0.099,92.909
62001,Nunavut,1.609,0.3,0.205,0.363,0.41,0.095,0.047,0.095,0.032,0.032,0.032,0.032,0,98.407,1.6,0.277,0.185,0.461,0.277,0.092,0.092,0.092,0,0,0,0.062,0,98.431,1.652,0.291,0.227,0.291,0.551,0.065,0,0.097,0,0,0,0,0,98.348