Geo_Code,FED_Name,TotPopPrivateHouseholdsByReligion,TotBuddhist,TotChristian,TotAnglican,TotBaptist,TotCatholic,TotChristianOrthodox,TotLutheran,TotPentecostal,TotPresbyterian,TotUnitedChurch,TotOtherChristian,TotHindu,TotJewish,TotMuslim,TotSikh,TotAboriginal,TotOther,TotNoReligiousAffiliation,MaleTotPopPrivateHouseholdsByReligion,MaleBuddhist,MaleChristian,MaleAnglican,MaleBaptist,MaleCatholic,MaleChristianOrthodox,MaleLutheran,MalePentecostal,MalePresbyterian,MaleUnitedChurch,MaleOtherChristian,MaleHindu,MaleJewish,MaleMuslim,MaleSikh,MaleAboriginal,MaleOther,MaleNoReligiousAffiliation,FemaleTotPopPrivateHouseholdsByReligion,FemaleBuddhist,FemaleChristian,FemaleAnglican,FemaleBaptist,FemaleCatholic,FemaleChristianOrthodox,FemaleLutheran,FemalePentecostal,FemalePresbyterian,FemaleUnitedChurch,FemaleOtherChristian,FemaleHindu,FemaleJewish,FemaleMuslim,FemaleSikh,FemaleAboriginal,FemaleOther,FemaleNoReligiousAffiliation
10001,Avalon,80155,60,76670,24195,105,34450,0,25,2820,130,10860,4085,0,0,20,0,0,65,3325,39650,25,37725,11755,55,17085,0,0,1310,75,5480,1950,0,0,0,0,0,15,1860,40505,40,38940,12440,50,17370,0,0,1505,50,5380,2140,0,0,0,0,0,45,1465
10002,Bonavista--Burin--Trinity,75960,15,73680,20655,105,16750,35,45,3690,60,21790,10550,0,25,70,0,0,0,2160,37480,10,36170,10035,60,8260,20,40,1775,40,10750,5190,0,0,35,0,0,0,1245,38475,0,37505,10620,45,8490,0,0,1915,20,11040,5360,0,0,30,0,0,0,910
10003,Coast of Bays--Central--Notre Dame,76750,45,71310,15075,105,15280,45,0,14615,155,11610,14415,35,0,0,0,0,165,5170,37665,25,34860,7440,70,7400,0,0,7175,40,5535,7180,0,0,0,0,0,75,2665,39080,15,36445,7640,35,7880,25,0,7440,110,6070,7230,25,0,0,0,0,95,2505
10004,Labrador,26550,0,24785,6830,145,7555,25,0,2545,135,3230,4315,0,0,0,0,20,0,1700,13475,0,12445,3495,70,3830,10,0,1220,70,1595,2145,0,0,0,0,15,0,990,13080,0,12345,3330,75,3730,0,0,1325,60,1635,2175,0,0,0,0,10,0,710
10005,Long Range Mountains,86510,15,82520,31735,160,29730,0,75,5640,120,9105,5955,30,0,60,10,0,75,3765,42115,0,39830,15265,70,14160,0,25,2700,45,4590,2975,0,0,35,0,0,35,2170,44395,0,42685,16470,85,15570,0,50,2935,80,4510,2980,25,0,30,0,0,35,1600
10006,St. John's East,80490,175,69680,14915,350,35920,100,220,1960,790,10955,4470,500,70,775,80,0,180,9020,39045,130,33140,7190,175,17095,80,140,920,375,5120,2030,260,50,485,60,0,110,4825,41440,45,36545,7725,175,18825,25,80,1035,410,5835,2435,235,20,295,25,0,75,4195
10007,St. John's South--Mount Pearl,80860,85,74075,13840,260,41895,55,55,1925,365,10830,4840,40,45,245,0,0,190,6180,38525,25,34650,6145,125,19475,0,25,835,150,5265,2615,25,0,120,0,0,95,3600,42340,60,39425,7700,135,22415,35,30,1095,220,5565,2230,20,45,120,0,0,90,2580
11001,Cardigan,35535,80,31305,1140,1885,16520,0,55,495,2890,4420,3885,55,15,50,0,0,0,4010,17550,40,15050,440,885,8160,0,0,215,1385,2115,1835,35,0,25,0,0,0,2400,17980,40,16260,700,1000,8355,0,0,280,1505,2310,2045,25,0,30,0,10,0,1610
11002,Charlottetown,33315,405,25120,1380,1235,13185,245,40,115,2080,3775,3075,120,70,525,10,0,135,6930,15405,215,11170,660,540,5835,105,15,50,905,1750,1300,60,0,275,0,0,45,3635,17910,185,13950,715,695,7345,140,20,65,1175,2025,1770,65,60,255,10,0,90,3295
11003,Egmont,33820,0,29670,1320,1005,17005,30,50,470,1335,5540,2910,25,0,75,0,45,50,3940,16540,0,14240,640,500,8040,0,30,280,575,2730,1420,0,0,45,0,20,35,2170,17285,0,15425,680,505,8960,0,25,185,760,2815,1485,0,0,35,0,20,0,1775
11004,Malpeque,34705,70,29530,1980,1730,12190,0,115,195,2520,7400,3400,0,0,0,0,0,145,4935,17015,40,14190,940,855,5730,0,60,75,1335,3670,1520,0,0,0,0,0,70,2700,17695,25,15340,1050,875,6450,0,60,125,1185,3735,1870,0,0,0,0,0,75,2235
12001,Cape Breton--Canso,74320,65,67940,4980,1465,48335,95,150,235,2100,7770,2815,0,30,95,0,115,60,6010,36205,20,32575,2510,675,23185,80,20,110,1055,3535,1405,0,15,30,0,60,10,3480,38120,45,35370,2470,790,25150,15,125,130,1045,4230,1405,0,15,65,0,50,50,2530
12002,Central Nova,73660,100,59910,7900,2875,25400,80,125,630,8480,10030,4390,50,15,25,0,20,140,13400,35800,30,28420,3910,1285,12110,50,45,275,4095,4580,2075,0,0,20,0,10,70,7235,37855,70,31490,3990,1585,13295,35,80,350,4380,5455,2315,40,0,0,0,0,70,6160
12003,Cumberland--Colchester,80265,55,59030,5965,9370,13045,135,155,980,2425,20400,6555,110,0,20,0,40,240,20765,38850,20,27485,2765,4425,6280,100,105,440,1035,9190,3155,40,0,15,0,20,75,11200,41415,35,31545,3210,4945,6760,35,45,545,1390,11215,3400,70,0,0,0,20,165,9565
12004,Dartmouth--Cole Harbour,90100,185,65650,11415,5565,29745,325,610,880,1320,10580,5205,330,145,610,55,15,380,22730,43035,90,29960,5150,2360,13825,170,270,355,565,4795,2475,175,80,355,30,0,120,12225,47065,90,35685,6265,3205,15925,150,335,525,760,5790,2730,160,65,255,30,0,260,10505
12005,Halifax,89505,850,54675,8380,4115,25820,1125,830,615,1185,7155,5450,445,820,3005,195,0,540,28975,43120,455,24320,3710,1770,11780,615,420,200,695,2825,2305,250,370,1860,100,0,240,15535,46390,395,30360,4670,2345,14040,510,415,420,485,4335,3140,195,450,1145,95,0,295,13440
12006,Halifax West,86170,385,62220,9815,4500,28620,1050,700,725,1315,9320,6170,745,295,3790,100,20,275,18340,41335,200,28530,4745,1980,12705,605,355,290,645,4350,2860,375,145,1940,55,0,135,9950,44840,185,33690,5070,2525,15920,445,345,435,675,4970,3310,370,150,1850,50,0,145,8390
12007,Kings--Hants,82230,130,58925,10255,14330,14095,75,250,1255,1370,12570,4720,45,95,150,15,150,220,22505,40255,35,27345,4955,6465,6940,20,70,435,535,5785,2125,15,20,130,0,75,85,12535,41975,95,31575,5300,7865,7150,50,175,820,835,6785,2595,30,75,25,0,75,130,9970
12008,Sackville--Preston--Chezzetcook,85040,60,66530,13070,6510,28110,85,525,1290,1155,10490,5300,10,50,70,0,0,240,18080,41955,20,31935,6245,3100,13730,60,295,640,475,4800,2585,0,15,30,0,0,105,9840,43085,35,34595,6825,3405,14380,30,225,650,675,5690,2710,0,35,35,0,0,135,8235
12009,South Shore--St. Margarets,91330,200,68470,17920,12730,14260,90,5665,1355,950,10475,5025,30,90,285,0,10,160,22065,45080,105,32695,8545,5980,6870,45,2825,655,470,4700,2605,20,50,100,0,0,50,12050,46250,95,35775,9380,6750,7395,40,2845,705,480,5770,2425,0,45,190,0,0,115,10015
12010,Sydney--Victoria,71730,40,65060,5385,1370,45035,230,30,275,2890,5955,3895,40,140,355,0,165,170,5755,34340,0,30675,2580,690,21330,120,0,100,1325,2780,1735,0,90,295,0,85,75,3090,37395,30,34385,2805,675,23705,110,15,170,1565,3175,2165,30,45,55,0,80,90,2670
12011,West Nova,81820,130,62045,5020,17990,25790,85,455,1345,365,4955,6035,40,115,100,0,40,295,19050,39595,40,29060,2270,8265,12470,60,245,595,190,2140,2820,30,75,60,0,20,125,10190,42225,95,32990,2750,9725,13325,25,210,755,175,2820,3210,0,40,40,0,20,170,8860
13001,Acadie--Bathurst,77640,60,74560,710,395,70255,0,35,620,100,1215,1220,15,0,85,0,15,115,2780,38585,20,36870,330,150,34760,0,0,310,35,675,590,0,0,40,0,10,45,1590,39055,45,37695,380,245,35500,0,30,305,65,540,625,0,0,45,0,0,70,1190
13002,Beausejour,77985,35,69165,2195,4115,55705,40,80,650,575,3220,2580,0,65,0,0,55,110,8510,38800,0,33800,900,2010,27245,0,35,345,285,1630,1345,0,45,0,0,30,50,4815,39180,0,35365,1300,2100,28465,30,50,305,290,1590,1240,0,20,0,0,25,65,3695
13003,Fredericton,80195,280,58135,7540,9020,22425,230,205,2035,1015,8495,7170,330,140,590,0,40,405,20270,39030,100,26935,3580,4105,10510,140,100,940,545,3725,3290,150,75,330,0,25,160,11250,41165,180,31200,3960,4920,11915,95,100,1095,470,4770,3880,180,65,260,0,10,245,9015
13004,Fundy Royal,78780,30,63120,9060,14255,20650,15,90,2130,1000,8540,7365,0,35,50,0,0,225,15290,39030,0,30120,4350,6685,10000,0,45,975,515,4090,3445,0,15,25,0,0,125,8720,39745,25,33005,4710,7570,10650,15,45,1160,485,4450,3920,0,15,30,0,0,100,6575
13005,Madawaska--Restigouche,60630,0,58100,965,215,53520,80,55,800,230,1135,1095,95,45,150,0,30,60,2140,29535,0,28170,475,65,25920,50,30,395,95,615,535,40,30,85,0,15,30,1170,31100,0,29935,490,150,27605,30,30,405,135,525,565,55,15,70,0,15,30,965
13006,Miramichi--Grand Lake,58620,0,53405,3375,4195,34285,0,20,2145,1090,5885,2400,25,0,80,0,235,80,4770,28670,0,25765,1675,2125,16480,0,0,945,560,2785,1175,0,0,40,0,115,25,2710,29950,0,27640,1695,2075,17800,0,0,1205,530,3100,1225,15,0,45,0,125,55,2055
13007,Moncton--Riverview--Dieppe,87480,340,68510,4275,7790,41800,135,80,735,860,6910,5930,100,125,825,0,20,305,17250,41645,185,31815,2030,3505,19640,80,40,300,470,2915,2845,55,70,410,0,0,105,8990,45835,155,36695,2245,4290,22160,55,45,435,395,3995,3080,45,55,415,0,0,200,8255
13008,New Brunswick Southwest,65255,55,52085,8695,10550,14825,130,200,3770,1465,6545,5910,0,30,0,0,0,150,12920,32085,30,24835,3905,4940,7440,65,85,1805,785,3000,2815,0,15,0,0,0,85,7120,33170,25,27250,4790,5610,7390,60,115,1965,680,3550,3095,0,10,0,0,0,70,5800
13009,Saint John--Rothesay,79870,115,63975,9810,7500,31620,230,65,1725,785,6340,5905,180,155,690,0,0,325,14420,37840,50,29390,4370,3530,14680,145,35,805,340,2595,2880,85,65,430,0,0,120,7695,42035,70,34585,5430,3970,16935,85,40,920,445,3740,3025,95,90,260,0,0,205,6725
13010,Tobique--Mactaquac,69375,40,55845,4740,12945,21015,105,240,3820,655,5975,6345,50,0,140,0,95,110,13090,34260,25,26525,2275,6130,10145,35,70,1810,315,2835,2920,0,0,80,0,55,45,7500,35115,15,29315,2465,6820,10870,70,170,2015,340,3145,3425,30,0,55,0,40,60,5595
24001,Abitibi--Baie-James--Nunavik--Eeyou,84445,45,76415,18630,440,50495,35,15,4980,25,35,1765,0,10,315,0,380,25,7240,43085,25,38745,9410,200,25790,25,0,2440,10,20,855,0,10,185,0,180,10,3930,41370,20,37675,9225,240,24705,10,15,2535,15,20,915,0,10,135,0,195,15,3320
24002,Abitibi--Temiscamingue,100525,15,92110,225,95,89885,45,0,460,0,95,1280,0,0,185,0,130,95,7995,50610,0,45870,100,65,44670,40,0,225,0,50,720,0,0,120,0,60,60,4505,49910,0,46240,125,35,45215,0,0,240,0,50,565,0,0,65,0,70,35,3495
24003,Ahuntsic-Cartierville,106525,2200,72025,260,640,54165,8830,95,1180,220,70,6555,1755,220,15400,265,0,240,14420,52225,1045,33450,140,305,24775,4320,45,465,130,50,3220,860,115,8240,125,0,150,8245,54295,1160,38575,120,340,29390,4510,50,710,90,15,3340,900,105,7155,135,0,90,6170
24004,Alfred-Pellan,95430,945,81170,140,1095,73250,1540,110,570,45,50,4370,160,155,4645,0,0,80,8275,46410,415,39055,60,510,35205,760,65,270,20,0,2145,95,110,2240,0,0,55,4450,49020,530,42110,80,580,38045,780,45,300,25,40,2230,65,45,2410,0,0,25,3830
24005,Argenteuil--La Petite-Nation,92630,90,83040,1460,520,75940,165,185,240,520,1250,2750,0,140,110,0,0,60,9180,46445,45,41185,680,285,37795,80,85,120,230,570,1345,0,60,65,0,0,25,5055,46185,45,41850,780,235,38150,85,100,120,290,685,1400,0,80,40,0,0,30,4125
24006,Avignon--La Mitis--Matane--Matapedia,72380,15,68855,95,220,67160,0,0,180,15,215,960,0,0,175,0,125,30,3180,35970,0,34070,60,85,33325,0,0,85,0,80,430,0,0,80,0,65,15,1730,36410,0,34790,40,130,33835,0,0,95,15,130,530,0,0,95,0,60,15,1450
24007,Beauce,104085,15,99680,20,435,97430,10,0,235,10,0,1500,0,0,55,0,0,60,4250,52650,0,50175,0,210,49090,0,0,120,0,0,705,0,0,30,0,0,40,2395,51435,0,49500,0,230,48340,0,0,120,0,0,795,0,0,20,0,0,25,1850
24008,Beauport--Limoilou,89460,420,76215,40,130,73585,250,90,435,0,0,1665,55,0,1130,0,0,245,11385,42975,205,35635,25,75,34270,135,35,240,0,0,865,20,0,615,0,0,130,6365,46480,215,40575,20,60,39315,115,50,195,0,0,800,40,0,515,0,0,115,5020
24009,Becancour--Nicolet--Saurel,91215,50,85070,110,225,83155,40,20,190,0,45,1275,0,0,155,0,15,125,5800,45560,25,42175,55,135,41210,30,0,45,0,20,665,0,0,90,0,10,50,3210,45655,25,42895,55,90,41940,0,0,145,0,25,610,0,0,65,0,0,75,2590
24010,Bellechasse--Les Etchemins--Levis,108400,165,99045,65,65,97280,25,10,100,15,25,1460,0,0,260,0,0,70,8850,53665,60,48390,25,35,47520,20,0,35,0,0,730,0,0,155,0,0,30,5030,54730,110,50655,35,30,49760,0,0,70,0,0,730,0,0,105,0,0,40,3820
24011,Beloeil--Chambly,107620,190,92310,380,355,88280,320,105,545,60,245,2015,0,0,355,0,0,115,14630,53115,100,44735,145,170,42865,175,65,230,20,90,975,0,0,200,0,0,55,8010,54500,95,47570,235,190,45410,145,40,315,40,150,1040,0,0,150,0,0,55,6620
24012,Berthier--Maskinonge,96560,65,88565,115,195,86440,25,15,150,0,35,1575,0,25,85,0,0,55,7755,48875,30,44670,95,85,43635,10,0,65,0,25,735,0,0,65,0,0,0,4095,47675,35,43900,20,110,42805,20,0,85,0,10,840,0,0,20,0,0,50,3660
24013,Therese-De Blainville,96720,290,83240,160,270,79905,520,40,225,0,95,2005,30,80,920,0,0,55,12115,47460,135,40270,80,125,38580,295,0,115,0,35,1020,0,55,510,0,0,20,6460,49265,150,42970,80,145,41320,225,40,110,0,55,990,20,25,410,0,0,40,5655
24014,Pierre-Boucher--Les Patriotes--Vercheres,94110,135,81975,160,240,79450,375,45,320,0,75,1300,0,55,745,0,0,35,11155,46865,65,40365,90,85,39115,210,20,190,0,20,630,0,35,380,0,0,20,5990,47245,75,41610,70,155,40340,170,20,130,0,55,665,0,25,360,0,0,0,5165
24015,Bourassa,97365,1670,73665,255,1995,59180,620,60,1715,15,30,9800,190,145,12985,0,0,60,8630,46100,755,33650,100,880,26875,350,15,845,0,25,4555,85,85,6805,0,0,40,4675,51260,915,40010,160,1110,32305,270,45,875,0,0,5240,105,60,6180,0,0,25,3955
24016,Brome--Missisquoi,96885,60,84525,3335,470,74675,165,120,135,130,2225,3280,20,205,105,0,0,145,11800,48035,40,41680,1480,230,36985,75,60,65,80,1025,1685,15,110,50,0,0,90,6055,48850,20,42850,1855,235,37690,90,60,70,50,1200,1595,0,100,55,0,0,60,5745
24017,Brossard--Saint-Lambert,99540,2575,68300,1465,475,55530,4680,100,535,510,595,4415,1495,210,8065,405,0,195,18300,47725,1180,31580,635,180,25480,2410,40,270,240,265,2065,780,95,4150,200,0,100,9645,51810,1395,36720,825,290,30055,2270,65,265,265,330,2350,720,115,3910,205,0,90,8655
24018,Rimouski-Neigette--Temiscouata--Les Basques,81660,45,75125,0,150,73895,20,0,135,0,0,910,0,0,190,0,0,75,6210,40495,15,37040,0,65,36460,0,0,80,0,0,425,0,0,100,0,0,30,3300,41165,0,38090,0,85,37435,0,0,55,0,0,490,0,0,90,0,0,40,2905
24019,Charlesbourg--Haute-Saint-Charles,101500,110,90005,60,215,87810,125,0,225,20,25,1520,50,0,585,0,0,100,10630,49325,55,43150,40,75,42120,50,0,95,0,0,755,30,0,340,0,0,35,5700,52170,50,46845,25,140,45690,70,0,125,0,15,765,25,0,245,0,0,65,4930
24020,Beauport--Cote-de-Beaupre--ile d'Orleans--Charlevoix,90130,80,82700,50,185,81335,40,0,65,25,25,960,0,0,140,0,0,105,7085,44895,45,41045,35,65,40335,30,0,40,0,15,525,0,0,95,0,0,70,3635,45235,40,41660,0,125,41000,15,0,30,0,0,435,0,0,50,0,0,35,3450
24021,Chateauguay--Lacolle,90710,335,79405,1580,480,71005,960,135,630,355,850,3425,260,120,1085,55,0,145,9265,45130,195,39110,710,220,35030,480,60,280,185,455,1690,125,70,605,25,0,65,4940,45585,135,40300,875,255,35970,480,70,350,165,395,1730,135,55,480,35,0,80,4325
24022,Chicoutimi--Le Fjord,79365,35,73790,40,175,72065,25,20,35,0,20,1410,0,0,295,0,0,110,5110,39260,15,35865,35,105,34975,10,0,15,0,0,705,0,0,130,0,0,55,3170,40110,15,37930,0,70,37085,0,15,15,0,0,705,0,0,165,0,0,50,1935
24023,Compton--Stanstead,100705,85,88870,2485,815,79715,90,100,100,215,1855,3490,20,90,105,0,15,350,11165,51200,40,44750,1170,375,40395,55,50,45,105,840,1710,0,40,70,0,0,205,6085,49505,50,44120,1315,440,39315,35,45,50,115,1020,1775,0,50,30,0,0,145,5085
24024,Dorval--Lachine--LaSalle,104480,1050,76520,3475,705,56930,3450,215,2055,600,1325,7765,1440,810,6840,1615,15,335,15845,50145,465,35690,1555,270,26595,1760,100,890,270,510,3735,750,465,3395,865,0,150,8375,54330,590,40830,1915,435,30335,1690,110,1165,325,820,4035,690,345,3445,750,0,190,7470
24025,Drummond,95870,115,87415,75,535,84795,85,0,400,0,175,1335,0,50,395,0,0,50,7850,48080,60,43365,35,295,41930,50,0,220,0,120,710,0,0,195,0,0,25,4430,47790,60,44050,30,240,42870,40,0,185,0,55,625,0,45,195,0,0,25,3415
24026,Gaspesie--Les iles-de-la-Madeleine,77165,35,73735,2225,205,69530,50,0,80,45,735,865,0,0,35,0,45,90,3220,38000,15,36140,1100,80,34095,0,0,25,15,325,485,0,0,25,0,10,35,1780,39170,25,37595,1125,125,35440,35,0,50,30,415,380,0,0,10,0,30,55,1445
24027,Gatineau,104810,190,90145,245,750,84075,655,65,605,40,290,3425,10,45,1470,0,15,135,12790,50760,85,42995,150,285,40020,345,30,305,25,145,1685,0,35,770,0,0,65,6805,54050,105,47155,90,460,44055,310,35,300,20,140,1740,10,15,700,0,0,70,5985
24028,Hochelaga,100085,1480,69760,215,340,63700,1465,0,505,80,130,3315,360,190,6900,0,0,265,21115,49270,670,32940,100,145,30075,735,0,175,45,70,1595,180,85,3655,0,0,145,11585,50820,810,36820,110,195,33625,735,0,330,35,65,1720,180,110,3240,0,0,120,9530
24029,Honore-Mercier,101100,2250,83380,255,1715,71195,1885,80,1305,70,185,6685,85,95,6720,25,0,145,8395,48025,1180,38665,140,755,33290,960,40,530,20,105,2825,40,45,3500,15,0,90,4485,53080,1075,44710,115,965,37910,925,40,775,50,75,3855,45,50,3220,0,0,55,3905
24030,Hull--Aylmer,101605,730,74340,1070,660,65360,1495,220,730,305,805,3695,95,125,4750,0,0,390,21155,49370,345,34870,460,300,30750,755,100,325,175,380,1620,55,70,2600,0,0,195,11225,52240,380,39465,605,360,34615,740,120,405,125,420,2070,40,55,2155,0,0,185,9930
24031,Joliette,98085,210,87375,410,185,84265,150,20,155,0,165,2010,150,0,310,0,75,175,9785,48595,95,43175,155,55,41740,95,0,75,0,65,965,55,0,165,0,40,55,5005,49490,115,44200,255,130,42525,55,15,80,0,100,1045,95,0,150,0,30,115,4775
24032,Jonquiere,86125,25,81670,55,225,80065,0,0,100,30,30,1160,0,0,50,0,0,55,4320,43160,25,40655,30,115,39870,0,0,0,30,15,570,0,0,35,0,0,30,2410,42970,0,41015,25,110,40200,0,0,70,0,15,590,0,0,0,0,0,30,1910
24033,La Pointe-de-l'ile,100305,1000,82950,150,690,76600,1070,35,445,90,65,3815,115,25,3570,0,0,175,12460,48115,405,39045,90,295,36085,505,25,175,0,30,1830,50,20,1755,0,0,105,6735,52185,595,43905,60,390,40515,560,0,270,70,35,1980,65,0,1820,0,0,75,5725
24034,La Prairie,99020,275,85405,335,530,80655,1385,60,225,45,270,1900,15,100,1790,85,0,105,11245,49490,145,42035,195,240,39755,675,25,110,25,115,900,0,65,965,50,0,50,6160,49530,130,43365,135,290,40900,710,35,115,15,160,995,0,35,820,35,0,45,5085
24035,Lac-Saint-Jean,102615,30,98090,20,240,96625,25,0,40,0,0,1130,0,0,50,0,35,70,4340,51525,20,48825,10,120,48075,15,0,25,0,0,575,0,0,40,0,20,60,2560,51090,0,49265,15,120,48545,10,0,15,0,0,550,0,0,0,0,10,15,1775
24036,Lac-Saint-Louis,106270,655,78915,4960,765,52280,6335,950,855,1235,4150,7390,1885,2135,4080,805,0,365,17425,51500,280,36915,2265,380,24455,3015,460,455,545,1865,3475,1005,1145,2105,440,0,160,9445,54770,375,42005,2695,385,27820,3315,495,400,690,2280,3915,875,990,1975,365,0,205,7980
24037,LaSalle--emard--Verdun,102515,1350,73820,1775,305,62685,2340,110,590,325,760,4930,640,310,4060,120,0,270,21930,49225,665,33900,870,120,28545,1185,30,235,140,315,2450,315,165,2150,80,0,130,11815,53290,680,39915,905,180,34140,1160,80,355,185,450,2475,320,145,1910,40,0,135,10120
24038,Laurentides--Labelle,108810,150,95500,780,235,91485,285,105,305,70,315,1915,0,460,120,0,0,160,12380,53830,60,46685,420,95,44710,140,50,150,25,150,930,0,225,80,0,0,75,6705,54980,85,48815,355,145,46770,145,55,150,45,160,985,0,245,40,0,0,85,5685
24039,Laurier--Sainte-Marie,103590,1885,56495,415,360,50225,1265,160,195,135,275,3465,515,915,4960,0,0,505,38280,55585,850,29165,220,255,25765,625,95,75,65,115,1950,270,475,2815,0,0,270,21725,48005,1035,27330,195,105,24465,640,65,115,70,155,1510,250,440,2145,0,0,240,16560
24040,Laval--Les iles,101375,1435,78350,315,575,51695,18520,170,755,125,110,6090,1135,2365,7205,720,0,135,10040,49735,695,38075,170,235,25045,9270,35,375,70,50,2825,555,1160,3505,385,0,60,5300,51645,735,40275,145,340,26655,9250,135,380,50,55,3265,585,1205,3695,330,0,80,4730
24041,Longueuil--Charles-LeMoyne,103600,960,80100,1100,605,69645,2085,60,965,185,575,4880,350,80,5060,70,0,225,16750,50965,440,38430,490,325,33675,995,30,390,85,220,2225,200,35,2515,55,0,105,9175,52635,520,41670,610,285,35965,1085,30,570,105,355,2660,145,45,2545,0,0,115,7575
24042,Levis--Lotbiniere,106385,115,97255,105,100,95110,65,25,215,35,0,1600,0,25,180,0,0,110,8690,53600,50,48550,55,40,47540,30,0,105,15,0,760,0,0,135,0,0,45,4790,52790,65,48710,55,55,47565,35,15,115,20,0,840,0,0,45,0,0,60,3900
24043,Longueuil--Saint-Hubert,102520,755,82980,325,440,76865,1090,70,830,90,155,3110,145,90,3885,0,0,165,14490,49340,365,38815,140,215,35865,500,30,420,50,105,1490,70,65,2085,0,0,65,7875,53180,395,44160,180,225,41000,585,45,415,40,50,1630,75,25,1800,0,0,105,6620
24044,Louis-Hebert,100610,300,83150,185,110,80100,590,35,185,20,105,1820,0,65,2565,0,0,145,14370,48125,150,38280,80,50,36760,280,15,90,0,35,955,0,45,1355,0,0,80,8205,52485,145,44875,105,60,43345,310,20,95,0,70,865,0,25,1210,0,0,60,6165
24045,Louis-Saint-Laurent,105850,150,94100,125,270,91950,180,0,215,40,55,1275,50,55,555,0,0,110,10825,51970,70,45425,50,150,44335,85,0,110,0,30,645,0,25,315,0,0,60,6050,53885,80,48675,75,120,47610,95,0,100,25,20,630,35,30,235,0,0,45,4780
24046,Manicouagan,92985,80,87000,2015,390,83400,45,0,110,0,340,670,0,10,165,0,190,60,5480,46980,0,43665,965,185,41935,30,0,55,0,165,310,0,0,90,0,85,40,3075,46010,65,43335,1045,210,41465,20,0,50,0,180,355,0,0,75,0,105,15,2400
24047,Megantic--L'erable,85885,20,81735,70,230,80245,35,0,195,0,35,910,0,0,70,0,0,65,3995,43185,0,40905,45,135,40180,20,0,80,0,20,425,0,0,40,0,0,30,2200,42695,15,40825,30,100,40065,15,0,120,0,15,480,0,0,25,0,0,30,1795
24048,Mirabel,101740,90,88285,175,265,85160,325,30,75,35,60,2150,0,60,290,0,0,135,12875,51375,50,43935,65,120,42425,150,25,20,25,20,1080,0,25,170,0,0,55,7135,50365,40,44355,110,145,42740,175,0,50,0,45,1070,0,35,120,0,0,80,5735
24049,Montarville,93625,355,80210,545,190,76205,830,50,310,35,335,1720,55,50,1125,0,0,85,11735,45865,160,38720,220,70,36815,395,25,160,25,170,845,35,40,590,0,0,55,6270,47760,190,41490,325,120,39390,430,35,150,0,165,875,0,20,535,0,0,35,5475
24050,Montcalm,98065,20,87675,135,335,84450,205,25,145,25,65,2285,0,0,235,0,0,145,9955,49620,0,43790,75,160,42155,105,0,70,0,25,1185,0,0,120,0,0,75,5605,48445,10,43885,60,180,42290,100,15,75,15,40,1100,0,0,120,0,0,70,4350
24051,Montmagny--L'Islet--Kamouraska--Riviere-du-Loup,93505,50,88440,40,140,87195,0,0,80,0,15,945,0,0,60,0,0,60,4885,47130,25,44300,30,65,43730,0,0,35,0,0,415,0,0,35,0,0,40,2725,46375,25,44145,0,75,43470,0,0,40,0,10,530,0,0,25,0,0,20,2165
24052,Mount Royal,99230,2105,44100,1180,890,28840,5585,120,1265,265,535,5425,2795,30445,7355,45,30,180,12175,46605,935,19360,485,405,12605,2555,60,490,120,215,2430,1415,14260,3965,25,0,95,6540,52620,1170,24740,695,485,16240,3025,55,775,145,315,3000,1375,16180,3390,25,0,85,5630
24053,Notre-Dame-de-Grace--Westmount,102755,1000,57205,4040,660,35710,5295,570,995,1085,1490,7355,655,10930,6900,45,0,580,25440,48425,450,25555,1650,225,16185,2610,250,425,465,590,3160,360,5025,3645,35,0,295,13055,54325,545,31655,2390,435,19530,2685,320,575,625,900,4200,290,5905,3250,0,0,290,12385
24054,Outremont,98740,1315,50020,865,335,38255,4945,185,350,75,385,4620,1210,10830,9335,0,20,340,25665,47995,635,21815,355,125,16640,2240,115,140,20,185,2005,600,5535,5200,0,0,160,14040,50745,685,28205,510,215,21620,2710,75,215,55,205,2615,610,5295,4140,0,20,180,11615
24055,Papineau,107835,3780,63065,245,870,48110,6800,75,795,75,75,6015,4605,240,14535,1850,0,290,19465,53850,1945,29420,100,330,22345,3395,40,320,35,45,2820,2375,90,8220,1210,0,135,10445,53990,1840,33650,150,540,25770,3410,35,475,45,30,3190,2230,155,6310,640,0,145,9020
24056,Pierrefonds--Dollard,107395,1095,70110,2820,960,46755,7730,495,1295,655,1485,7910,4255,9105,9730,1850,0,280,10970,52430,525,33355,1290,465,22135,3990,210,580,290,645,3750,2115,4515,5110,925,0,155,5725,54965,570,36755,1530,500,24620,3745,280,720,370,840,4160,2135,4585,4620,925,0,125,5245
24057,Pontiac,105725,225,86815,2260,670,73930,880,515,800,400,2910,4455,190,170,1055,0,345,365,16550,53460,90,43140,1000,345,37095,465,290,415,185,1310,2030,115,90,545,0,160,165,9160,52270,135,43685,1260,325,36835,415,225,390,215,1600,2420,75,85,515,0,180,205,7395
24058,Portneuf--Jacques-Cartier,102235,30,92300,85,105,90120,60,15,190,25,170,1535,0,0,150,0,45,40,9650,51950,0,46500,35,35,45340,25,0,115,0,75,855,0,0,95,0,0,25,5305,50285,25,45805,50,65,44785,35,0,75,15,90,675,0,0,60,0,0,15,4350
24059,Quebec,92345,305,73590,135,125,70555,210,25,265,70,60,2145,185,25,1270,0,0,185,16775,44705,145,34160,65,45,32680,110,15,130,50,40,1030,115,15,670,0,0,115,9480,47635,160,39425,65,80,37875,95,0,130,20,0,1115,70,0,595,0,0,75,7300
24060,Repentigny,110200,155,98400,60,515,94185,360,10,395,0,35,2820,0,15,1290,0,0,240,10095,54005,60,47450,25,235,45510,170,0,165,0,0,1325,0,0,745,0,0,120,5615,56205,90,50955,35,285,48675,190,0,230,0,25,1500,0,0,545,0,0,125,4480
24061,Richmond--Arthabaska,100745,35,92820,570,385,89490,40,15,140,95,415,1675,0,0,175,0,0,135,7575,50945,0,46545,250,200,44875,20,0,70,60,195,865,0,0,100,0,0,60,4215,49805,30,46275,325,180,44615,15,0,70,35,220,810,0,0,70,0,0,70,3365
24062,Riviere-des-Mille-iles,101875,725,85270,690,275,79885,1010,65,295,105,370,2570,30,2175,1090,0,0,120,12430,50010,325,41090,335,125,38490,565,30,145,50,190,1165,0,1160,545,0,0,40,6820,51865,400,44175,355,150,41390,450,40,150,55,180,1405,0,1015,550,0,0,80,5615
24063,Riviere-du-Nord,99830,125,86735,115,240,83425,255,30,400,10,110,2160,105,75,205,0,0,115,12460,49480,60,42410,85,140,40710,150,0,175,0,65,1075,65,50,130,0,0,70,6705,50350,65,44330,30,100,42715,100,25,225,0,45,1080,40,25,75,0,0,50,5755
24064,Rosemont--La Petite-Patrie,104175,1620,66780,210,365,60825,1280,60,505,105,120,3315,410,270,4920,0,10,290,29875,50575,705,31080,65,170,28310,610,0,170,55,45,1625,195,140,2695,0,0,120,15630,53600,910,35700,145,195,32505,670,25,335,55,80,1690,220,135,2225,0,0,165,14245
24065,Marc-Aurele-Fortin,95460,1525,79245,230,885,69320,3605,75,725,100,70,4220,405,85,5065,50,0,35,9050,46805,695,38545,115,375,33620,1785,30,385,30,30,2170,185,35,2490,20,0,25,4805,48655,825,40705,110,515,35705,1825,45,340,70,45,2045,220,45,2570,30,0,0,4245
24066,Saint-Hyacinthe--Bagot,96855,140,86785,50,360,83950,115,0,535,0,40,1725,0,0,490,0,0,55,9380,48170,75,42520,15,160,41245,65,0,240,0,0,780,0,0,280,0,0,20,5275,48680,70,44260,30,200,42705,45,0,295,0,25,950,0,0,210,0,0,30,4105
24067,Saint-Jean,105825,105,93610,195,330,90750,175,35,165,15,185,1765,0,0,205,0,0,35,11860,52420,40,45755,90,175,44340,85,20,75,0,75,895,0,0,115,0,0,20,6485,53410,65,47850,100,160,46410,90,15,90,0,110,875,0,0,90,0,0,0,5370
24068,Saint-Laurent,92120,3975,50270,590,690,31140,9310,155,925,310,420,6735,2930,6825,15680,105,0,260,12070,44760,1930,23560,285,335,14575,4305,85,385,120,175,3285,1435,3320,8025,50,0,110,6345,47355,2040,26715,305,355,16565,5005,65,540,190,245,3450,1495,3515,7655,60,0,155,5730
24069,Saint-Leonard--Saint-Michel,109315,4135,76520,135,1665,63670,2035,20,1490,55,95,7360,1065,110,18860,85,0,105,8440,51795,1915,35265,60,715,29355,930,10,705,20,25,3455,530,75,9500,30,0,50,4420,57520,2215,41250,75,950,34315,1105,10,785,30,70,3905,530,35,9355,60,0,50,4020
24070,Saint-Maurice--Champlain,107220,35,100445,155,300,97915,40,0,265,0,35,1720,0,10,90,0,305,55,6280,53545,20,49680,85,155,48490,20,0,105,0,0,815,0,0,70,0,155,40,3575,53675,15,50765,75,145,49420,20,0,165,0,30,910,0,0,20,0,145,0,2710
24071,Salaberry--Suroit,104785,60,95950,770,235,89525,175,60,220,725,1135,3105,30,40,110,0,0,100,8485,51595,20,46685,390,120,43600,100,25,80,325,545,1500,0,20,65,0,0,60,4715,53185,40,49260,385,120,45925,75,30,135,400,590,1600,0,20,45,0,0,40,3770
24072,Shefford,104980,145,92200,370,790,87315,70,70,430,0,315,2830,0,20,760,0,0,105,11730,52290,85,45335,175,345,42975,45,40,180,0,175,1400,0,0,395,0,0,45,6415,52685,60,46865,195,440,44340,25,30,245,0,150,1430,0,0,365,0,0,65,5315
24073,Sherbrooke,104045,210,85865,270,360,80575,870,40,240,100,220,3190,280,55,2460,0,10,145,15015,50110,95,40185,150,165,37645,450,25,85,65,85,1520,145,25,1385,0,0,65,8205,53930,110,45680,120,195,42935,425,0,160,35,130,1670,140,30,1075,0,10,80,6805
24074,Vaudreuil--Soulanges,110785,415,90280,3010,540,75555,2580,350,370,705,1825,5355,1030,675,2215,545,0,285,15340,54910,190,43960,1450,215,36790,1335,170,140,300,920,2640,510,370,1230,270,0,130,8255,55875,225,46320,1560,325,38760,1245,180,230,400,905,2710,525,305,985,275,0,160,7085
24075,Terrebonne,105605,110,92085,135,665,86825,405,0,455,15,65,3510,0,50,1580,0,0,30,11735,52590,50,45215,45,270,42795,195,0,215,0,30,1655,0,35,855,0,0,10,6420,53020,60,46865,95,390,44030,205,0,240,0,40,1860,0,15,730,0,0,20,5320
24076,Trois-Rivieres,104730,150,93575,55,355,90715,175,30,265,0,35,1935,0,15,900,0,0,80,9995,50255,90,44060,45,145,42665,105,15,145,0,30,910,0,0,485,0,0,40,5575,54475,60,49515,15,215,48050,65,15,120,0,0,1025,0,0,415,0,0,40,4425
24077,Ville-Marie--Le Sud-Ouest--ile-des-Soeurs,100710,1740,54700,1340,510,42365,2645,225,590,405,660,5965,1380,2915,12625,175,0,360,26800,51455,795,26500,690,200,20645,1230,130,225,145,290,2940,785,1410,7150,105,0,155,14555,49255,945,28200,645,310,21720,1415,95,360,255,375,3025,600,1510,5475,75,0,205,12250
24078,Vimy,100460,1725,77245,230,540,61935,8320,70,635,75,250,5185,720,315,8825,245,0,235,11135,48275,835,36100,125,240,28560,4110,35,260,55,155,2560,365,175,4590,140,0,120,5945,52185,890,41145,105,300,33370,4215,40,380,15,90,2630,355,140,4240,100,0,115,5195
35001,Ajax,109220,780,72780,6560,2030,34100,3005,860,4595,2435,6240,12940,6490,410,7550,590,0,250,20365,52810,345,34375,3070,945,16425,1500,365,1950,1235,2630,6250,3050,180,3760,285,0,125,10680,56410,435,38405,3490,1085,17680,1505,500,2645,1200,3610,6695,3440,230,3795,305,0,120,9680
35002,Algoma--Manitoulin--Kapuskasing,78900,140,64150,4910,1235,40365,135,805,1330,895,7960,6515,0,35,0,0,1245,115,13210,39340,70,31295,2445,575,19580,65,445,590,435,3855,3315,0,0,0,0,640,30,7285,39565,70,32850,2465,665,20790,70,365,740,455,4105,3200,0,0,0,0,605,90,5920
35003,Aurora--Oak Ridges--Richmond Hill,104730,2285,57735,4300,1265,29685,6950,865,640,1815,3300,8915,2460,5035,10370,255,0,850,25745,51595,1030,27410,2200,535,14035,3310,400,320,835,1535,4240,1240,2520,5105,140,0,400,13755,53130,1260,30325,2105,725,15650,3635,465,320,980,1765,4680,1215,2510,5265,120,0,450,11985
35004,Barrie--Innisfil,100540,330,68445,8945,2660,29425,1165,1305,1720,3795,10280,9150,160,710,875,75,60,265,29625,49670,145,32785,4390,1310,14325,515,685,735,1640,4760,4420,90,385,450,40,10,110,15650,50870,185,35660,4550,1350,15100,645,620,990,2155,5520,4730,65,330,420,35,50,155,13975
35005,Barrie--Springwater--Oro-Medonte,96450,330,65035,9590,2765,23210,515,930,1275,4875,11780,10095,270,390,620,105,25,265,29420,47280,110,30665,4215,1305,11095,275,450,675,2245,5505,4905,155,180,360,65,10,80,15645,49170,215,34365,5375,1455,12120,240,485,595,2635,6280,5190,110,205,260,40,0,185,13770
35006,Bay of Quinte,107010,235,73585,11715,2720,22390,530,855,1780,2970,18960,11670,285,105,400,60,0,675,31645,51535,100,34075,5340,1285,10575,260,450,800,1350,8655,5365,155,75,195,0,0,280,16625,55470,140,39510,6380,1435,11810,265,405,980,1620,10310,6300,130,30,205,35,0,395,15020
35007,Beaches--East York,106030,1495,55495,6385,1400,25425,5315,920,810,1685,4900,8660,2650,1505,9285,105,140,710,34635,50815,675,25505,2790,655,11580,2670,510,270,740,2130,4160,1165,740,4715,50,100,285,17570,55215,825,29995,3595,750,13845,2650,415,535,950,2770,4495,1485,765,4565,55,40,425,17060
35008,Brampton Centre,102985,1320,60050,4650,1730,30195,1475,560,4040,2020,4195,11180,9840,355,8795,8070,0,345,14210,50605,650,28795,2075,895,14850,830,190,1850,980,1885,5235,4840,150,4340,3990,0,140,7700,52380,670,31255,2575,840,15345,645,375,2185,1035,2310,5945,5000,205,4450,4080,0,205,6515
35009,Brampton East,99330,1335,32540,725,1005,17020,565,85,3610,520,385,8630,19360,95,7630,33555,0,265,4550,49615,670,15800,360,420,8400,325,40,1840,275,185,3950,9630,45,3755,17230,0,150,2340,49720,670,16745,370,580,8620,235,45,1770,250,195,4680,9735,55,3870,16325,0,110,2205
35010,Brampton North,111065,1395,56115,4035,1785,29775,1335,455,4195,1465,3325,9760,12085,190,6750,22515,0,165,11860,55270,720,27035,1880,895,14940,730,225,1985,725,1475,4185,5970,95,3610,11300,0,65,6470,55800,675,29080,2155,895,14835,600,230,2210,740,1845,5570,6110,95,3130,11220,0,100,5390
35011,Brampton South,106055,1140,55405,3995,1605,28315,750,395,4075,1635,3545,11085,10110,90,6415,20355,0,290,12225,52145,555,25990,1645,795,13915,350,180,1750,800,1510,5050,5155,45,3120,10335,0,145,6790,53905,590,29415,2345,805,14405,400,215,2325,835,2040,6035,4960,45,3300,10025,0,150,5430
35012,Brampton West,101885,1520,59275,2565,1700,30250,870,255,6620,1110,1625,14280,12000,100,7380,13295,0,275,8040,49835,760,28240,1135,885,14955,435,125,2885,565,660,6600,6170,50,3600,6495,0,90,4430,52050,760,31035,1435,815,15300,440,125,3735,545,970,7675,5830,50,3775,6800,0,185,3610
35013,Brantford--Brant,130260,700,84395,11680,6675,30455,770,1490,3295,4315,13315,12400,405,110,1110,510,3265,330,39435,63390,375,39455,5455,2990,14155,390,700,1525,1920,6360,5960,215,65,560,225,1565,125,20815,66875,325,44945,6230,3690,16300,380,785,1770,2400,6955,6445,195,55,545,280,1705,205,18625
35014,Bruce--Grey--Owen Sound,103815,115,71805,7150,3840,14620,185,5060,1475,7730,19015,12735,130,155,150,80,295,410,30680,51175,35,34285,3480,1950,7145,75,2430,620,3835,8725,6020,40,65,85,45,150,180,16305,52640,80,37520,3670,1890,7470,110,2630,855,3900,10290,6715,90,95,65,35,145,235,14375
35015,Burlington,118960,505,83520,13095,2295,34745,2505,1590,1240,4620,11715,11725,850,440,1630,520,0,325,31165,57150,210,38035,5860,1135,16030,1165,765,520,2185,5125,5250,440,220,880,285,0,125,16945,61815,290,45480,7235,1155,18710,1340,820,720,2435,6590,6470,410,215,750,235,0,195,14220
35016,Cambridge,110355,890,76820,7495,3745,37780,825,2190,2075,5015,7565,10120,1245,150,3275,1130,0,290,26555,54200,460,36370,3380,1785,18260,435,1040,995,2275,3475,4725,590,80,1710,550,0,145,14300,56155,430,40450,4115,1960,19525,390,1150,1080,2740,4090,5400,655,70,1565,580,0,150,12255
35017,Chatham-Kent--Leamington,108505,335,85895,6490,4065,35710,395,925,2345,3290,12575,20110,215,50,695,25,95,205,20995,52960,175,40855,2915,1740,17300,210,485,1065,1610,5755,9765,105,0,370,0,45,100,11270,55540,160,45040,3570,2320,18405,180,435,1280,1670,6820,10350,110,30,325,0,50,100,9725
35018,Davenport,102040,3475,65770,1985,925,49315,2760,235,1255,1020,1230,7045,1655,1710,2865,235,0,610,25720,50425,1665,31370,985,375,23700,1265,130,540,500,550,3310,940,815,1470,110,0,325,13735,51610,1810,34405,1000,545,25610,1495,100,715,520,680,3735,710,895,1395,120,0,280,11985
35019,Don Valley East,92210,1710,51260,3605,1145,20550,7630,795,1535,1880,3460,10670,3645,830,17860,175,25,515,16195,43405,680,22635,1495,520,9020,3675,355,625,815,1345,4795,1850,475,8850,90,0,190,8625,48800,1030,28625,2105,630,11530,3960,435,910,1070,2115,5875,1800,355,9005,85,0,325,7570
35020,Don Valley North,101905,2975,45920,2650,2390,18540,6220,615,855,1675,2405,10585,3860,4565,10735,180,0,1145,32515,48350,1300,20485,1025,1010,8140,3075,260,350,755,1010,4855,1935,2100,5300,75,0,520,16645,53555,1680,25440,1625,1375,10400,3145,355,505,920,1395,5725,1925,2465,5435,105,0,625,15875
35021,Don Valley West,98935,1185,48105,7655,1215,19250,4035,820,515,1605,6750,6275,1740,8735,13765,170,10,520,24695,47225,485,21380,3470,485,8435,1910,365,220,735,3060,2700,940,4470,6910,85,0,260,12695,51710,705,26730,4185,730,10815,2125,455,295,870,3690,3575,805,4260,6860,80,0,260,12005
35022,Dufferin--Caledon,115055,220,84270,9450,2405,39630,1395,1110,1570,3955,14175,10585,525,215,290,1400,0,310,27815,57400,120,40830,4600,1250,19265,650,525,715,1815,6800,5205,280,95,175,670,0,140,15085,57655,100,43445,4845,1155,20365,745,585,850,2140,7380,5380,250,120,115,725,0,170,12735
35023,Durham,114360,140,79580,9105,2650,29945,1115,820,2700,2800,18765,11690,540,200,960,95,20,285,32545,56635,55,37835,4150,1330,14440,590,345,1355,1220,8760,5645,290,110,515,50,15,125,17635,57730,90,41745,4960,1320,15500,520,470,1340,1580,10000,6040,250,90,445,45,10,155,14910
35024,Eglinton--Lawrence,111000,1270,59780,5625,1270,32970,4395,730,1095,1100,3585,9015,975,24405,3665,150,0,205,20540,51290,530,25960,2425,515,14445,2145,310,430,575,1595,3525,550,11645,1860,90,0,90,10550,59715,740,33820,3200,755,18525,2250,415,670,525,1995,5490,425,12760,1800,60,0,120,9990
35025,Elgin--Middlesex--London,108205,260,75535,7270,5815,20680,305,1380,1350,3885,15520,19340,195,60,730,45,45,495,30835,53315,120,36015,3310,2645,9905,145,700,600,1815,7410,9490,105,30,330,20,20,185,16500,54890,140,39525,3960,3170,10775,160,675,755,2070,8110,9855,90,30,405,30,0,315,14335
35026,Essex,118085,225,95190,7920,2760,58280,1865,1580,2890,1935,7880,10085,310,245,990,250,45,250,20585,58775,100,46275,3665,1420,28935,995,755,1245,820,3545,4895,160,115,445,140,25,130,11375,59315,125,48910,4255,1340,29345,865,820,1645,1115,4330,5185,145,135,535,110,20,115,9215
35027,Etobicoke Centre,113310,910,85355,5130,1275,49945,8555,1185,1155,2865,6765,8485,2400,225,6740,355,0,440,16880,54000,400,39320,2225,525,23365,4130,480,485,1265,2835,4005,1175,110,3280,140,0,215,9355,59310,510,46045,2905,750,26585,4425,700,670,1600,3930,4475,1225,115,3460,215,0,225,7525
35028,Etobicoke--Lakeshore,114310,1315,80225,5540,1420,46340,6310,930,1100,2170,6125,10295,2020,620,4145,320,0,485,25170,55065,645,37235,2470,665,21550,3250,320,490,1030,2615,4845,1045,315,2145,140,0,235,13310,59245,670,42995,3075,760,24790,3060,605,610,1135,3510,5450,975,310,2000,190,0,250,11855
35029,Etobicoke North,116090,1865,60035,2425,1205,31955,1885,330,4810,1330,1475,14615,16775,130,16555,10345,0,455,9925,56615,880,28215,1185,570,15405,885,125,2000,630,675,6730,8520,85,7980,5275,0,210,5440,59475,985,31820,1245,635,16550,1000,205,2810,695,800,7885,8250,40,8575,5065,0,245,4485
35030,Flamborough--Glanbrook,96555,350,71420,7040,2210,34480,1930,905,1490,3415,8235,11715,410,400,1820,585,80,350,21145,47855,120,34245,3160,1055,16590,965,450,660,1755,3850,5750,195,180,970,270,0,165,11665,48700,220,37180,3880,1155,17885,965,450,830,1660,4380,5960,215,215,855,310,45,185,9475
35031,Glengarry--Prescott--Russell,103825,90,92810,3770,725,76615,290,500,805,1030,4135,4935,95,160,370,20,15,135,10135,52030,35,45720,1720,355,37900,125,310,360,440,1975,2540,40,50,205,0,0,70,5895,51790,55,47085,2050,370,38720,160,190,450,585,2160,2400,55,105,170,0,0,60,4245
35032,Guelph,120550,2265,74495,8110,2135,34580,1365,1320,935,5150,9320,11580,1800,490,3185,1195,15,605,36505,58625,1080,34070,3650,1030,16010,665,535,375,2365,3905,5540,795,275,1690,535,0,240,19930,61925,1185,40420,4460,1110,18570,700,785,565,2785,5415,6045,1000,215,1495,655,10,365,16570
35033,Haldimand--Norfolk,105585,135,77760,9120,6485,24080,380,1985,1610,3825,14390,15885,40,100,105,0,110,305,27030,52560,80,37400,4275,3055,11830,180,920,755,1745,6835,7815,15,55,65,0,25,120,14800,53025,60,40355,4845,3435,12255,195,1070,855,2080,7550,8075,25,40,40,0,85,180,12235
35034,Haliburton--Kawartha Lakes--Brock,107745,180,73390,12005,4140,16665,300,1080,2160,4715,22960,9370,135,145,95,45,110,470,33175,53630,70,34935,5470,1905,8240,165,560,1090,2295,10880,4330,80,75,45,20,0,215,18115,54120,110,38455,6535,2235,8430,135,525,1065,2420,12075,5035,50,70,55,25,0,255,15060
35035,Hamilton Centre,97865,1575,57595,5290,1870,29630,1505,955,1325,2500,4095,10410,530,715,3380,100,110,875,32985,49070,755,27600,2340,960,14495,730,380,530,1085,1890,5185,300,395,1800,60,30,345,17790,48785,820,29990,2950,920,15140,770,575,800,1415,2210,5225,225,315,1580,40,80,535,15195
35036,Hamilton East--Stoney Creek,106970,1365,72445,6250,1620,40590,5580,925,1245,2650,5755,7830,1165,145,4540,2995,110,360,23850,51745,690,33455,2695,695,19115,2730,380,555,1085,2425,3780,570,95,2265,1560,40,155,12910,55225,675,38990,3555,925,21475,2860,540,695,1565,3330,4045,595,55,2275,1430,65,200,10940
35037,Hamilton Mountain,102505,730,72110,6165,2115,37055,3120,925,2750,3300,6810,9875,720,100,4615,265,85,400,23480,49630,295,33325,2820,915,17480,1630,380,1210,1490,2905,4500,355,60,2340,140,15,230,12875,52875,435,38790,3355,1200,19570,1485,545,1535,1815,3910,5375,365,45,2275,120,75,165,10610
35038,Hamilton West--Ancaster--Dundas,105750,620,71055,7970,2355,33010,2750,1205,1365,3980,8375,10045,1095,1975,4665,320,65,725,25240,51500,280,33050,3870,935,15735,1470,450,570,1810,3520,4690,555,980,2530,135,0,350,13610,54245,340,38005,4095,1420,17275,1280,750,795,2170,4855,5360,530,995,2135,185,50,375,11630
35039,Hastings--Lennox and Addington,90105,180,65295,10980,1325,18400,210,690,2655,2305,18725,10005,35,110,110,20,120,270,23965,44645,80,31425,5040,785,9035,100,310,1120,1130,8900,5000,20,45,45,0,65,95,12865,45455,110,33870,5935,540,9365,110,380,1530,1175,9830,5005,15,60,65,0,55,170,11105
35040,Huron--Bruce,102790,55,81555,7180,2220,22040,210,4660,1745,7545,23370,12595,130,100,95,0,0,340,20510,51055,20,39465,3570,1070,10465,115,2280,825,3605,11340,6195,70,45,50,0,0,125,11275,51730,35,42085,3605,1150,11575,95,2375,920,3935,12030,6400,60,50,40,0,0,210,9240
35041,Kanata--Carleton,99820,1840,65960,8730,1350,33565,2135,1435,935,1880,8270,7670,1870,560,4245,635,10,565,24125,49235,795,31815,4195,680,16300,965,720,425,955,3965,3620,930,265,2090,325,0,270,12745,50585,1045,34145,4540,670,17265,1175,710,510,925,4305,4045,945,295,2160,310,0,295,11385
35042,Kenora,53260,40,32415,5490,1330,11390,130,2030,1745,615,5290,4400,0,80,20,0,2745,95,17870,26590,25,15365,2675,655,5445,70,930,770,310,2425,2075,0,0,0,0,1380,30,9755,26675,20,17050,2815,670,5945,60,1100,970,300,2865,2330,0,55,10,0,1365,70,8110
35043,King--Vaughan,108490,2665,74410,1810,715,53130,4995,335,1890,1410,2930,7195,5260,4860,7505,1235,0,270,12295,53630,1235,36280,815,340,26065,2430,165,940,690,1490,3345,2645,2320,3860,565,0,125,6595,54865,1425,38130,995,380,27065,2565,175,950,725,1435,3855,2610,2540,3650,665,0,140,5695
35044,Kingston and the Islands,113325,385,74670,11910,1255,31765,1060,825,1855,2200,14420,9380,520,750,1735,130,75,990,34070,54025,200,33530,4950,525,14870,490,350,740,945,6395,4265,295,325,955,45,40,395,18230,59300,185,41140,6960,730,16895,570,475,1110,1250,8030,5115,220,420,780,80,30,595,15845
35045,Kitchener Centre,100755,1300,66575,3660,2530,27635,3995,6305,2180,3090,5405,11775,950,275,3895,255,75,760,26675,49785,660,31165,1665,1175,13100,1925,2950,995,1455,2270,5620,540,145,1950,140,35,365,14790,50970,635,35415,1995,1355,14540,2070,3350,1180,1635,3130,6160,410,130,1940,110,40,395,11885
35046,Kitchener--Conestoga,92270,1285,67885,3695,2465,22315,2120,6055,1480,2980,6150,20625,890,185,3105,585,0,265,18070,45670,630,33055,1790,1220,10700,1115,2910,725,1420,2940,10235,445,85,1440,260,0,90,9645,46600,650,34830,1905,1245,11615,1005,3145,755,1555,3210,10390,440,100,1665,320,0,175,8425
35047,Kitchener South--Hespeler,96490,775,64855,5005,2270,28855,3535,3810,2250,3320,4815,10985,1430,260,4145,995,20,220,23800,48055,370,31215,2330,1040,13900,1805,1850,1070,1590,2200,5435,685,150,2120,460,0,115,12925,48435,400,33640,2675,1235,14955,1735,1960,1185,1725,2620,5555,740,115,2020,530,0,105,10875
35048,Lambton--Kent--Middlesex,103580,100,73720,7620,3800,27110,320,975,1720,4400,15885,11885,110,40,140,0,985,180,28290,51690,50,35835,3560,1815,13530,180,470,755,2005,7445,6075,40,20,70,0,500,75,15085,51890,55,37880,4070,1985,13585,135,505,960,2400,8440,5810,70,20,65,0,485,105,13205
35049,Lanark--Frontenac--Kingston,96120,150,71910,12045,1525,24330,195,675,1755,3495,18070,9825,45,225,150,15,0,430,23190,47960,55,34315,5675,710,11620,105,315,850,1735,8425,4870,25,150,75,0,0,185,13140,48155,95,37590,6370,810,12710,90,360,895,1760,9645,4955,20,70,70,10,0,245,10050
35050,Leeds--Grenville--Thousand Islands and Rideau Lakes,97610,190,74415,14650,1480,23315,505,740,1635,3875,18850,9370,75,120,320,65,45,275,22095,48065,70,35555,6760,660,11150,270,330,785,1930,8965,4705,45,70,190,35,25,95,11980,49540,120,38860,7895,810,12170,240,405,845,1945,9890,4660,30,45,135,30,25,180,10120
35051,London--Fanshawe,117850,1115,74010,8710,3650,33525,1720,1230,1705,3065,9340,11065,450,165,6055,110,120,600,35225,57735,545,34375,3830,1700,15730,870,535,775,1395,4210,5335,215,85,3160,55,70,245,18985,60115,575,39635,4880,1950,17800,850,695,925,1675,5130,5730,235,80,2895,60,50,355,16240
35052,London North Centre,115610,1185,68645,8595,2635,29155,2300,1455,1220,3085,10095,10105,1290,1080,3930,440,100,780,38165,56195,550,31255,3550,1200,13700,1175,575,545,1360,4400,4755,640,515,2055,225,55,355,20545,59410,630,37390,5050,1435,15460,1125,880,670,1725,5700,5345,650,565,1880,220,45,425,17615
35053,London West,117925,370,77370,9480,2970,31870,2415,1630,1320,3715,13340,10640,1015,465,5255,150,65,680,32550,56290,170,35300,4400,1365,14635,1190,815,615,1670,5745,4860,440,205,2540,70,45,330,17195,61635,205,42070,5085,1600,17230,1220,820,705,2045,7590,5780,580,255,2715,80,25,355,15360
35054,Markham--Stouffville,108345,1940,65935,6665,2570,30225,5230,915,1575,2350,5970,10435,8690,645,5350,995,0,280,24500,52815,855,31205,3055,1150,14545,2565,415,835,1050,2705,4890,4485,305,2560,480,0,160,12750,55530,1080,34730,3610,1415,15680,2665,505,745,1300,3265,5545,4210,345,2790,515,0,115,11750
35055,Markham--Thornhill,102380,5640,34150,1440,1390,17770,2640,185,1665,865,1055,7135,17165,5030,10650,2785,20,665,26275,50860,2530,16385,670,605,8570,1435,105,755,385,520,3340,8570,2420,5405,1465,15,290,13790,51520,3115,17770,775,790,9205,1205,80,910,480,530,3795,8590,2615,5250,1325,0,375,12480
35056,Markham--Unionville,104130,5430,45515,2280,3325,21310,4535,305,565,1090,2140,9960,5265,195,5345,660,0,300,41420,50735,2410,21315,1090,1505,10085,2250,105,320,465,930,4575,2575,110,2660,355,0,145,21170,53390,3025,24200,1190,1815,11235,2285,195,250,625,1205,5390,2685,85,2685,305,0,155,20245
35057,Milton,87085,555,56530,5095,1610,31695,1610,415,1095,2500,6020,6490,2540,250,8125,1640,0,240,17190,43065,210,27210,2350,810,15515,835,210,495,1130,2765,3095,1255,170,4255,790,0,110,9070,44020,350,29320,2745,800,16185,775,200,595,1365,3255,3395,1285,80,3870,860,0,130,8120
35058,Mississauga Centre,118185,3440,62550,2580,1525,39950,4695,390,1555,1425,1815,8625,10555,235,19505,3350,0,545,18005,57880,1650,29440,1165,655,18955,2340,200,610,695,865,3955,5230,130,9910,1695,0,235,9600,60305,1795,33110,1415,875,20990,2355,185,940,735,945,4670,5325,110,9595,1655,0,305,8410
35059,Mississauga East--Cooksville,121060,3280,80230,3155,1255,54085,6420,645,1745,1540,2565,8815,7820,215,12435,1245,20,390,15425,58895,1555,37735,1400,470,25930,3165,255,740,720,1090,3955,3740,120,6400,655,0,200,8490,62160,1730,42500,1755,780,28155,3260,390,1005,820,1480,4860,4080,100,6035,595,0,185,6940
35060,Mississauga--Erin Mills,116480,2390,67035,3885,1855,40330,4090,665,1910,2255,3260,8795,6690,350,18840,2355,0,765,18045,57080,1100,31715,1925,860,19400,1930,305,805,1045,1425,4010,3270,190,9710,1180,0,365,9550,59400,1290,35325,1955,985,20925,2160,360,1105,1205,1835,4795,3425,165,9135,1175,0,395,8490
35061,Mississauga--Lakeshore,117330,1085,81035,7730,1640,45030,4270,1395,1425,2820,7710,9005,2170,610,7215,650,0,535,24010,57345,500,38080,3550,720,21560,2075,620,580,1320,3555,4105,1110,275,3790,325,0,260,12995,59980,580,42955,4185,920,23480,2190,770,840,1510,4160,4905,1060,335,3435,320,0,275,11020
35062,Mississauga--Malton,117125,3580,57445,2030,1655,37045,2610,450,2920,915,1005,8825,14950,165,15250,13520,35,515,11660,57770,1750,27305,985,840,17605,1335,225,1195,425,500,4195,7485,85,7590,6980,0,235,6335,59350,1825,30150,1045,815,19440,1280,230,1725,490,500,4630,7465,80,7660,6540,20,285,5335
35063,Mississauga--Streetsville,118545,1845,76410,5435,1990,44920,3285,595,2435,2095,4900,10760,7140,250,11080,2880,0,440,18505,58350,890,36300,2545,950,21720,1700,210,1120,980,2215,4860,3555,160,5815,1355,0,255,10020,60190,950,40110,2890,1040,23195,1585,385,1315,1120,2690,5895,3585,85,5260,1530,0,185,8485
35064,Nepean,103515,1885,66245,6115,1340,37615,2505,1150,1475,1850,6725,7470,2980,1920,6480,1080,40,400,22480,50780,840,31200,2875,610,17975,1140,490,655,870,3050,3535,1495,1000,3475,540,0,200,12015,52730,1045,35050,3245,725,19640,1360,660,820,975,3675,3935,1485,925,3005,540,0,195,10465
35065,Newmarket--Aurora,108410,2840,71805,8385,1760,32415,3745,1035,1890,2970,9080,10525,1565,1305,2680,55,0,435,27715,52780,1435,33550,3830,775,15570,1875,445,920,1345,4020,4765,745,640,1370,40,0,205,14795,55635,1410,38260,4560,985,16850,1875,590,965,1625,5060,5755,820,665,1310,20,0,230,12925
35066,Niagara Centre,103875,255,79575,8865,2025,41965,535,1830,1340,3405,7535,12070,230,190,725,0,0,235,22600,50835,125,37580,4195,1025,20030,300,870,620,1520,3290,5735,125,105,375,0,0,120,12370,53035,135,41990,4675,1000,21935,235,960,715,1880,4250,6335,100,90,350,0,0,120,10235
35067,Niagara Falls,125380,605,93080,11555,1960,44500,2280,2790,2005,4235,9105,14650,365,415,1320,115,100,340,29040,60740,305,43240,5220,810,20835,1065,1175,870,2065,4185,7025,195,155,650,50,55,145,15940,64645,305,49840,6335,1150,23665,1220,1620,1135,2170,4920,7625,165,260,670,70,45,195,13095
35068,Niagara West,85025,130,64855,7865,1245,22405,930,1260,835,2515,9440,18345,165,110,270,50,20,180,19245,42105,60,31310,3660,605,11010,485,565,405,1175,4375,9025,85,35,140,20,0,75,10385,42915,75,33540,4210,640,11400,440,695,430,1345,5070,9320,80,75,130,30,0,105,8860
35069,Nickel Belt,89965,115,76785,3300,980,60370,255,1295,830,700,4985,4070,70,20,195,0,115,115,12525,45030,75,37675,1655,530,29925,110,575,335,305,2235,2015,30,0,105,0,50,60,7005,44935,40,39110,1645,455,30445,145,720,500,390,2755,2060,40,0,90,0,70,55,5520
35070,Nipissing--Timiskaming,89335,135,66500,5335,1115,38270,165,710,1130,1495,9350,8925,120,110,190,45,235,150,21845,43680,70,31695,2655,500,18240,85,320,540,715,4445,4210,80,70,110,25,105,35,11500,45655,65,34805,2680,615,20030,85,395,595,785,4910,4715,45,40,85,25,140,120,10345
35071,Northumberland--Peterborough South,104785,140,74665,13415,2945,20290,480,1225,1690,4165,21030,9430,135,180,325,0,80,375,28870,51350,65,34760,6165,1365,9605,230,635,720,2020,9625,4410,70,100,175,0,30,170,15975,53440,80,39905,7255,1580,10690,250,590,970,2150,11405,5020,60,80,155,0,50,205,12895
35072,Oakville,118340,860,82775,10200,2080,42195,3555,1460,1075,3370,9900,8935,2160,635,3785,1380,0,560,26165,57235,360,38825,4695,995,20150,1790,620,495,1570,4470,4030,1045,305,1835,640,0,195,14010,61105,495,43950,5505,1080,22045,1770,840,580,1800,5430,4900,1115,330,1945,740,0,365,12155
35073,Oakville North--Burlington,113115,805,79240,7260,1480,45040,4275,1180,1650,3280,7160,7915,2645,490,5195,2350,0,345,22035,55135,345,37650,3335,690,21370,2110,595,780,1545,3390,3850,1360,215,2590,1105,0,135,11735,57980,465,41590,3925,790,23675,2165,585,870,1740,3770,4065,1290,275,2605,1245,0,210,10305
35074,Oshawa,124040,565,84260,9500,3295,35725,1435,905,3430,3095,14055,12830,450,355,1270,120,35,480,36505,60400,270,38920,4165,1360,16980,715,450,1555,1465,6205,6035,250,170,610,70,0,155,19925,63645,300,45340,5335,1935,18745,720,455,1875,1630,7850,6795,195,180,660,55,15,330,16580
35075,Ottawa Centre,109750,1835,59945,7095,885,32315,2105,1105,640,1545,6415,7845,1020,2525,4480,160,115,1035,38640,53430,825,27325,3105,360,14885,860,515,315,795,2910,3580,630,1210,2410,105,55,445,20420,56325,1005,32625,3990,525,17430,1245,595,320,750,3510,4265,385,1310,2075,60,60,585,18220
35076,Orleans,117980,735,89375,6360,1615,61795,1505,990,1805,1295,6530,7480,1360,330,5655,325,30,345,19830,57305,305,42335,3205,705,29495,720,495,770,625,3025,3290,645,205,2870,155,0,130,10635,60675,420,47040,3155,905,32300,780,500,1030,675,3505,4190,715,120,2785,165,20,215,9190
35077,Ottawa South,120395,1830,72585,6370,1350,42370,3665,1175,1755,1370,5320,9210,1700,1465,18385,285,25,585,23535,57665,860,32725,2700,525,19445,1685,525,725,635,2345,4145,890,820,8885,195,0,240,13040,62730,970,39860,3665,820,22930,1985,650,1030,735,2975,5065,805,645,9500,90,0,345,10495
35078,Ottawa--Vanier,107155,925,70905,4820,1140,48000,1625,885,1075,985,3655,8725,755,825,8315,420,50,840,24115,51060,475,31930,2175,505,21505,755,460,370,430,1670,4055,410,420,4185,230,20,335,13065,56095,455,38975,2650,635,26495,870,425,700,555,1980,4670,350,405,4130,190,30,510,11050
35079,Ottawa West--Nepean,109325,2085,66280,6645,1500,36555,2590,1120,1145,1850,6635,8230,1535,2705,8935,375,35,1195,26180,52395,1005,29720,2795,610,16740,1145,470,515,865,2920,3665,820,1340,4510,250,0,485,14250,56925,1075,36555,3855,890,19810,1445,650,635,985,3720,4560,710,1365,4425,125,25,705,11930
35080,Oxford,106965,270,76785,8610,5085,20465,325,2030,1515,4560,18390,15805,120,55,295,90,0,315,29040,53125,145,36765,3975,2275,10325,175,920,670,2075,8520,7835,50,25,170,60,0,125,15795,53845,125,40025,4640,2810,10140,155,1110,840,2490,9870,7970,75,35,125,0,0,190,13245
35081,Parkdale--High Park,102500,4325,55850,4435,1165,30340,4720,1095,470,1520,3990,8120,2140,1120,3160,215,70,650,34970,49225,2130,25315,2000,590,13855,2075,520,165,720,1710,3670,1110,570,1560,90,0,205,18240,53275,2195,30535,2430,575,16485,2640,575,300,800,2275,4450,1025,555,1605,125,55,445,16730
35082,Parry Sound--Muskoka,88445,150,59330,11095,3045,13690,225,1095,1815,3605,15190,9570,55,225,45,0,350,690,27600,43835,40,27995,5200,1400,6455,150,425,840,1705,7145,4670,20,110,10,0,125,230,15305,44615,110,31340,5900,1645,7230,80,670,970,1895,8045,4905,35,115,35,0,230,460,12295
35083,Perth--Wellington,102760,190,81440,5895,2170,19075,240,7695,1290,8910,16035,20125,75,85,160,100,0,335,20380,50760,85,38975,2795,1035,9195,150,3515,570,4095,7585,10045,35,45,75,60,0,135,11335,52000,105,42465,3100,1140,9880,95,4185,720,4820,8445,10080,30,35,85,40,0,200,9045
35084,Peterborough--Kawartha,112670,435,77360,11225,2180,26810,240,765,2595,3220,18885,11445,240,425,625,50,120,915,32490,54550,215,35875,5045,965,12780,135,330,1100,1340,8850,5335,135,160,350,25,60,375,17360,58115,225,41485,6175,1220,14030,105,435,1500,1880,10035,6115,110,265,280,25,60,540,15125
35085,Pickering--Uxbridge,108335,315,71970,8545,2620,30645,3400,970,2575,3410,8830,10980,3405,335,5320,715,0,300,25970,52935,150,34135,3945,1295,14620,1675,420,1055,1590,4215,5325,1525,190,2755,295,0,150,13730,55400,165,37835,4595,1325,16025,1725,545,1515,1820,4615,5650,1880,145,2565,420,0,155,12240
35086,Renfrew--Nipissing--Pembroke,99770,165,79320,7360,1985,40415,195,6750,2090,2710,10455,7365,70,195,150,55,60,245,19510,49940,80,38505,3345,940,20190,120,3060,940,1415,4960,3545,35,100,85,30,25,95,10985,49830,80,40815,4015,1045,20225,75,3695,1150,1295,5500,3820,25,95,65,30,35,145,8530
35087,Richmond Hill,108130,3260,52645,3025,1665,25475,6440,565,745,2045,3145,9535,2030,5605,11725,695,0,920,31250,52290,1480,24225,1355,675,11900,3140,280,345,950,1345,4240,1055,2750,5670,390,0,430,16280,55845,1780,28420,1670,995,13575,3300,285,400,1090,1800,5295,970,2850,6060,305,0,490,14970
35088,Carleton,88770,555,67460,9210,1065,35030,1300,1105,870,2090,9315,7470,730,240,1845,135,0,265,17535,44175,245,32560,4415,610,16940,645,500,420,1035,4245,3740,335,120,1000,60,0,120,9740,44600,305,34900,4800,450,18090,655,610,450,1055,5070,3725,395,115,845,80,0,150,7795
35089,St. Catharines,108535,635,77690,10190,2055,33935,1505,1625,2090,3965,8150,14175,245,360,2060,40,15,400,27090,51610,275,35445,4485,890,15845,770,790,965,1690,3475,6540,105,225,1060,15,0,145,14330,56925,355,42240,5705,1165,18085,735,835,1125,2275,4670,7635,140,140,1005,20,0,255,12755
35090,Toronto--St. Paul's,101370,1185,53320,6190,1020,27145,4190,860,1020,1495,3830,7570,1435,14950,2525,75,45,740,27090,46270,545,22520,2750,365,11325,1910,365,385,570,1665,3190,680,7255,1305,0,0,310,13630,55095,645,30800,3440,660,15825,2280,495,630,925,2170,4380,760,7690,1225,65,35,430,13455
35091,Sarnia--Lambton,104485,235,73410,7570,3440,28500,620,1090,1790,4750,14820,10835,455,185,560,170,160,325,28985,50940,85,34185,3360,1490,13595,285,490,750,2190,6990,5035,235,125,295,100,50,155,15705,53550,150,39225,4210,1945,14910,335,595,1035,2555,7830,5800,215,60,270,70,105,170,13280
35092,Sault Ste. Marie,80485,25,59425,5240,1435,32140,230,2155,1255,1430,8035,7510,165,190,140,0,310,235,19995,39240,0,27790,2275,645,15295,115,1075,520,625,3655,3585,90,130,105,0,150,85,10885,41240,15,31635,2960,785,16845,120,1075,735,805,4385,3930,75,60,35,0,160,150,9110
35093,Scarborough--Agincourt,103315,5750,44110,2355,2020,18615,5470,310,1535,1080,1770,10960,8145,145,6765,355,0,330,37715,49105,2500,19510,970,715,8480,2725,115,605,435,780,4695,4000,75,3440,135,0,145,19305,54210,3250,24595,1390,1305,10135,2745,195,930,645,995,6265,4140,75,3325,225,0,185,18410
35094,Scarborough Centre,107310,1865,60065,4065,2445,27880,7285,740,2460,1350,2920,10915,14170,185,12815,335,0,285,17585,51655,755,27660,1755,1145,13000,3695,325,930,530,1325,4955,7085,95,6410,165,0,170,9320,55655,1110,32405,2315,1305,14885,3585,410,1530,815,1595,5960,7085,90,6400,170,0,115,8270
35095,Scarborough--Guildwood,100490,1175,52890,3685,2020,23700,3285,485,3065,1840,2825,11980,16320,155,14890,875,155,415,13610,48585,490,23895,1595,825,11040,1575,235,1215,775,1175,5475,8390,80,7655,485,70,210,7315,51900,685,28995,2090,1195,12655,1720,255,1850,1065,1655,6510,7930,80,7235,380,90,210,6290
35096,Scarborough North,100175,6475,37400,2120,1890,18395,1445,245,1825,950,1275,9260,14570,65,7345,685,0,255,33390,48590,2845,17585,970,840,8625,720,115,800,430,580,4510,7100,40,3615,365,0,165,16875,51590,3635,19815,1150,1050,9770,720,125,1030,520,695,4750,7465,25,3725,315,0,90,16515
35097,Scarborough--Rouge Park,102130,980,56620,4710,1990,27705,2345,810,3475,2025,2480,11075,19025,75,9595,1300,0,350,14180,49365,445,26130,2145,880,12915,1210,345,1485,1000,1010,5135,9460,45,4800,660,0,135,7695,52765,540,30485,2570,1110,14790,1135,470,1985,1020,1465,5940,9560,30,4790,640,0,220,6485
35098,Scarborough Southwest,104600,1605,58510,5425,1550,27795,4425,780,1600,1655,3785,11490,7620,310,12810,220,0,570,22935,50375,760,26775,2575,695,12725,2195,315,560,740,1605,5375,3820,165,6495,120,0,230,12000,54225,845,31735,2855,855,15070,2225,470,1045,915,2180,6115,3800,145,6320,95,0,335,10935
35099,Simcoe--Grey,114025,265,81605,11195,2660,29215,530,1645,1640,8155,16600,9955,125,255,120,25,15,365,31245,56185,155,38590,5215,1170,14140,270,705,725,3655,7875,4835,50,130,50,0,0,150,17055,57840,110,43010,5975,1495,15080,265,935,920,4500,8725,5125,85,130,75,0,0,215,14195
35100,Simcoe North,105900,60,75820,10605,3095,31085,605,1300,1120,5455,12985,9570,85,330,250,200,315,365,28470,51855,30,35695,4710,1320,15265,300,590,520,2475,5990,4525,40,150,135,125,170,130,15385,54045,35,40125,5900,1775,15820,300,710,605,2980,6990,5045,45,180,115,80,150,230,13080
35101,Spadina--Fort York,81275,2955,37080,3065,685,20385,2210,465,445,1095,2140,6585,1940,1920,4165,375,0,510,32295,40510,1185,17310,1365,310,9670,1020,240,205,510,885,3110,995,925,2255,175,0,230,17385,40765,1770,19765,1700,375,10720,1190,225,235,585,1250,3470,940,995,1915,200,0,275,14910
35102,Stormont--Dundas--South Glengarry,98700,185,82920,5875,1050,50465,370,1460,1310,4345,10985,7065,700,145,1225,0,95,330,13105,48195,90,39680,2870,450,24470,235,635,710,2145,4810,3350,360,100,625,0,45,140,7155,50505,100,43235,3000,600,26000,130,820,600,2205,6175,3715,340,45,595,0,50,190,5955
35103,Sudbury,90020,185,69735,4015,1300,48690,680,1915,1245,1045,5685,5160,270,95,455,55,285,335,18610,43350,120,32190,1885,620,22690,385,915,555,520,2590,2030,155,65,265,30,185,160,10180,46665,65,37545,2130,680,26005,300,995,685,525,3095,3130,115,30,185,25,95,175,8430
35104,Thornhill,109680,2230,41090,1780,870,20635,6850,540,470,2205,1595,6145,3740,40710,4665,590,25,515,16110,53080,1015,19015,810,390,9740,3225,225,190,1035,680,2715,1975,19900,2185,300,10,280,8395,56600,1210,22070,970,480,10895,3620,310,275,1165,925,3430,1765,20810,2485,290,10,235,7720
35105,Thunder Bay--Rainy River,81655,135,57795,5660,2000,26870,790,4055,500,2270,8475,7175,40,45,115,0,1050,295,22175,40185,50,27150,2815,940,12785,425,1780,250,1050,3635,3465,25,0,60,0,465,125,12275,41475,80,30645,2845,1060,14090,365,2280,245,1220,4835,3710,20,0,55,0,590,170,9895
35106,Thunder Bay--Superior North,81220,105,58815,6110,1025,30960,420,5635,945,1455,6615,5645,90,125,345,60,295,275,21110,40285,35,27995,2815,465,15070,235,2570,390,655,3025,2775,45,70,190,30,145,135,11630,40930,70,30815,3300,565,15885,185,3070,550,800,3590,2870,40,55,155,25,145,140,9480
35107,Timmins--James Bay,80230,60,63720,5570,1170,43365,90,815,1785,1085,5070,4790,60,125,145,0,445,155,15525,40530,25,31365,2750,515,21575,60,370,895,545,2270,2390,25,70,70,0,195,80,8685,39700,30,32355,2820,655,21790,30,440,880,550,2795,2405,30,50,75,0,245,70,6840
35108,Toronto Centre,89830,2445,40445,3730,980,21100,2285,415,800,1060,2150,7910,4440,1660,8120,410,35,835,31445,47565,1085,20130,1905,485,10470,1105,235,330,570,1195,3840,2265,860,4235,200,0,425,18360,42270,1365,20315,1830,495,10630,1190,185,470,490,950,4075,2175,800,3885,205,0,410,13080
35109,Toronto--Danforth,102420,4735,49835,4805,820,19435,10130,755,810,1430,3600,8040,1065,1920,4505,125,150,800,39285,50240,2185,23190,2175,390,8805,5170,380,410,625,1600,3630,565,910,2430,90,75,330,20460,52180,2545,26640,2640,430,10625,4955,375,400,805,2000,4410,490,1010,2075,35,75,465,18830
35110,University--Rosedale,94350,2305,41710,5725,520,21400,2255,660,255,1485,3340,6060,1145,6735,3175,110,40,755,38385,45760,1050,19125,2825,265,9725,985,270,85,715,1420,2830,560,3155,1495,45,0,330,19990,48590,1255,22580,2895,260,11675,1270,390,170,770,1920,3225,590,3585,1675,65,0,425,18390
35111,Vaughan--Woodbridge,104545,2640,83220,685,355,71745,3905,130,985,560,530,4330,4120,210,3720,3240,0,400,6995,51345,1225,40345,330,140,35130,1880,50,495,190,250,1885,2050,95,1880,1640,0,245,3865,53205,1415,42880,350,215,36620,2020,75,495,370,290,2440,2075,120,1840,1600,0,155,3130
35112,Waterloo,101475,915,64515,4415,1870,26410,2365,6665,1250,3210,7035,11290,1800,590,4570,845,35,540,27665,50485,470,30410,2075,870,12720,1080,3040,670,1445,3160,5355,980,240,2500,415,0,245,15210,50990,445,34105,2340,1000,13690,1280,3625,580,1770,3880,5940,820,345,2075,430,20,295,12460
35113,Wellington--Halton Hills,114000,215,82150,10210,2470,32140,810,1575,1560,7050,14500,11835,315,220,310,210,0,350,30225,56725,100,39420,4435,1190,15660,445,720,760,3425,6935,5845,155,115,195,95,0,130,16505,57280,115,42725,5770,1275,16480,365,860,795,3625,7565,5985,160,105,115,115,0,215,13715
35114,Whitby,120290,505,85125,10075,2545,39050,2960,920,3175,3100,11600,11700,1905,440,3485,245,30,335,28225,58850,255,40310,4670,1135,18900,1345,430,1455,1450,5120,5810,945,275,1750,110,0,105,15095,61435,255,44815,5405,1410,20145,1610,490,1720,1655,6475,5890,960,165,1735,130,0,235,13130
35115,Willowdale,108745,3170,49985,2595,1980,22355,4640,700,790,3495,2650,10795,1925,7180,12655,125,0,605,33105,51770,1265,22185,1080,815,9775,2070,275,315,1725,1100,5030,955,3520,6260,70,0,310,17200,56975,1905,27800,1510,1170,12580,2560,425,475,1770,1545,5765,965,3660,6400,50,0,285,15905
35116,Windsor--Tecumseh,114355,355,86555,6380,1915,54210,5565,1155,1905,1985,4500,8945,615,285,3565,525,25,320,22110,55075,190,40365,2885,865,25690,2755,475,825,925,2045,3880,295,100,1830,295,0,140,11860,59280,170,46190,3500,1045,28515,2805,675,1075,1060,2455,5065,315,190,1730,225,25,175,10250
35117,Windsor West,117060,2040,76865,5555,2540,46815,3735,980,1735,1750,3755,10000,1960,685,11040,1140,35,515,22795,57680,1065,36500,2375,1225,22360,1880,470,805,800,1750,4850,1070,360,5600,580,15,305,12180,59380,975,40360,3180,1315,24460,1855,515,935,950,2005,5155,885,325,5440,560,0,205,10615
35118,York Centre,99390,2855,58365,1730,1395,35265,5770,185,1560,540,870,11045,2235,18870,4120,90,0,190,12665,47050,1290,26625,840,560,16425,2580,80,585,275,285,4995,1075,9085,2215,30,0,120,6610,52335,1565,31740,890,840,18845,3185,110,975,265,585,6055,1155,9785,1905,60,0,65,6060
35119,York--Simcoe,93110,685,61730,8480,2285,27355,1190,970,1155,2480,9685,8130,495,510,570,215,85,205,28615,46330,310,29540,3975,995,13765,620,460,510,1000,4200,4010,225,265,330,110,25,120,15410,46780,375,32185,4505,1290,13585,565,505,645,1475,5480,4125,280,240,240,105,65,90,13205
35120,York South--Weston,114810,4420,81925,2670,1550,51880,2530,280,4495,1050,2045,15430,4100,380,8620,560,60,280,14470,54520,2115,37780,1165,660,24640,1250,155,1905,490,790,6725,1945,240,4180,280,30,120,7825,60295,2310,44145,1505,895,27235,1275,130,2590,560,1250,8705,2155,140,4435,275,25,160,6640
35121,Humber River--Black Creek,107490,6435,64135,1330,1010,37875,1355,300,3615,745,715,17195,9060,290,11475,2530,0,300,13265,51450,3020,29755,665,470,17945,600,145,1545,350,345,7695,4605,165,5570,1195,0,180,6950,56040,3410,34380,665,535,19935,750,150,2065,400,370,9500,4450,125,5905,1330,0,125,6310
46001,Brandon--Souris,80020,115,55155,4890,1295,14010,525,1435,2060,1540,18965,10430,270,35,280,105,395,305,23350,39130,60,25525,2210,645,6585,245,685,935,690,8650,4875,155,25,165,55,185,155,12805,40885,55,29630,2680,645,7425,280,750,1120,850,10315,5555,115,0,115,50,205,150,10550
46002,Charleswood--St. James--Assiniboia--Headingley,79615,255,52095,5640,1640,17110,1160,3160,1180,1060,11535,9610,285,390,590,390,0,330,25270,38375,120,23950,2570,745,8150,555,1430,580,515,5010,4395,115,220,295,165,0,155,13350,41240,135,28150,3070,900,8955,605,1730,605,545,6525,5215,175,170,295,225,0,175,11920
46003,Churchill--Keewatinook Aski,83700,60,61415,14540,580,23595,350,665,3180,385,13265,4845,335,0,150,90,1965,130,19545,42465,40,30670,7135,320,11995,150,300,1530,220,6635,2385,165,0,90,35,1010,60,10390,41235,20,30740,7400,260,11605,200,365,1655,165,6635,2460,170,0,65,50,955,75,9160
46004,Dauphin--Swan River--Neepawa,83950,100,60480,4275,1560,20460,1390,2675,1580,995,17250,10290,40,45,110,45,1635,170,21320,42320,75,29580,2110,755,9970,735,1355,765,470,8395,5020,20,30,75,0,865,60,11595,41630,30,30900,2165,800,10490,655,1320,815,525,8855,5270,20,20,40,0,770,110,9725
46005,Elmwood--Transcona,84960,785,55030,3715,1190,23075,1470,3495,1415,405,7205,13060,520,155,715,955,140,300,26365,41670,370,25995,1760,600,11240,675,1595,625,180,3105,6215,265,65,330,450,40,85,14065,43295,415,29035,1960,595,11835,795,1905,785,230,4100,6840,260,85,380,500,95,215,12300
46006,Kildonan--St. Paul,80915,345,58260,3800,1380,27460,1635,3900,1095,440,6230,12315,215,1390,375,1235,195,130,18765,38765,120,26750,1425,640,12770,795,1900,520,175,2775,5755,110,660,160,615,100,55,10190,42150,220,31505,2375,735,14695,840,2000,580,265,3460,6565,100,730,215,625,100,70,8575
46007,Portage--Lisgar,85565,75,69325,2885,2570,12185,270,2470,1885,955,9915,36190,85,50,440,55,890,200,14445,42930,30,34220,1395,1340,6255,130,1150,990,395,4535,18045,35,0,210,30,420,90,7870,42635,40,35100,1495,1230,5935,140,1320,890,560,5375,18155,50,0,230,25,470,105,6575
46008,Provencher,86480,75,68900,1920,1690,20340,925,3860,2665,490,5370,31640,85,65,125,0,300,170,16765,43880,20,34215,905,895,10565,475,1790,1445,200,2605,15340,50,35,40,0,150,55,9305,42605,50,34680,1015,795,9775,455,2070,1220,290,2765,16300,30,35,80,0,150,110,7460
46009,Saint Boniface--Saint Vital,82430,525,53530,3765,760,27035,950,3250,990,605,6805,9370,850,390,2335,635,120,255,23790,39975,265,24415,1705,375,12320,465,1545,435,300,2900,4360,375,200,1150,305,50,125,13100,42455,260,29120,2055,380,14715,485,1700,555,305,3905,5010,480,190,1185,335,70,135,10690
46010,Selkirk--Interlake--Eastman,88350,60,61845,7980,1560,20515,995,8240,1135,890,10650,9870,65,320,45,55,195,420,25350,44420,25,29640,3560,750,10510,480,4125,495,430,4550,4730,35,165,25,30,90,195,14215,43925,30,32205,4420,810,10000,515,4115,640,460,6105,5140,25,150,20,25,105,230,11140
46011,Winnipeg Centre,78545,1605,47215,2785,1310,24250,955,1350,1610,375,3650,10925,520,420,1930,265,415,730,25445,39615,785,22710,1285,540,11995,485,600,720,185,1600,5300,255,230,1115,125,115,295,13985,38930,825,24505,1495,770,12260,475,750,885,185,2055,5625,270,190,810,135,300,430,11460
46012,Winnipeg North,87325,1140,59340,2470,1580,38390,1065,1405,1505,355,3010,9560,990,435,580,4495,685,280,19370,42745,560,28195,1180,770,18545,460,680,600,145,1320,4500,490,200,305,2330,295,115,10260,44580,580,31145,1290,815,19840,605,725,905,210,1695,5065,505,240,280,2165,385,165,9110
46013,Winnipeg South,84125,940,51615,3290,1405,22550,1415,2555,1275,595,8125,10405,2530,715,3355,1355,65,215,23325,41350,485,24360,1600,675,10745,690,1130,625,245,3730,4920,1295,390,1655,705,25,125,12330,42775,465,27260,1690,730,11805,730,1430,645,350,4395,5490,1240,325,1705,655,45,95,10995
46014,Winnipeg South Centre,88370,685,49430,5090,1300,18475,1545,2450,1090,670,8230,10590,915,6685,1370,520,155,615,27990,42320,325,22075,2130,600,8625,740,945,490,300,3270,4980,515,3230,725,245,65,280,14875,46050,360,27360,2960,705,9850,805,1505,600,370,4960,5615,405,3460,645,280,85,340,13120
47001,Battlefords--Lloydminster,68675,75,49060,3865,1135,23505,530,2365,1635,595,8965,6465,70,0,240,40,2485,85,16620,34420,60,23475,1780,600,11200,235,1000,770,370,4360,3160,55,0,135,0,1305,50,9330,34255,0,25590,2080,535,12305,295,1365,870,225,4600,3305,0,0,100,0,1180,35,7290
47002,Cypress Hills--Grasslands,63340,80,48540,2215,1015,13640,210,5170,1665,390,12845,11390,25,0,75,0,90,140,14365,31805,45,23485,1025,570,6735,110,2535,725,195,6070,5525,15,0,35,0,40,75,8115,31530,35,25060,1190,450,6905,95,2640,940,200,6775,5855,0,0,35,0,45,65,6250
47003,Desnethe--Missinippi--Churchill River,68565,15,52680,12695,425,28440,250,1730,1120,470,2840,4705,0,30,0,0,1840,25,13970,34630,0,26220,6555,240,13840,90,900,505,195,1440,2455,0,30,0,0,985,10,7370,33935,10,26460,6135,185,14600,155,825,615,280,1400,2255,0,0,0,0,860,15,6595
47004,Carlton Trail--Eagle Creek,70635,50,54740,2020,1285,21635,790,3665,895,330,8125,16000,60,25,55,0,355,270,15075,35570,25,27065,955,640,10865,475,1720,475,150,3820,7945,40,20,25,0,160,105,8130,35070,30,27675,1065,640,10770,310,1945,420,175,4300,8055,0,0,25,0,190,170,6945
47005,Moose Jaw--Lake Centre--Lanigan,73715,185,56390,3005,1175,18230,485,6545,1130,590,14280,10960,30,25,145,0,80,150,16670,37120,95,27335,1325,550,9385,225,3100,510,290,6605,5340,20,0,65,0,40,45,9475,36595,90,29060,1675,625,8840,255,3445,615,300,7675,5625,0,0,80,0,40,105,7195
47006,Prince Albert,76610,115,58085,8965,1340,22630,940,4280,1775,940,8825,8395,155,20,205,0,590,235,17190,37430,30,27395,4175,595,10820,485,1925,900,365,4030,4100,110,15,75,0,285,115,9390,39175,85,30690,4790,750,11805,455,2355,875,575,4790,4295,40,0,130,0,305,120,7795
47007,Regina--Lewvan,78460,375,54345,2915,1615,24205,1470,6205,805,655,9485,6990,580,125,1275,415,240,225,20890,38385,185,25245,1265,770,11390,735,2665,370,295,4315,3440,320,60,655,200,110,105,11500,40080,185,29095,1650,845,12810,735,3545,440,360,5165,3555,265,65,615,210,130,115,9390
47008,Regina--Qu'Appelle,71885,320,48325,2840,960,20725,615,5645,915,365,8590,7675,155,40,810,115,2575,185,19355,35425,140,23145,1280,520,10090,300,2635,450,210,3815,3845,65,25,430,55,1325,60,10190,36460,185,25185,1560,435,10630,320,3005,465,150,4775,3830,90,20,380,60,1255,130,9165
47009,Regina--Wascana,75570,1000,51645,2420,1685,23685,1105,4985,880,635,9090,7155,835,190,1485,395,150,385,19485,37005,475,24040,1205,775,11440,505,2170,340,280,3745,3575,505,125,735,240,70,195,10605,38570,520,27605,1210,905,12245,600,2815,540,360,5350,3580,330,65,750,160,80,185,8880
47010,Saskatoon--Grasswood,70955,300,48350,2825,1240,19855,1125,3480,950,475,9225,9175,475,200,2105,105,105,355,18950,34380,145,21870,1320,500,9500,450,1465,365,195,3860,4205,250,110,1170,65,25,185,10560,36570,155,26480,1510,735,10355,675,2010,580,280,5365,4970,225,90,930,40,85,170,8390
47011,Saskatoon--University,74945,380,49625,2585,1285,21445,1095,3765,1025,650,8005,9765,965,180,1975,215,120,370,21105,37210,150,23185,1070,595,10050,500,1845,510,280,3610,4735,490,90,980,170,35,190,11910,37735,235,26435,1520,690,11395,595,1920,520,370,4395,5030,475,90,1000,40,90,185,9195
47012,Saskatoon West,75245,995,48505,2940,1000,22015,1000,2120,1185,505,6765,10975,145,40,1570,290,855,130,22720,37070,520,22940,1275,505,10555,425,1055,570,240,3080,5230,70,0,780,135,380,70,12140,38175,475,25565,1660,500,11465,575,1065,610,265,3685,5740,70,0,790,155,470,60,10580
47013,Souris--Moose Mountain,70325,305,53215,2600,825,18630,350,6895,1265,1120,14350,7190,80,15,70,0,1340,175,15110,35795,155,26360,1220,365,9580,190,3290,600,560,6865,3695,40,0,35,0,700,55,8430,34535,145,26860,1375,460,9045,165,3600,660,560,7485,3495,35,0,35,0,640,125,6685
47014,Yorkton--Melville,69835,60,53415,2760,1295,19225,2170,6910,970,270,13445,6360,0,0,35,0,1425,85,14805,34910,20,25705,1350,560,9600,1065,3130,465,140,6210,3180,0,0,20,0,745,40,8385,34925,40,27705,1410,740,9625,1105,3780,505,130,7235,3175,0,0,0,0,680,50,6420
48001,Banff--Airdrie,102190,470,61220,5340,2435,21465,575,2965,1300,1230,9340,16570,150,85,860,515,1980,505,36410,51515,265,29330,2400,1045,10410,315,1395,645,585,4455,8085,80,50,470,280,990,245,19810,50670,200,31890,2945,1395,11060,265,1570,655,645,4885,8480,65,40,390,235,995,255,16600
48002,Battle River--Crowfoot,100675,80,71500,4290,2195,19280,460,9585,1625,750,16040,17260,75,10,145,55,50,345,28430,51095,45,34710,1850,1025,9705,220,4665,805,370,7820,8250,55,0,65,40,0,180,15965,49575,35,36785,2440,1170,9570,240,4925,820,380,8225,9010,25,0,85,10,0,160,12460
48003,Bow River,98765,1025,68145,4780,1475,21080,480,4990,1070,1085,9790,23380,350,45,1645,1360,370,225,25595,50590,535,33355,2375,660,10425,195,2420,525,540,4835,11375,155,0,930,725,175,115,14595,48175,495,34790,2405,815,10655,290,2570,545,545,4950,12010,200,0,715,635,190,110,11005
48004,Calgary Centre,105150,1235,51360,4800,1180,22460,1585,1790,535,1430,5855,11725,1235,1345,4170,215,140,775,44685,53710,525,24240,2155,525,10815,750,800,260,630,2695,5605,700,665,2185,90,60,355,24900,51440,710,27125,2645,660,11645,840,990,275,800,3160,6120,530,680,1990,120,80,415,19785
48005,Calgary Confederation,108655,2030,56030,4630,1490,21925,1245,2740,1005,1545,8010,13445,760,505,2875,240,70,1155,44990,54500,860,25735,2100,675,10435,625,1260,555,605,3425,6055,435,320,1555,155,50,495,24890,54155,1160,30295,2535,810,11480,620,1480,450,940,4585,7395,325,185,1325,85,25,655,20095
48006,Calgary Forest Lawn,107425,6500,53255,2475,1915,26585,1155,1990,1640,885,4275,12345,2310,75,12420,5060,90,650,27060,54930,3160,26080,1100,820,13475,690,855,660,410,1905,6165,1205,50,6325,2605,50,320,15140,52495,3340,27180,1375,1090,13110,465,1140,980,475,2365,6185,1105,25,6100,2455,45,330,11920
48007,Calgary Heritage,106885,660,65285,5165,1645,27845,3150,2690,1415,1650,8275,13450,1315,2580,2650,185,180,510,33515,52760,325,30370,2310,795,13365,1585,1140,640,665,3565,6310,660,1150,1455,120,65,250,18360,54125,335,34915,2855,855,14480,1565,1550,775,985,4710,7140,655,1430,1195,65,115,260,15150
48008,Calgary Midnapore,109835,920,71120,5330,1735,30990,2235,2815,1340,1415,9540,15730,1185,400,1510,475,75,600,33540,54835,405,33700,2485,765,15000,1030,1400,600,710,4090,7620,600,225,800,240,25,250,18590,55000,515,37420,2845,970,15990,1200,1410,740,700,5455,8105,585,175,710,230,50,350,14950
48009,Calgary Nose Hill,109085,3555,56955,3140,2080,24535,1385,2195,1740,1455,5945,14475,2105,145,5315,1560,15,475,38955,54000,1515,26725,1415,1040,11585,645,1050,855,635,2645,6860,1050,70,2730,775,0,180,20950,55080,2035,30225,1720,1040,12950,740,1150,880,820,3300,7615,1055,75,2585,780,0,295,18005
48010,Calgary Rocky Ridge,107955,1295,65205,4005,2500,28130,1990,2495,2020,1740,6845,15495,1930,140,4665,1220,40,590,32870,53185,595,30740,1920,1205,13350,970,1130,955,755,3055,7400,985,70,2370,600,0,285,17520,54775,695,34465,2085,1290,14775,1020,1370,1065,990,3785,8095,940,65,2300,620,20,310,15345
48011,Calgary Shepard,109630,2090,65395,4360,1535,31610,1070,2680,1310,920,7185,14720,530,290,2415,1100,150,360,37295,55435,1020,31440,2045,715,15515,555,1210,615,405,3265,7105,270,140,1175,540,75,185,20595,54190,1065,33955,2315,825,16095,515,1475,695,515,3915,7615,265,150,1240,565,75,175,16700
48012,Calgary Signal Hill,108035,1640,63250,5205,1840,26275,2905,2785,1300,1780,7440,13725,1105,425,5040,640,90,595,35245,52515,765,29060,2285,895,11995,1490,1335,580,800,3325,6345,580,200,2570,315,65,240,18725,55525,875,34190,2915,945,14285,1410,1445,720,980,4110,7380,525,230,2470,325,25,355,16520
48013,Calgary Skyview,109575,2450,46410,2175,1280,23460,825,1270,2085,565,2560,12195,4945,90,15700,17875,55,380,21680,55180,1090,22315,900,640,11385,445,650,1020,270,1155,5845,2590,45,8060,9185,15,215,11665,54400,1370,24090,1275,640,12075,380,625,1060,290,1405,6345,2355,45,7640,8690,40,165,10015
48014,Edmonton Centre,102075,2270,56535,3615,1670,24585,2850,2275,1430,865,5390,13850,780,870,3270,175,285,985,36900,51785,1130,26490,1655,795,11545,1305,1070,595,395,2420,6715,445,420,1960,95,95,375,20770,50290,1145,30040,1955,875,13040,1545,1210,840,465,2970,7135,335,450,1305,85,195,610,16130
48015,Edmonton Griesbach,102750,3405,58945,2800,1305,28975,3265,2290,1450,495,4990,13365,390,50,7075,190,255,645,31805,52645,1650,28865,1425,675,14445,1500,1115,695,260,2380,6360,245,40,3800,125,100,340,17485,50100,1755,30080,1370,630,14535,1765,1175,755,235,2610,7005,145,0,3265,70,150,305,14320
48016,Edmonton Manning,105350,3340,60330,2380,1630,32235,3030,1800,1750,435,4660,12395,1360,25,7855,2645,55,380,29360,52140,1675,28725,1050,755,15625,1445,825,775,210,2075,5970,725,0,3800,1435,20,155,15595,53210,1665,31605,1330,880,16605,1580,975,980,230,2585,6430,640,15,4055,1205,35,220,13765
48017,Edmonton Mill Woods,104985,1170,53775,2275,1980,24950,1330,2440,3025,815,3990,12960,5045,80,6750,12285,60,380,25450,52395,510,25830,1160,895,12045,600,1095,1515,395,1825,6310,2550,35,3320,6185,25,185,13740,52600,665,27940,1120,1085,12905,735,1345,1515,420,2160,6650,2495,40,3430,6100,30,195,11705
48018,Edmonton Riverbend,105055,1590,60630,3840,3100,24215,2180,3675,1755,1410,6695,13760,3200,210,5420,1595,85,345,31975,51205,660,28355,1790,1430,11575,1060,1790,800,655,3090,6165,1555,125,2745,815,0,125,16795,53850,930,32275,2050,1675,12640,1120,1880,955,760,3605,7590,1645,90,2675,785,55,220,15180
48019,Edmonton Strathcona,100590,1095,53105,3485,2220,22200,1965,3545,1075,670,5590,12360,1175,475,2470,200,130,1080,40850,50565,525,24730,1505,1110,10490,1010,1635,505,285,2300,5880,665,265,1405,110,65,445,22350,50020,570,28380,1975,1105,11710,950,1900,570,385,3290,6480,510,205,1070,90,65,635,18495
48020,Edmonton West,102850,1485,61760,3655,1970,27995,3035,3005,1955,855,5230,14055,1105,1665,4165,425,300,440,31505,50490,675,29075,1750,920,13780,1415,1335,875,385,2290,6320,555,765,2225,225,140,185,16645,52355,805,32685,1905,1050,14215,1620,1670,1080,465,2945,7740,555,900,1940,200,155,255,14860
48021,Edmonton--Wetaskiwin,109530,710,67470,4140,3830,23975,1410,6845,2595,780,8170,15735,1375,65,2105,1930,410,350,35115,55210,295,32670,2125,1850,11835,700,3130,1295,390,3660,7680,665,25,1130,995,180,115,19145,54320,415,34800,2010,1975,12145,710,3715,1295,385,4510,8050,710,40,970,940,230,235,15970
48022,Foothills,102365,275,68370,6030,1705,21615,475,3095,1800,1440,13015,19200,205,445,350,280,840,415,31185,51555,145,33245,2915,765,10740,225,1500,865,640,6170,9430,105,230,210,145,410,180,16895,50810,135,35130,3110,940,10875,250,1590,940,800,6840,9775,95,210,145,140,425,235,14295
48023,Fort McMurray--Cold Lake,101525,270,68425,7190,1465,35230,1385,1695,3990,605,5490,11380,1665,110,3860,350,595,370,25885,54290,125,35170,3495,830,18300,775,905,1920,345,2775,5820,955,75,2100,165,285,205,15210,47245,145,33260,3700,635,16930,605,785,2070,260,2715,5555,715,35,1760,185,310,165,10675
48024,Grande Prairie--Mackenzie,105545,120,64395,4860,2140,24320,410,3715,2995,950,7225,17785,135,80,690,240,500,385,39005,54240,70,30915,2240,1165,12020,175,1720,1285,375,3230,8700,75,75,350,130,265,225,22135,51300,50,33480,2620,975,12300,235,1990,1710,575,3990,9085,55,0,335,115,235,160,16870
48025,Lakeland,101450,210,70280,3825,2505,30175,3520,2625,2540,530,10610,13960,210,0,250,30,985,290,29185,51445,95,33930,1675,1125,15005,1770,1240,1275,195,5030,6620,90,0,175,15,520,130,16485,50000,110,36345,2150,1375,15175,1755,1385,1260,330,5580,7335,120,0,75,15,470,165,12700
48026,Lethbridge,102785,800,68435,3760,2010,20060,460,3315,1070,1335,9250,27165,485,95,610,75,60,395,31825,50715,310,32125,1655,905,9650,210,1670,495,620,4100,12815,250,40,360,30,45,195,17360,52065,495,36310,2110,1110,10410,255,1645,575,715,5145,14345,235,60,250,45,0,200,14465
48027,Medicine Hat--Cardston--Warner,97225,255,69965,3510,1450,20805,260,5940,2135,960,9315,25590,40,85,435,205,1180,220,24845,48030,110,33195,1555,625,10115,130,2585,970,455,4095,12660,15,40,240,105,620,130,13565,49200,140,36770,1955,825,10690,130,3360,1160,505,5225,12925,20,40,190,95,560,90,11280
48028,Peace River--Westlock,104745,55,72940,4400,1775,29525,345,3200,2130,770,7570,23235,70,30,370,65,440,240,30525,53570,15,36400,2135,860,14940,170,1560,990,410,3650,11685,40,0,190,25,220,95,16555,51175,40,36545,2270,910,14580,175,1635,1135,360,3925,11550,30,0,175,35,220,145,13970
48029,Red Deer--Mountain View,107610,295,69170,4185,2865,19615,360,5130,1800,1980,13825,19425,320,55,705,75,50,540,36400,53605,135,32645,1830,1365,9605,140,2255,855,955,6255,9390,140,25,340,35,15,215,20045,54005,160,36520,2355,1500,10010,215,2865,940,1020,7570,10040,175,30,360,35,35,325,16355
48030,Red Deer--Lacombe,111575,400,67190,3875,2435,20260,490,4360,1865,1685,10515,21705,60,35,365,60,3750,510,39210,56200,155,31950,1645,1195,9765,270,2195,855,710,4960,10345,35,0,230,25,1920,255,21615,55375,240,35240,2230,1240,10500,220,2165,1005,975,5550,11365,20,25,140,35,1825,255,17595
48031,St. Albert--Edmonton,104100,2140,65525,4015,1610,33555,2025,2995,2000,755,7290,11280,700,185,5815,350,95,380,28910,51215,1055,30555,1910,850,15760,975,1320,850,360,3240,5295,375,95,2960,180,20,195,15790,52885,1090,34970,2100,760,17790,1050,1680,1155,390,4050,5985,330,95,2860,165,80,185,13120
48032,Sherwood Park--Fort Saskatchewan,110290,280,74230,4655,2505,29575,1710,6055,1700,1025,11025,15985,395,65,660,555,20,355,33730,55210,120,35620,2205,1200,14245,905,2855,770,515,5190,7740,200,50,330,270,0,180,18435,55080,165,38610,2450,1300,15330,805,3195,930,510,5840,8245,195,15,330,285,0,170,15300
48033,Sturgeon River--Parkland,104455,140,68775,4520,1420,28340,1225,5700,2030,650,8715,16170,90,90,585,65,615,365,33730,52910,75,33515,2170,740,14310,600,2695,930,300,3980,7790,40,45,340,30,265,130,18480,51545,65,35260,2345,675,14030,625,3005,1105,360,4735,8375,55,40,245,35,355,240,15250
48034,Yellowhead,97255,140,56815,3950,1740,18470,555,4645,1480,1305,9010,15660,65,45,220,30,1090,380,38475,50000,70,27515,1895,780,8915,270,2310,730,590,4290,7735,35,10,105,20,550,165,21535,47255,70,29300,2055,960,9555,290,2335,750,715,4725,7920,30,30,120,0,540,215,16935
59001,Abbotsford,94625,470,51905,3270,2250,8760,475,1715,2455,890,3780,28315,1165,200,455,11780,45,615,27985,46340,220,23985,1530,1030,4050,225,820,1035,405,1470,13420,580,90,260,5845,25,185,15150,48285,245,27925,1740,1220,4715,250,890,1420,480,2305,14895,585,110,195,5940,25,425,12840
59002,Burnaby North--Seymour,99280,3560,44485,3965,1280,21120,1475,1170,750,1025,4435,9270,865,350,2875,975,30,855,45280,48870,1650,20215,1685,575,9750,650,515,355,475,1910,4295,415,160,1430,490,15,340,24155,50410,1910,24270,2280,705,11365,830,650,390,550,2520,4975,450,190,1450,480,20,510,21125
59003,Burnaby South,104180,5540,43690,2160,2030,18210,2470,1170,730,1240,3000,12680,2495,320,4610,2905,0,930,43670,50770,2290,19835,900,925,8315,1180,515,355,560,1145,5940,1265,180,2330,1485,0,380,23000,53410,3250,23855,1260,1105,9895,1285,655,375,680,1855,6740,1235,145,2280,1425,0,550,20670
59004,Cariboo--Prince George,107195,240,51865,4545,3020,16735,330,2535,1930,810,5365,16600,120,15,280,2005,530,640,51495,53715,105,24440,1920,1430,8085,155,1105,915,410,2250,8180,75,0,160,935,230,260,27500,53480,135,27425,2625,1590,8650,180,1430,1020,400,3115,8420,45,0,125,1070,295,385,24000
59005,Central Okanagan--Similkameen--Nicola,101690,285,55460,6410,3865,15890,685,3070,2160,1105,8005,14260,60,155,205,1130,450,885,43065,49415,95,24935,2790,1685,7040,370,1345,1010,505,3310,6875,30,75,85,640,215,335,23010,52275,190,30520,3625,2180,8855,315,1725,1145,595,4695,7390,30,80,120,490,235,550,20050
59006,Chilliwack--Hope,91200,410,50595,3640,1840,11930,310,2060,2040,1150,5310,22320,30,145,255,465,505,460,38340,44860,165,23765,1430,845,5790,160,990,1015,510,2245,10780,15,85,130,195,260,175,20070,46340,245,26830,2215,990,6140,145,1070,1020,640,3065,11545,20,60,120,275,250,285,18260
59007,Cloverdale--Langley City,99925,1465,48330,3620,2440,14765,760,2215,2560,1235,4555,16170,1100,220,1155,7405,50,415,39785,49300,620,22495,1510,1160,6940,345,1085,1255,565,1930,7710,590,105,545,3705,35,130,21070,50630,840,25835,2115,1285,7820,415,1130,1305,675,2620,8460,505,115,610,3695,10,280,18715
59008,Coquitlam--Port Coquitlam,109505,2340,51735,3860,2280,21290,2050,1895,1945,1295,4260,12860,1180,390,5045,1680,110,1415,45605,53625,1000,23965,1730,1055,10040,970,865,970,600,1765,5980,525,170,2500,845,50,590,23980,55875,1340,27765,2135,1225,11250,1085,1035,970,700,2500,6875,655,220,2545,840,60,830,21620
59009,Courtenay--Alberni,107825,825,48650,8270,2705,12875,270,2105,1245,1440,8990,10750,50,150,95,320,485,1320,55940,52620,375,21865,3645,1195,5995,145,865,490,655,3880,5000,20,55,45,160,215,510,29365,55205,445,26785,4630,1510,6880,125,1235,760,785,5110,5750,25,95,50,155,265,805,26570
59010,Cowichan--Malahat--Langford,97350,375,43645,7910,2570,12085,255,1350,990,1590,6365,10530,125,180,170,1155,960,1015,49725,48035,140,19715,3665,1265,5380,140,595,400,680,2615,4970,45,85,65,600,485,370,26530,49315,230,23935,4245,1305,6700,115,755,590,910,3755,5560,80,95,100,555,475,645,23195
59011,Delta,99470,1290,44685,5555,2830,14565,910,2140,905,930,5860,11000,3010,430,2015,10490,50,520,36980,49005,650,20595,2570,1285,6650,470,1055,405,425,2450,5285,1565,205,995,5210,25,240,19535,50460,640,24095,2985,1550,7910,445,1085,495,500,3410,5715,1445,225,1020,5280,30,285,17445
59012,Fleetwood--Port Kells,109125,3925,46870,1945,2395,19005,830,840,2885,1265,2580,15125,3565,115,4020,21435,40,385,28775,53910,1905,22330,950,1025,9120,445,360,1370,630,1140,7290,1765,50,2185,10540,0,205,14920,55215,2015,24545,995,1370,9880,385,480,1510,635,1440,7840,1800,65,1835,10895,30,180,13850
59013,Kamloops--Thompson--Cariboo,116565,580,55400,6730,2820,17575,395,2675,1860,1025,7040,15290,320,205,645,1205,520,890,56805,58080,275,25280,2890,1285,8390,165,1195,805,420,3150,6975,180,85,380,575,290,410,30595,58485,305,30120,3835,1535,9185,230,1475,1055,605,3885,8315,140,120,260,625,230,475,26210
59014,Kelowna--Lake Country,108390,470,57855,5335,3810,16580,745,3405,1885,700,7630,17770,470,310,365,1390,65,865,46595,53010,215,26635,2545,1715,7840,375,1610,890,310,3135,8210,195,165,210,710,0,305,24535,55380,255,31225,2785,2095,8740,370,1795,995,390,4495,9555,270,150,150,680,35,555,22060
59015,Kootenay--Columbia,105660,430,54295,5485,2005,16500,300,2970,1305,1235,9460,15040,140,185,60,295,255,910,49085,52930,220,25780,2560,960,7850,160,1445,605,530,4465,7210,70,90,40,120,115,445,26055,52730,210,28510,2920,1050,8645,145,1530,695,700,4995,7825,75,100,20,175,140,470,23030
59016,Langley--Aldergrove,101375,1275,53110,4995,2275,12865,765,2085,2745,1075,5995,20315,285,155,560,3135,40,500,42315,49970,665,24615,2195,1035,6225,385,910,1310,440,2510,9595,155,85,275,1615,10,160,22395,51405,615,28500,2795,1235,6635,385,1175,1435,635,3485,10715,130,75,290,1520,25,345,19920
59017,Mission--Matsqui--Fraser Canyon,88840,325,36560,3880,1535,8165,330,1275,1325,810,3775,15470,910,45,365,15155,990,425,34055,44500,110,17310,1770,730,4095,130,575,685,425,1610,7285,410,20,185,7575,505,190,18195,44335,220,19250,2110,800,4070,200,700,640,390,2160,8185,505,30,180,7580,480,235,15855
59018,Nanaimo--Ladysmith,112445,805,48570,7890,2255,12315,420,1965,1830,1490,8275,12125,295,120,270,1065,400,1270,59650,55015,395,21630,3305,1100,5580,190,855,830,670,3355,5740,135,45,155,530,205,575,31345,57435,410,26940,4590,1155,6740,225,1110,995,820,4920,6380,165,70,115,530,190,695,28305
59019,New Westminster--Burnaby,106780,2940,49715,3460,1845,21145,3165,1225,1440,1680,3545,12210,2620,230,5475,5575,50,640,39545,52625,1235,22980,1580,915,10060,1600,530,585,720,1500,5495,1210,105,2700,2820,20,310,21245,54155,1700,26730,1875,930,11085,1570,690,855,960,2050,6715,1405,130,2775,2750,25,335,18295
59020,North Okanagan--Shuswap,118405,635,61930,7055,3610,14120,460,3460,1840,1255,9850,20280,65,135,165,315,640,875,53650,57985,275,27935,3160,1640,6605,230,1495,805,440,4125,9440,35,60,85,180,315,370,28730,60420,355,34000,3890,1975,7515,225,1970,1035,815,5725,10845,25,80,80,135,335,505,24915
59021,North Vancouver,108530,935,51195,7580,1445,19705,1550,1745,705,1630,7130,9705,375,655,6880,665,85,1595,46135,52425,350,22740,3325,630,8845,760,740,300,710,2890,4535,175,335,3175,310,50,705,24575,56105,585,28455,4255,815,10855,790,1010,405,920,4240,5170,195,320,3705,355,35,895,21565
59022,Pitt Meadows--Maple Ridge,93085,510,44605,5040,2765,14475,940,2105,1475,1140,5105,11565,345,230,535,1425,35,690,44710,45850,210,20715,2120,1300,7140,545,950,655,465,2125,5415,185,105,275,650,15,245,23445,47235,300,23895,2920,1470,7335,400,1155,825,670,2980,6150,160,120,260,780,15,435,21265
59023,Port Moody--Coquitlam,106905,1645,53620,3915,1985,23645,2815,1655,920,1710,5385,11590,745,365,3610,1195,20,1025,44680,53285,795,25030,1735,880,11250,1440,755,450,785,2385,5360,350,210,1795,600,0,460,24040,53620,855,28590,2180,1105,12395,1370,900,470,925,3005,6235,395,150,1815,595,20,565,20645
59024,Prince George--Peace River--Northern Rockies,105295,205,49440,4410,2825,14965,250,2075,2375,720,4700,17125,295,80,165,360,485,505,53760,53985,75,23465,1950,1270,7545,105,925,1040,330,2025,8280,165,50,95,180,250,220,29490,51310,130,25980,2460,1555,7415,145,1150,1340,395,2675,8845,135,35,65,180,235,280,24270
59025,Richmond Centre,93175,6330,35000,2355,1780,14530,1115,780,565,590,2555,10720,1005,1795,2190,1635,0,415,44790,44510,2815,15485,1020,735,6445,540,335,230,285,1125,4775,495,925,1135,885,0,175,22590,48660,3515,19510,1335,1045,8090,575,445,340,305,1430,5945,515,875,1055,755,0,240,22200
59026,Esquimalt--Saanich--Sooke,111505,1005,47950,8825,2855,15330,550,1440,1405,1390,6205,9950,315,260,510,1580,145,1100,58645,54640,435,21510,3815,1215,7145,260,645,600,700,2605,4515,160,95,280,740,40,460,30910,56870,570,26440,5010,1640,8180,295,790,805,685,3605,5430,160,160,230,835,100,640,27735
59027,Saanich--Gulf Islands,102085,1370,47885,10820,2230,12405,390,1685,1095,1525,7960,9780,370,650,625,1205,295,1345,48330,49395,660,21355,4865,1005,5475,200,645,440,595,3415,4715,225,285,325,585,185,520,25260,52690,715,26530,5955,1215,6930,190,1040,655,925,4550,5065,140,365,295,620,115,830,23070
59028,Skeena--Bulkley Valley,89755,485,47920,7870,1445,15645,145,1305,2480,470,7005,11560,150,85,80,835,615,550,39050,45860,245,22960,3670,705,7690,65,640,1210,225,3210,5550,65,25,40,380,320,265,21545,43890,230,24955,4200,735,7960,75,670,1270,250,3790,6005,75,60,35,450,295,280,17505
59029,South Okanagan--West Kootenay,109215,445,56350,5720,2500,16150,525,2950,1945,1420,8955,16180,190,40,25,2025,430,1160,48545,53370,200,26070,2415,1110,7810,285,1415,925,650,3725,7740,105,15,15,1035,220,400,25310,55845,245,30280,3310,1395,8340,245,1535,1015,770,5230,8440,90,20,15,990,210,755,23235
59030,South Surrey--White Rock,91965,1330,47905,6165,2390,13895,1050,2540,815,1255,7025,12765,485,600,1035,3945,0,675,35980,43585,540,21195,2705,1080,6320,395,1015,385,540,2895,5855,250,340,500,2005,0,205,18550,48380,790,26710,3460,1305,7580,655,1525,425,715,4135,6910,225,265,540,1940,0,470,17435
59031,Steveston--Richmond East,96135,6000,36035,2640,1890,15430,1330,745,840,505,2365,10280,1670,1090,3335,5525,25,445,42015,46495,2600,16490,1155,845,7120,635,380,395,215,1030,4720,790,595,1720,2760,0,195,21335,49635,3395,19540,1485,1055,8310,695,365,445,290,1335,5560,880,495,1620,2760,0,245,20680
59032,Surrey Centre,109915,3330,38265,2065,1880,15665,1035,935,1380,720,2205,12375,5415,210,4985,26035,75,580,31025,55835,1590,18300,955,925,7300,490,440,630,350,1050,6160,2725,120,2480,13085,0,275,17215,54080,1740,19970,1110,955,8365,545,495,755,370,1155,6220,2690,85,2505,12955,25,305,13810
59033,Surrey--Newton,104445,1145,22995,1950,945,8940,415,535,895,405,1960,6945,6430,120,7530,46320,65,280,19570,51875,540,10490,775,385,4230,210,270,415,125,780,3305,3235,60,3680,23270,30,115,10460,52570,610,12505,1175,560,4715,205,265,485,285,1180,3645,3195,60,3845,23045,35,165,9105
59034,Vancouver Centre,101040,2670,36930,3535,890,16195,2690,925,450,905,3145,8195,760,1725,5285,530,20,1185,51930,52180,1095,17860,1725,365,7930,1370,445,255,495,1470,3805,440,860,2830,255,0,590,28235,48860,1570,19065,1810,525,8265,1320,480,190,405,1675,4390,325,870,2450,270,15,595,23695
59035,Vancouver East,103920,7190,34650,2245,1415,18510,995,585,700,420,1465,8315,380,930,1555,390,320,1295,57220,51815,3140,15815,1040,665,8550,510,325,280,185,610,3655,215,475,900,160,165,590,30355,52105,4055,18840,1210,755,9960,485,270,415,235,855,4655,160,450,650,225,160,705,26860
59036,Vancouver Granville,98170,4500,35335,3785,1630,14845,1420,860,405,895,3165,8325,870,3355,1575,825,35,975,50700,45710,1910,15150,1705,740,6335,640,475,125,355,1235,3535,455,1600,755,390,35,395,25025,52460,2590,20185,2080,885,8515,775,390,280,545,1925,4785,420,1755,815,435,0,585,25675
59037,North Island--Powell River,101800,630,44390,7310,2710,12375,170,1895,1850,965,6795,10325,105,160,30,40,365,1000,55080,50790,315,20045,3145,1215,5730,100,875,790,405,2790,4995,55,60,25,15,170,405,29710,51010,315,24340,4165,1490,6645,70,1015,1060,560,3995,5330,55,105,10,25,195,595,25375
59038,Vancouver Kingsway,101495,9635,37135,1325,1430,21970,850,475,730,235,1195,8920,2545,720,1475,2690,110,665,46515,49360,4340,16695,575,685,10000,415,205,285,95,480,3950,1305,360,775,1275,50,325,24230,52140,5295,20440,745,745,11965,430,270,440,145,715,4975,1240,365,695,1415,60,340,22285
59039,Vancouver Quadra,100320,3235,39225,6375,1425,13950,1965,1095,310,1255,4775,8090,475,3470,1615,630,210,815,50640,47590,1390,16920,2725,560,6175,865,460,130,530,1920,3560,240,1645,805,340,105,345,25785,52735,1840,22305,3650,865,7770,1100,635,170,725,2855,4530,240,1825,810,290,105,470,24850
59040,Vancouver South,99010,6735,35015,1435,1975,17685,770,640,735,480,1675,9630,3320,510,2320,11895,25,405,38795,48155,2880,15625,565,870,8145,360,305,305,235,635,4215,1685,225,1060,6220,0,140,20310,50855,3855,19385,865,1115,9535,410,335,430,250,1035,5415,1635,285,1260,5670,15,265,18485
59041,Victoria,106060,1615,42200,9095,1705,12805,740,1475,730,1570,5870,8215,375,855,1225,425,110,2070,57175,49995,735,18335,3950,760,5680,385,600,345,630,2345,3635,200,390,555,185,20,790,28785,56060,880,23860,5135,950,7120,355,875,385,945,3530,4570,180,465,670,240,95,1280,28390
59042,West Vancouver--Sunshine Coast--Sea to Sky Country,110805,1495,47025,9540,1795,14750,725,1710,690,1195,7515,9110,295,1160,3630,1060,585,885,54670,54320,700,21115,4090,770,6625,415,645,305,660,3300,4310,145,580,1775,510,280,360,28870,56485,800,25915,5445,1020,8125,310,1065,390,530,4220,4805,155,580,1860,550,305,525,25800
60001,Yukon,33320,290,15380,2745,760,6120,160,405,605,175,1470,2940,160,20,40,90,395,300,16630,16785,140,7395,1335,415,2825,115,185,300,70,630,1515,80,10,15,50,215,145,8730,16535,150,7985,1405,340,3290,45,220,305,110,840,1420,80,10,25,35,185,155,7905
61001,Northwest Territories,40800,175,27050,4170,540,15800,135,335,890,100,1065,4015,70,35,275,20,505,220,12450,20635,90,13225,2035,265,7730,60,180,420,60,500,1985,45,20,155,0,245,125,6730,20165,85,13825,2140,270,8075,75,155,475,45,565,2030,25,15,120,10,260,95,5725
62001,Nunavut,31700,20,27255,15940,90,7590,20,40,1560,35,235,1750,30,10,50,10,135,80,4105,16250,10,13910,8070,50,3945,15,15,775,15,110,905,20,10,30,10,70,35,2165,15445,15,13345,7875,35,3640,0,25,775,20,120,840,15,0,20,0,65,50,1930
