Geo_Code,FED_Name,TotPopAged15YearsAndOverByHighestDiploma,NoDiploma,HighSchoolDiplomaOrEquivalent,PostsecondaryCertificateDiplomaOrDegree,ApprenticeshipOrTradesCertificateOrDiploma,CollegeCEGEPOrOtherNonUniversityCertificateOrDiploma,UniversityCertificateOrDiplomaBelowBachelorLevel,UniversityCertificateDiplomaOrDegreeAtBachelorLevelOrAbove,BachelorDegree,UniversityCertificateDiplomaOrDegreeAboveBachelorLevel,MaleTotPopAged15YearsAndOverByHighestDiploma,MaleNoDiploma,MaleHighSchoolDiplomaOrEquivalent,MalePostsecondaryCertificateDiplomaOrDegree,MaleApprenticeshipOrTradesCertificateOrDiploma,MaleCollegeCEGEPOrOtherNonUniversityCertificateOrDiploma,MaleUniversityCertificateOrDiplomaBelowBachelorLevel,MaleUniversityCertificateDiplomaOrDegreeAtBachelorLevelOrAbove,MaleBachelorDegree,MaleUniversityCertificateDiplomaOrDegreeAboveBachelorLevel,FemaleTotPopAged15YearsAndOverByHighestDiploma,FemaleNoDiploma,FemaleHighSchoolDiplomaOrEquivalent,FemalePostsecondaryCertificateDiplomaOrDegree,FemaleApprenticeshipOrTradesCertificateOrDiploma,FemaleCollegeCEGEPOrOtherNonUniversityCertificateOrDiploma,FemaleUniversityCertificateOrDiplomaBelowBachelorLevel,FemaleUniversityCertificateDiplomaOrDegreeAtBachelorLevelOrAbove,FemaleBachelorDegree,FemaleUniversityCertificateDiplomaOrDegreeAboveBachelorLevel
10001,Avalon,66685,16225,15635,34825,10195,14705,1900,8025,5610,2420,32505,8015,7165,17335,6735,6380,900,3315,2205,1110,34175,8215,8475,17495,3460,8325,995,4710,3400,1310
10002,Bonavista--Burin--Trinity,65815,25275,14630,25905,9680,11240,1365,3625,2250,1375,32435,12310,6180,13950,6730,5220,480,1510,880,635,33380,12970,8450,11960,2950,6020,885,2105,1370,735
10003,Coast of Bays--Central--Notre Dame,65760,24540,15160,26055,8640,10775,1570,5075,3515,1560,31980,12160,6920,12905,5550,4480,565,2305,1440,870,33780,12380,8245,13155,3095,6295,1000,2765,2075,695
10004,Labrador,21230,6295,4220,10715,3605,4350,525,2235,1625,610,10730,3150,1930,5650,2540,2030,260,825,555,270,10500,3150,2290,5065,1070,2320,265,1410,1065,340
10005,Long Range Mountains,74550,25355,16920,32275,9795,13730,1895,6855,4410,2455,35935,12225,7720,15990,6505,5885,685,2910,1750,1165,38620,13130,9195,16290,3290,7845,1215,3945,2655,1285
10006,St. John's East,67725,10105,15745,41880,6640,13415,2725,19105,11345,7760,32405,5060,7535,19815,4090,5560,1145,9010,5135,3880,35325,5050,8205,22070,2545,7855,1580,10095,6210,3885
10007,St. John's South--Mount Pearl,69275,12845,17910,38525,7455,15920,2870,12280,8535,3740,32515,6140,8480,17890,4730,6585,1310,5270,3525,1740,36760,6700,9425,20635,2725,9330,1565,7015,5010,2005
11001,Cardigan,29330,6230,7240,15860,3705,6375,1035,4745,3435,1305,14375,3480,3655,7240,2575,2260,320,2090,1450,635,14955,2750,3585,8615,1135,4110,720,2655,1985,670
11002,Charlottetown,28495,4575,7325,16590,2115,6130,1290,7060,4585,2475,13115,2350,3710,7060,1260,2150,335,3310,2065,1250,15380,2225,3620,9530,850,3980,955,3745,2520,1225
11003,Egmont,27865,8580,7785,11495,2960,4790,580,3165,2100,1060,13490,4945,3380,5165,1925,1660,210,1370,950,415,14375,3635,4405,6330,1035,3130,370,1790,1150,645
11004,Malpeque,28515,5470,7620,15425,3210,6775,965,4485,3070,1410,13920,3000,3820,7100,2215,2660,345,1880,1140,740,14595,2470,3795,8325,995,4110,615,2600,1930,670
12001,Cape Breton--Canso,63415,16950,14610,31855,9725,11660,2645,7820,5340,2485,30585,8440,6640,15505,7130,4440,905,3035,1995,1040,32825,8510,7970,16350,2600,7220,1740,4785,3345,1440
12002,Central Nova,62380,15735,14715,31935,8100,12855,2000,8980,5620,3360,30210,8220,6955,15035,5245,5250,750,3790,2255,1540,32170,7510,7760,16895,2855,7605,1250,5190,3365,1820
12003,Cumberland--Colchester,67975,18440,17365,32165,8470,13650,2145,7905,4860,3045,32555,9615,8130,14805,5560,4880,870,3490,2065,1425,35425,8825,9235,17360,2905,8770,1265,4415,2795,1620
12004,Dartmouth--Cole Harbour,76255,12670,19500,44090,7775,15995,3375,16945,11600,5340,35995,5965,9225,20810,4980,6665,1550,7615,5135,2475,40260,6705,10270,23285,2800,9325,1830,9325,6460,2860
12005,Halifax,79060,10270,19020,49770,5300,11050,3055,30360,18250,12115,37765,4895,9525,23345,3455,4405,1410,14070,8285,5790,41300,5375,9490,26430,1845,6655,1645,16285,9965,6320
12006,Halifax West,71885,9445,16145,46295,5865,13545,3465,23430,15735,7700,33895,4630,7915,21350,3570,5520,1405,10855,7140,3715,37990,4815,8220,24950,2295,8025,2055,12575,8600,3980
12007,Kings--Hants,68730,16835,16765,35130,8410,13665,2195,10855,6900,3960,33245,9010,8010,16225,5295,5425,875,4625,2725,1905,35495,7830,8755,18910,3115,8235,1325,6230,4170,2060
12008,Sackville--Preston--Chezzetcook,69480,13090,17700,38690,9150,15485,2480,11580,7945,3635,33950,6850,8680,18425,5935,6720,995,4770,3305,1465,35525,6240,9015,20270,3215,8765,1485,6810,4640,2170
12009,South Shore--St. Margarets,78550,21355,17365,39830,9985,15680,2510,11660,7510,4150,38505,11410,8060,19030,6205,6530,1075,5215,3230,1985,40045,9945,9295,20805,3775,9150,1435,6445,4285,2160
12010,Sydney--Victoria,60750,15780,14970,30005,8415,10410,2895,8285,5250,3030,28540,7440,6840,14255,5745,3970,995,3545,2185,1360,32215,8340,8130,15750,2670,6435,1900,4735,3065,1670
12011,West Nova,69570,20940,15175,33455,9120,14710,2055,7575,4710,2865,33390,11155,7125,15115,5475,5575,640,3430,2115,1315,36180,9790,8050,18345,3650,9130,1415,4145,2600,1550
13001,Acadie--Bathurst,67970,25295,13845,28825,9210,10240,2285,7090,5145,1940,33510,13440,6075,14000,5970,4425,745,2860,2020,840,34455,11860,7770,14830,3250,5815,1540,4230,3125,1105
13002,Beausejour,66490,18625,15880,31990,7005,13550,1650,9780,6895,2890,32855,9565,8005,15285,4655,5950,585,4100,2620,1485,33635,9065,7870,16700,2350,7605,1060,5685,4275,1410
13003,Fredericton,66900,10460,18550,37885,5140,11930,2185,18625,12180,6445,32280,5295,9290,17695,3340,4590,825,8940,5470,3465,34620,5170,9255,20195,1805,7340,1365,9690,6715,2975
13004,Fundy Royal,64530,13325,18680,32530,7480,13725,1710,9610,6895,2720,31670,7050,8445,16175,5425,5855,610,4280,3005,1275,32860,6280,10230,16350,2050,7865,1100,5330,3890,1445
13005,Madawaska--Restigouche,52515,16815,12495,23200,7320,8390,1490,6005,4235,1770,25495,8035,6140,11320,4570,3585,515,2650,1675,975,27020,8780,6355,11885,2750,4800,975,3360,2560,800
13006,Miramichi--Grand Lake,50130,15445,14125,20555,6520,8815,1000,4215,2900,1320,24380,7910,6560,9910,4305,3615,275,1710,1070,645,25745,7530,7565,10645,2220,5200,720,2505,1830,675
13007,Moncton--Riverview--Dieppe,74750,13840,20440,40465,6155,16180,2800,15330,10795,4530,35385,6875,10055,18460,3710,6945,1025,6765,4625,2140,39365,6970,10390,22010,2440,9235,1775,8560,6170,2390
13008,New Brunswick Southwest,54630,12060,16485,26085,6810,10510,1265,7505,5285,2215,26750,6475,7615,12655,4535,4395,530,3185,2150,1035,27880,5585,8865,13435,2275,6115,730,4315,3135,1180
13009,Saint John--Rothesay,67280,14260,20635,32380,6960,12995,1810,10610,7285,3330,31555,6695,9165,15695,5005,5390,760,4540,2945,1595,35720,7560,11470,16685,1955,7610,1055,6070,4340,1725
13010,Tobique--Mactaquac,57245,14760,16680,25805,7170,10130,1685,6820,4810,2010,27985,7635,8135,12210,4565,4075,655,2910,2020,895,29260,7125,8540,13595,2605,6050,1030,3905,2795,1110
24001,Abitibi--Baie-James--Nunavik--Eeyou,64695,25390,11505,27800,12470,7660,1990,5675,4140,1535,32700,13025,5330,14350,8145,3310,680,2215,1510,705,32000,12365,6185,13450,4330,4345,1310,3465,2630,835
24002,Abitibi--Temiscamingue,83335,25045,15725,42565,17335,12830,3060,9340,7110,2230,41880,13625,6860,21395,11115,5610,1065,3595,2620,975,41455,11415,8860,21175,6220,7220,1995,5740,4490,1250
24003,Ahuntsic-Cartierville,89020,16210,17020,55785,8495,14155,5775,27360,16230,11135,43035,7345,8175,27510,4750,6505,2445,13805,7985,5820,45985,8870,8845,28275,3745,7650,3325,13555,8245,5315
24004,Alfred-Pellan,78815,15440,18875,44495,11805,13840,4605,14245,9685,4555,37940,7480,8810,21650,6935,6040,1975,6705,4125,2580,40875,7960,10065,22850,4875,7805,2635,7540,5565,1975
24005,Argenteuil--La Petite-Nation,78270,22770,18640,36865,15535,11070,2525,7735,5350,2385,39105,11775,8615,18720,9215,4965,1090,3445,2220,1220,39165,10990,10030,18145,6320,6100,1430,4295,3130,1160
24006,Avignon--La Mitis--Matane--Matapedia,61915,19290,12460,30160,14115,8720,2065,5255,3845,1410,30745,10015,5305,15420,9005,3605,530,2280,1580,700,31175,9280,7155,14740,5115,5115,1535,2975,2265,710
24007,Beauce,86010,25880,18070,42060,18105,13380,2530,8045,5825,2220,43460,13640,8850,20970,10970,5590,900,3510,2485,1025,42550,12240,9225,21085,7135,7795,1630,4530,3335,1195
24008,Beauport--Limoilou,78375,16240,18680,43455,13940,14735,3010,11765,8130,3640,37465,7165,8285,22015,8575,6515,1200,5725,3860,1865,40905,9075,10395,21440,5365,8220,1815,6045,4270,1775
24009,Becancour--Nicolet--Saurel,78520,21065,17075,40385,16695,13515,2840,7335,5250,2080,39065,10775,7725,20565,10610,5695,970,3300,2125,1170,39455,10290,9350,19820,6080,7825,1870,4040,3125,910
24010,Bellechasse--Les Etchemins--Levis,92105,19940,19875,52280,18940,16425,3835,13080,8845,4235,45410,10250,8835,26330,11815,6950,1580,5985,3930,2050,46690,9695,11040,25955,7125,9475,2250,7100,4915,2185
24011,Beloeil--Chambly,87120,15035,19515,52565,14985,17080,4500,16005,11005,4995,42800,8050,9165,25585,9030,7525,1880,7155,4575,2575,44320,6985,10355,26980,5955,9560,2620,8850,6425,2420
24012,Berthier--Maskinonge,82000,23965,17935,40095,18345,12195,2690,6865,4880,1985,41340,12255,8225,20860,11875,5035,980,2970,1970,1005,40655,11710,9715,19235,6470,7160,1710,3895,2910,985
24013,Therese-De Blainville,77705,14880,18015,44815,12215,14205,3660,14730,10525,4210,37955,7705,8360,21890,7240,6055,1610,6985,4845,2145,39750,7175,9650,22925,4975,8150,2050,7750,5685,2070
24014,Pierre-Boucher--Les Patriotes--Vercheres,77410,12605,16020,48790,11815,14760,4875,17335,11595,5740,38295,6650,7310,24335,7195,6525,2225,8390,5395,2990,39115,5955,8710,24450,4620,8235,2655,8945,6200,2745
24015,Bourassa,79680,24935,19230,35520,11760,10525,3660,9565,6195,3370,37135,11030,8820,17280,6095,4700,1575,4910,3090,1815,42545,13905,10410,18230,5670,5825,2085,4660,3100,1555
24016,Brome--Missisquoi,82240,19555,20250,42440,13645,12120,3805,12865,7950,4915,40795,10240,9085,21475,8295,5355,1660,6160,3565,2600,41445,9315,11160,20965,5350,6760,2150,6705,4390,2320
24017,Brossard--Saint-Lambert,84020,11520,16680,55820,7290,14250,5965,28315,16855,11460,39960,5375,7525,27060,4000,6310,2555,14195,7925,6270,44055,6145,9155,28755,3295,7940,3410,14115,8930,5185
24018,Rimouski-Neigette--Temiscouata--Les Basques,70015,17455,13770,38785,13405,12320,2880,10180,6805,3375,34310,9205,6045,19065,8305,5235,955,4565,2860,1715,35705,8255,7730,19725,5100,7085,1920,5610,3945,1665
24019,Charlesbourg--Haute-Saint-Charles,85500,14410,19770,51325,15645,17770,3940,13975,9595,4375,41210,6960,8650,25600,9605,7740,1515,6740,4330,2410,44285,7445,11115,25720,6040,10030,2425,7230,5265,1965
24020,Beauport--Cote-de-Beaupre--ile d'Orleans--Charlevoix,76125,16200,16935,42990,15550,14375,3025,10045,6890,3150,37835,8220,7330,22280,9840,6615,1200,4625,2975,1650,38290,7975,9605,20710,5705,7765,1825,5415,3915,1500
24021,Chateauguay--Lacolle,74705,18180,19605,36910,14630,11865,2850,7570,5455,2115,36740,9605,9225,17905,8655,5070,1130,3050,2075,980,37965,8575,10380,19005,5980,6795,1720,4515,3375,1140
24022,Chicoutimi--Le Fjord,68490,14555,13200,40735,14620,12575,3005,10535,7205,3330,33695,6320,5960,21420,8915,6055,1250,5200,3295,1905,34795,8235,7245,19310,5700,6525,1755,5335,3910,1425
24023,Compton--Stanstead,81475,19195,17990,44290,16985,12880,2705,11720,7360,4355,40945,10345,8765,21830,10335,5225,965,5310,3110,2200,40530,8850,9220,22460,6655,7660,1745,6405,4255,2155
24024,Dorval--Lachine--LaSalle,87560,18330,22450,46790,9900,14665,4940,17280,10840,6440,41640,8420,10505,22715,5555,6590,2325,8245,4985,3265,45925,9910,11940,24070,4345,8075,2615,9040,5860,3180
24025,Drummond,79445,21460,18150,39835,16485,13265,2510,7580,5530,2045,39515,11020,8375,20115,10230,5535,985,3370,2350,1020,39935,10440,9775,19715,6250,7735,1525,4210,3185,1025
24026,Gaspesie--Les iles-de-la-Madeleine,67555,24255,13430,29875,12685,9445,2120,5630,3915,1710,33010,12525,5900,14585,7885,3675,715,2320,1555,765,34540,11725,7535,15280,4800,5770,1405,3310,2365,950
24027,Gatineau,87355,21610,20480,45265,12560,15815,3460,13435,8900,4530,41865,10975,8880,22010,7215,7105,1465,6230,3710,2515,45485,10635,11600,23255,5345,8715,1990,7205,5195,2015
24028,Hochelaga,87845,19250,18480,50120,10995,14430,4825,19865,12750,7115,43095,9120,8865,25110,6315,6850,2235,9710,5925,3785,44750,10125,9615,25010,4685,7580,2590,10150,6825,3325
24029,Honore-Mercier,84425,21310,20185,42925,12520,13335,4140,12930,8955,3975,39310,9625,9405,20275,7040,5690,1730,5815,3825,1995,45120,11690,10780,22650,5480,7650,2405,7115,5135,1985
24030,Hull--Aylmer,84720,15570,17625,51525,8060,13850,4395,25220,14355,10870,40600,7685,8370,24545,4510,6625,1760,11655,6065,5590,44120,7885,9260,26980,3550,7225,2635,13565,8285,5280
24031,Joliette,83905,23435,19845,40630,16275,12560,3200,8590,6225,2370,41250,11730,9020,20500,10275,5115,1180,3935,2750,1185,42660,11700,10825,20130,6000,7445,2020,4655,3470,1185
24032,Jonquiere,72580,14910,13720,43960,18625,14420,2820,8095,5890,2205,36290,6775,6275,23240,11650,6580,1115,3890,2805,1090,36300,8130,7450,20720,6975,7840,1710,4205,3090,1115
24033,La Pointe-de-l'ile,86040,22410,20735,42905,14320,12805,4000,11775,8250,3520,40970,10385,9315,21265,8185,5920,1645,5520,3730,1795,45070,12020,11415,21640,6140,6885,2360,6255,4525,1730
24034,La Prairie,79170,14305,18470,46395,12365,14450,3995,15590,10960,4630,39085,7780,8750,22560,7405,6255,1595,7300,4990,2310,40085,6525,9720,23835,4950,8200,2395,8295,5975,2320
24035,Lac-Saint-Jean,86265,21875,16655,47740,22145,14360,3005,8235,6265,1970,43395,10875,7445,25075,13775,6515,1090,3700,2685,1015,42875,11000,9210,22660,8365,7845,1915,4535,3580,960
24036,Lac-Saint-Louis,87185,9310,18985,58890,6340,16590,5230,30725,18750,11980,41885,4445,8705,28735,3525,7385,2365,15455,8755,6700,45300,4860,10280,30155,2815,9205,2865,15270,10000,5275
24037,LaSalle--emard--Verdun,88890,21630,20025,47235,10445,13085,4060,19645,11930,7715,42215,9980,9395,22840,5905,5745,1820,9370,5620,3750,46670,11645,10625,24400,4545,7340,2240,10275,6310,3965
24038,Laurentides--Labelle,94535,23325,20290,50920,19070,14010,4815,13020,8565,4455,46885,12470,8900,25505,11560,5765,2050,6135,3810,2320,47655,10855,11385,25415,7515,8245,2770,6880,4750,2130
24039,Laurier--Sainte-Marie,94010,11445,14410,68155,6990,14150,5930,41080,22095,18990,50590,5540,8260,36790,4240,7840,3150,21560,11285,10270,43420,5905,6155,31365,2750,6310,2780,19525,10810,8720
24040,Laval--Les iles,82020,16940,19300,45780,10770,13930,4925,16150,10675,5475,39940,8525,9245,22170,5980,6255,2070,7870,4835,3030,42080,8415,10050,23610,4790,7680,2855,8280,5835,2445
24041,Longueuil--Charles-LeMoyne,88300,21575,21420,45305,14680,13465,4550,12615,8115,4495,43135,10390,9705,23045,8870,6180,1825,6170,3745,2420,45165,11190,11715,22265,5805,7285,2730,6445,4370,2075
24042,Levis--Lotbiniere,85465,14535,17190,53740,16655,17700,4020,15360,10815,4550,42990,7690,8210,27095,10535,7920,1570,7070,4805,2265,42475,6840,8980,26650,6125,9785,2445,8295,6015,2285
24043,Longueuil--Saint-Hubert,86895,18885,17735,50275,13470,14205,5200,17400,11175,6220,41490,8960,8140,24385,7755,6180,2085,8365,5080,3285,45405,9920,9595,25890,5715,8025,3115,9035,6100,2940
24044,Louis-Hebert,88910,7510,15410,65990,8270,18160,5955,33605,18610,14990,41995,3355,6360,32280,4945,7765,2245,17325,8815,8515,46915,4150,9050,33710,3325,10400,3705,16275,9800,6480
24045,Louis-Saint-Laurent,88260,13390,20060,54810,15285,18755,3825,16940,11760,5175,43065,6260,9370,27435,9590,8295,1525,8025,5405,2620,45195,7135,10685,27375,5695,10460,2300,8915,6355,2560
24046,Manicouagan,77175,24950,15405,36815,15115,12340,2320,7040,5235,1810,39080,12530,7210,19335,10035,5485,845,2975,2085,885,38095,12420,8195,17475,5075,6855,1475,4070,3145,930
24047,Megantic--L'erable,72935,22480,15000,35450,16365,11240,2325,5520,3995,1525,36615,11465,6860,18295,10440,4570,855,2425,1605,820,36320,11015,8140,17155,5925,6670,1460,3095,2385,710
24048,Mirabel,80150,19040,18485,42625,17820,13365,3050,8390,6185,2205,40345,10065,9005,21275,10955,5660,1275,3385,2385,1000,39805,8975,9480,21350,6865,7705,1775,5005,3800,1205
24049,Montarville,75470,10745,16335,48390,10015,14755,4675,18955,12515,6435,36655,5410,7450,23795,6055,6510,2120,9105,5725,3380,38815,5330,8880,24600,3955,8245,2550,9845,6790,3060
24050,Montcalm,79305,23030,18310,37970,17400,11850,2445,6275,4740,1530,40105,12285,8575,19245,10960,4720,1005,2555,1875,680,39200,10750,9735,18725,6440,7125,1440,3715,2870,850
24051,Montmagny--L'Islet--Kamouraska--Riviere-du-Loup,79705,23830,16145,39735,17030,12070,2860,7770,5485,2290,39590,12185,7225,20185,10895,4775,940,3575,2265,1305,40120,11645,8920,19550,6140,7295,1920,4200,3220,980
24052,Mount Royal,80585,11295,16125,53160,4860,11080,6125,31100,17325,13780,36825,5410,7125,24295,2110,4940,2520,14720,7395,7330,43760,5890,9000,28870,2745,6135,3600,16380,9925,6450
24053,Notre-Dame-de-Grace--Westmount,86865,8545,15210,63110,4900,12350,4965,40895,21120,19780,40535,3985,7305,29240,2485,5425,1990,19340,9675,9660,46330,4555,7905,33870,2415,6920,2980,21555,11440,10115
24054,Outremont,83140,8605,13735,60805,3730,11375,5610,40095,19675,20420,39940,4115,7225,28595,1930,5170,2425,19070,8815,10260,43205,4495,6505,32210,1800,6200,3185,21025,10865,10160
24055,Papineau,90770,23270,18365,49130,8520,13680,4555,22370,13865,8505,45020,10945,9515,24560,4810,6650,2040,11055,6660,4395,45745,12330,8855,24570,3710,7030,2515,11315,7205,4105
24056,Pierrefonds--Dollard,88390,12345,21265,54775,7665,16765,6025,24310,15485,8825,42565,5785,10020,26765,4445,7550,2680,12090,7200,4890,45820,6565,11240,28015,3225,9220,3340,12220,8290,3935
24057,Pontiac,85920,19770,17200,48950,12910,14445,3445,18145,11220,6930,43100,11290,7860,23955,8175,6540,1355,7875,4555,3320,42815,8480,9340,24995,4730,7900,2090,10270,6660,3610
24058,Portneuf--Jacques-Cartier,83290,14495,17220,51575,17520,15765,3455,14835,9975,4860,42260,7530,8120,26610,11230,6810,1565,7005,4550,2450,41040,6970,9100,24965,6290,8955,1885,7835,5425,2405
24059,Quebec,83470,13700,16265,53505,11070,13935,4560,23945,13380,10565,40275,5895,7755,26620,6745,6230,1820,11830,6300,5530,43200,7805,8510,26880,4325,7700,2740,12115,7080,5030
24060,Repentigny,91955,19235,22150,50575,17500,16425,4660,11990,8670,3320,44555,9570,10290,24695,10545,6780,1890,5475,3750,1725,47395,9655,11860,25875,6950,9650,2765,6520,4920,1595
24061,Richmond--Arthabaska,83810,23460,18095,42250,17815,13440,2750,8245,5725,2520,41865,12275,8205,21380,11075,5630,930,3750,2390,1360,41950,11190,9895,20865,6735,7810,1820,4500,3335,1160
24062,Riviere-des-Mille-iles,83330,17235,20920,45175,13415,15480,4050,12240,8530,3705,40440,8705,9740,21990,7840,6725,1840,5585,3725,1860,42890,8535,11180,23185,5570,8750,2205,6650,4805,1850
24063,Riviere-du-Nord,83915,22805,19235,41880,17475,13305,3145,7955,5630,2325,41225,11560,8695,20970,10575,5580,1390,3425,2340,1090,42690,11240,10540,20915,6905,7725,1755,4530,3285,1240
24064,Rosemont--La Petite-Patrie,91015,16050,15440,59525,9775,14915,5070,29770,18005,11760,43970,7445,7685,28840,5720,7335,2180,13615,8070,5550,47050,8605,7755,30690,4060,7585,2890,16150,9940,6215
24065,Marc-Aurele-Fortin,76880,13755,17605,45520,10980,13965,4805,15765,10930,4835,37240,6870,8220,22145,6470,6000,2200,7480,5140,2340,39640,6880,9390,23370,4510,7965,2605,8285,5790,2490
24066,Saint-Hyacinthe--Bagot,80885,24380,18270,38230,15205,12415,2960,7645,5455,2200,39960,12980,8545,18435,8965,5010,1205,3255,2145,1110,40925,11400,9730,19795,6240,7410,1760,4390,3305,1085
24067,Saint-Jean,87790,21400,21345,45040,16455,14655,3595,10335,7210,3125,43190,11070,9615,22505,10155,6375,1430,4550,2975,1575,44595,10330,11735,22535,6300,8285,2165,5785,4230,1550
24068,Saint-Laurent,73965,12845,15625,45495,5415,11180,5030,23865,14415,9450,35470,5680,7315,22480,3015,5125,2215,12120,6910,5205,38500,7170,8320,23015,2395,6055,2815,11745,7500,4245
24069,Saint-Leonard--Saint-Michel,87950,27275,20145,40535,11645,11980,3995,12905,8800,4105,41320,12030,9810,19485,6030,5270,1795,6385,4150,2230,46630,15245,10335,21050,5615,6715,2205,6525,4650,1870
24070,Saint-Maurice--Champlain,92355,24395,19580,48375,20965,15640,3565,8205,6085,2115,46010,11460,8895,25660,13610,6675,1525,3855,2615,1240,46340,12935,10690,22720,7355,8970,2040,4355,3475,880
24071,Salaberry--Suroit,88740,25425,20900,42415,18485,13825,2785,7325,5200,2125,43680,12850,9545,21285,11430,5645,1060,3155,1995,1155,45060,12575,11355,21130,7050,8185,1725,4170,3205,960
24072,Shefford,87000,24155,21605,41245,15490,13590,2835,9330,6455,2875,43110,12445,10035,20630,9535,5730,1145,4220,2675,1545,43895,11710,11570,20615,5960,7855,1695,5110,3780,1330
24073,Sherbrooke,89480,19085,18755,51640,13955,15650,3840,18200,10425,7775,42610,9345,8550,24720,8060,6460,1570,8625,4510,4115,46875,9745,10205,26920,5895,9190,2265,9570,5915,3655
24074,Vaudreuil--Soulanges,88270,14060,21845,52365,12950,16960,4445,18005,12400,5610,43410,7170,10375,25865,7920,7545,1940,8455,5565,2895,44855,6890,11470,26500,5030,9410,2505,9555,6840,2720
24075,Terrebonne,84450,18850,20320,45280,17605,14425,3730,9520,7160,2360,41675,9705,9290,22680,10580,6445,1615,4035,2805,1235,42770,9140,11025,22605,7030,7980,2115,5480,4350,1130
24076,Trois-Rivieres,91280,18760,20515,52005,15690,16975,4545,14790,9805,4980,43475,8195,9240,26045,9780,7425,1780,7065,4370,2695,47805,10565,11285,25955,5910,9555,2770,7725,5435,2285
24077,Ville-Marie--Le Sud-Ouest--ile-des-Soeurs,89695,9550,15425,64725,4910,11730,6480,41600,22630,18970,45565,4675,7860,33030,2680,5450,2985,21915,11545,10370,44130,4880,7560,31690,2235,6275,3495,19685,11090,8600
24078,Vimy,85755,20185,20015,45560,11575,13545,4940,15505,10300,5205,40920,9590,8865,22470,6705,6110,1955,7700,4785,2915,44835,10595,11155,23095,4870,7435,2985,7805,5515,2290
35001,Ajax,86545,12655,25240,48645,5565,20050,4955,18070,12300,5775,41250,6150,12175,22925,3700,8925,2235,8060,5135,2925,45290,6510,13070,25715,1865,11125,2725,10005,7160,2850
35002,Algoma--Manitoulin--Kapuskasing,67185,19055,17200,30930,8845,13800,1720,6570,4245,2320,33325,10200,7275,15850,6520,6190,600,2540,1655,885,33860,8850,9920,15085,2325,7610,1120,4030,2595,1435
35003,Aurora--Oak Ridges--Richmond Hill,82325,10675,18590,53060,3915,14245,4710,30185,19405,10785,40025,5310,8475,26240,2495,6570,2090,15090,9090,5995,42295,5360,10120,26815,1425,7675,2620,15100,10315,4785
35004,Barrie--Innisfil,79230,15075,24540,39610,7530,18515,2605,10965,7145,3825,38885,8040,11750,19090,5300,8100,1200,4490,2800,1690,40340,7035,12790,20520,2225,10410,1405,6480,4340,2135
35005,Barrie--Springwater--Oro-Medonte,80365,14600,23610,42160,7035,20575,2250,12300,8110,4190,38950,7230,11520,20200,5045,8820,935,5400,3585,1810,41420,7370,12090,21955,1990,11755,1310,6895,4520,2375
35006,Bay of Quinte,90770,20480,27300,42990,8540,21400,1855,11190,7455,3735,43720,9975,12895,20850,5935,8880,755,5275,3330,1945,47055,10510,14400,22135,2605,12515,1095,5915,4125,1790
35007,Beaches--East York,87540,13405,20300,53840,4375,14930,3600,30935,19015,11920,41580,6550,9980,25055,2905,6710,1550,13895,8395,5500,45960,6855,10320,28780,1470,8225,2050,17035,10620,6420
35008,Brampton Centre,83110,17520,25575,40015,6070,16355,3545,14040,8955,5085,40425,8410,12190,19825,4235,7195,1565,6835,4280,2550,42685,9110,13385,20190,1835,9165,1985,7205,4675,2535
35009,Brampton East,74655,15865,21270,37520,3690,12720,4295,16820,10315,6510,36745,7540,10630,18580,2445,6070,2115,7955,4880,3070,37910,8330,10640,18940,1240,6645,2180,8870,5430,3435
35010,Brampton North,88255,16530,27090,44635,5380,16470,5355,17435,10950,6485,43440,7960,13500,21980,3585,7490,2495,8410,5310,3100,44815,8570,13590,22655,1790,8975,2865,9025,5640,3390
35011,Brampton South,85105,17535,24820,42750,5615,14555,4930,17650,10515,7135,41275,8210,12145,20920,3600,6175,2550,8600,5080,3520,43835,9330,12675,21825,2015,8385,2385,9045,5430,3615
35012,Brampton West,75780,14045,19880,41850,5390,15495,4935,16030,9640,6385,36460,6495,10035,19935,3560,6645,2450,7275,4260,3010,39315,7555,9840,21915,1835,8850,2485,8755,5380,3370
35013,Brantford--Brant,106025,25660,30155,50210,9995,24230,3175,12805,8395,4405,50755,12615,14365,23775,6685,9955,1305,5830,3670,2160,55270,13045,15790,26435,3315,14275,1870,6975,4730,2250
35014,Bruce--Grey--Owen Sound,87595,20435,25390,41770,9605,19490,2170,10510,6690,3820,43025,10585,12360,20075,7140,7490,870,4580,2750,1825,44570,9850,13030,21690,2460,12000,1300,5930,3935,1995
35015,Burlington,101200,13475,28060,59670,6505,23830,4510,24820,16290,8530,48075,6665,12730,28685,4405,9845,2170,12260,7940,4315,53125,6810,15330,30980,2100,13985,2335,12560,8350,4210
35016,Cambridge,89545,21670,27195,40685,8010,18930,2305,11435,7480,3955,43735,10565,13100,20075,5650,7975,1130,5320,3390,1930,45810,11100,14100,20610,2370,10955,1175,6115,4090,2025
35017,Chatham-Kent--Leamington,88955,25675,26340,36940,7180,19035,1805,8915,5915,3005,42950,12885,12860,17205,4845,7490,880,3995,2630,1365,46005,12790,13480,19730,2335,11545,930,4920,3285,1635
35018,Davenport,88490,25080,20405,43010,5210,12470,2950,22375,14660,7720,43420,12155,10825,20440,3420,5610,1375,10035,6585,3450,45070,12925,9580,22565,1790,6860,1575,12340,8075,4270
35019,Don Valley East,76785,11865,19130,45785,4340,12950,4365,24130,14480,9650,35405,5430,8670,21305,2400,5240,1700,11970,6920,5050,41380,6435,10465,24480,1940,7710,2670,12165,7560,4600
35020,Don Valley North,87550,10830,18245,58480,3925,12205,6450,35895,21255,14640,40815,4980,7985,27855,2180,5090,2600,17990,9955,8035,46730,5850,10260,30620,1750,7115,3850,17905,11305,6605
35021,Don Valley West,80120,7955,14765,57400,2350,9835,4365,40860,23620,17240,37475,3645,6805,27020,1335,4090,1830,19770,10560,9210,42640,4315,7955,30380,1015,5740,2540,21085,13060,8030
35022,Dufferin--Caledon,92335,16510,28180,47645,8530,20250,3360,15505,10215,5290,45705,8570,13545,23580,6195,8965,1615,6800,4400,2405,46630,7935,14630,24070,2330,11290,1745,8705,5815,2885
35023,Durham,91815,15670,27500,48640,8095,24365,2665,13515,9385,4130,45165,7905,13720,23540,5645,10680,1205,6015,4125,1885,46650,7765,13785,25095,2450,13690,1460,7500,5255,2245
35024,Eglinton--Lawrence,90230,13075,19155,58000,3860,11705,4820,37615,21775,15840,40715,6080,8905,25720,2065,4510,1675,17470,9505,7970,49515,6990,10250,32280,1800,7190,3145,20140,12275,7870
35025,Elgin--Middlesex--London,87515,20930,26155,40425,7965,20275,2540,9645,6265,3380,42795,10845,12745,19210,5270,8530,1225,4185,2620,1560,44715,10085,13415,21215,2690,11745,1320,5465,3650,1815
35026,Essex,95650,18010,29135,48510,8610,20910,2820,16165,9975,6195,47165,9120,14160,23885,6020,9300,1340,7235,4405,2830,48480,8890,14970,24620,2595,11615,1480,8935,5570,3360
35027,Etobicoke Centre,95880,15270,24470,56145,5985,15535,5495,29130,17715,11415,44975,6790,11180,27010,3670,6925,2485,13930,8080,5855,50905,8480,13290,29135,2315,8610,3015,15200,9635,5560
35028,Etobicoke--Lakeshore,98790,14515,21990,62285,5570,18055,5230,33420,20375,13045,47195,6880,10415,29905,3495,7800,2305,16305,9820,6485,51590,7640,11575,32380,2075,10260,2920,17120,10560,6565
35029,Etobicoke North,92525,23585,27925,41020,5785,14115,4605,16515,10405,6110,44440,10640,13360,20440,3670,6260,2245,8265,4995,3270,48085,12945,14560,20580,2115,7860,2360,8250,5410,2840
35030,Flamborough--Glanbrook,77585,13090,20915,43580,7175,18585,2660,15165,9710,5450,38015,6540,10145,21330,5185,8465,1190,6495,4050,2435,39570,6545,10770,22250,1990,10120,1470,8675,5660,3015
35031,Glengarry--Prescott--Russell,85950,18940,25615,41395,8645,17855,2735,12160,8205,3955,42770,10225,12465,20080,5460,8230,1155,5230,3285,1945,43180,8715,13150,21315,3180,9620,1580,6930,4920,2010
35032,Guelph,99060,17170,26690,55200,6795,18685,3520,26200,15690,10510,47595,8685,12805,26100,4450,7875,1720,12060,7010,5050,51465,8480,13885,29100,2350,10810,1795,14140,8680,5460
35033,Haldimand--Norfolk,88185,21240,25550,41395,9600,20755,2220,8820,5950,2870,43615,10500,12595,20515,6765,8865,1005,3880,2565,1315,44570,10745,12955,20875,2835,11890,1215,4940,3380,1555
35034,Haliburton--Kawartha Lakes--Brock,92475,20145,27995,44330,9795,21590,2230,10715,6795,3915,45715,10825,13045,21845,7150,8945,1140,4610,2640,1975,46765,9325,14955,22485,2645,12650,1095,6100,4155,1945
35035,Hamilton Centre,82950,22900,21840,38210,6465,14865,2475,14410,8305,6110,41235,11410,11385,18435,4215,6225,1155,6840,3825,3015,41715,11485,10450,19780,2245,8640,1320,7570,4475,3090
35036,Hamilton East--Stoney Creek,89695,23860,26905,38925,8250,18375,2300,9995,6365,3630,43010,11060,13040,18915,5585,7700,1055,4575,2870,1705,46685,12805,13870,20010,2665,10675,1245,5425,3495,1925
35037,Hamilton Mountain,85495,19775,24455,41265,8740,19425,2980,10125,6580,3545,40600,9165,11880,19550,5675,8090,1320,4460,2800,1655,44900,10610,12575,21715,3065,11335,1655,5660,3775,1890
35038,Hamilton West--Ancaster--Dundas,88330,12760,21605,53960,5625,17540,4270,26525,14640,11890,42350,6045,10345,25960,3755,7420,1920,12865,6615,6250,45980,6715,11270,28000,1875,10115,2350,13660,8020,5640
35039,Hastings--Lennox and Addington,75765,17935,21515,36310,8920,17960,1560,7865,5215,2655,37300,9640,9875,17780,6355,7495,735,3200,1995,1205,38470,8290,11640,18530,2570,10470,825,4665,3220,1445
35040,Huron--Bruce,85770,20295,23495,41980,9230,20090,2165,10495,7000,3495,42445,10750,11025,20665,6665,8325,1020,4655,2925,1725,43335,9545,12475,21315,2560,11765,1150,5840,4075,1770
35041,Kanata--Carleton,79095,8840,17440,52810,3965,16785,3260,28800,17315,11490,38690,4445,8215,26030,2470,7615,1440,14510,8195,6315,40400,4395,9225,26775,1505,9165,1820,14290,9115,5170
35042,Kenora,42850,12935,10810,19105,4815,8110,1250,4930,3280,1645,21400,6885,5145,9370,3640,3195,515,2020,1360,660,21450,6045,5670,9735,1175,4915,735,2910,1920,990
35043,King--Vaughan,84275,15595,21780,46905,5710,15150,4585,21455,13895,7565,41300,7525,10765,23010,3860,6940,2105,10110,6320,3785,42980,8070,11010,23895,1855,8215,2480,11350,7570,3775
35044,Kingston and the Islands,96125,14385,25630,56105,7125,20715,2730,25535,13295,12245,45315,6790,12285,26240,4650,8270,1070,12250,5650,6600,50810,7600,13350,29865,2475,12445,1660,13290,7645,5645
35045,Kitchener Centre,85430,18425,23685,43325,6945,16835,2485,17060,10460,6600,41730,8675,11555,21505,4660,7500,1155,8195,4795,3400,43700,9750,12130,21820,2285,9335,1335,8865,5665,3200
35046,Kitchener--Conestoga,72005,15800,19235,36960,5530,14960,2220,14255,9300,4955,35390,7965,9035,18390,4110,6380,1020,6875,4405,2470,36615,7840,10200,18570,1420,8580,1200,7375,4890,2485
35047,Kitchener South--Hespeler,77335,14870,22915,39545,5925,17395,2450,13780,9445,4335,38075,7390,11330,19365,3960,7895,1140,6370,4385,1985,39255,7485,11585,20185,1965,9505,1310,7405,5055,2350
35048,Lambton--Kent--Middlesex,84975,20095,26680,38200,7925,19205,2000,9070,5855,3220,42150,10795,13000,18355,5730,7820,830,3980,2465,1515,42830,9300,13680,19840,2195,11385,1165,5090,3390,1700
35049,Lanark--Frontenac--Kingston,81080,15190,23070,42820,8415,20050,2080,12280,7870,4410,39725,8295,11020,20410,6100,8085,895,5335,3300,2030,41360,6905,12050,22410,2315,11965,1180,6950,4565,2385
35050,Leeds--Grenville--Thousand Islands and Rideau Lakes,82765,16205,24320,42230,7865,20595,2235,11530,7695,3835,40260,8275,11665,20320,5640,8330,1065,5280,3285,1995,42500,7930,12655,21915,2225,12270,1170,6250,4405,1840
35051,London--Fanshawe,96455,21960,30670,43825,8635,22030,2765,10395,6865,3530,46565,10810,14675,21080,5850,9415,1210,4610,2845,1765,49885,11145,15995,22745,2790,12620,1555,5780,4020,1765
35052,London North Centre,99575,14760,25795,59025,5960,20245,3695,29120,15525,13600,47910,7065,12490,28350,3800,8785,1645,14120,7080,7040,51665,7695,13305,30670,2155,11460,2045,15005,8445,6560
35053,London West,97835,13465,24845,59520,5610,22865,3940,27095,16585,10515,45910,6555,11895,27465,3495,9735,1610,12620,7355,5270,51915,6910,12955,32055,2115,13130,2330,14475,9225,5250
35054,Markham--Stouffville,86700,11970,21445,53280,4740,17230,5085,26215,17670,8545,41865,5605,10030,26225,3340,8030,2340,12510,8260,4250,44830,6365,11415,27055,1400,9205,2745,13710,9410,4300
35055,Markham--Thornhill,86010,17850,23150,45000,3780,11440,5430,24345,15795,8550,42315,8195,11455,22660,2350,5165,2640,12510,7865,4645,43695,9655,11695,22335,1430,6275,2795,11840,7930,3910
35056,Markham--Unionville,85275,12710,19695,52880,3035,11505,6335,31995,21365,10635,41000,5695,8955,26350,1705,5210,3105,16325,10430,5900,44280,7015,10735,26525,1335,6295,3235,15670,10935,4735
35057,Milton,65625,8390,15805,41430,4025,15735,2940,18730,12195,6535,32105,4360,7660,20090,2685,7245,1445,8710,5445,3265,33515,4035,8145,21340,1340,8490,1490,10020,6750,3270
35058,Mississauga Centre,99120,13950,23460,61715,5260,15365,7390,33700,20885,12805,48030,6470,11255,30300,3240,7075,3470,16515,9810,6710,51090,7480,12200,31415,2015,8295,3920,17180,11075,6105
35059,Mississauga East--Cooksville,100820,17980,27800,55045,6875,17605,5930,24635,14875,9760,48500,8240,13310,26955,4280,7985,2660,12035,6980,5050,52320,9740,14495,28085,2595,9620,3265,12610,7900,4710
35060,Mississauga--Erin Mills,93690,11425,21520,60745,4115,16555,6870,33210,19910,13295,45185,5705,10185,29290,2585,7285,3200,16230,9380,6850,48510,5720,11335,31455,1530,9270,3670,16980,10535,6445
35061,Mississauga--Lakeshore,98160,14200,25985,57980,5730,18240,5240,28775,17585,11190,47695,6785,12290,28620,3910,7810,2665,14240,8450,5790,50465,7415,13695,29355,1815,10425,2580,14530,9135,5400
35062,Mississauga--Malton,92840,17580,24020,51240,4950,15130,6250,24910,15105,9805,45330,8230,11655,25450,3155,6970,2980,12340,7275,5070,47505,9345,12370,25790,1795,8160,3275,12565,7825,4740
35063,Mississauga--Streetsville,95370,13055,24560,57755,5375,18825,6055,27495,17115,10380,46450,6445,11690,28310,3490,8605,2855,13355,7965,5390,48915,6605,12865,29445,1885,10215,3200,14140,9150,4990
35064,Nepean,82015,9405,18810,53805,4150,17810,3600,28245,17875,10370,39895,4750,8865,26285,2450,7930,1585,14320,8675,5645,42115,4655,9945,27520,1695,9880,2015,13925,9205,4720
35065,Newmarket--Aurora,87140,13460,23270,50415,5640,18865,3910,22000,14690,7310,41885,6555,11075,24250,3905,8110,1795,10445,6680,3765,45260,6905,12195,26160,1735,10755,2110,11560,8010,3550
35066,Niagara Centre,87460,19440,26835,41175,8535,19785,2135,10725,6325,4395,42210,9090,12930,20185,5980,8405,980,4820,2740,2085,45245,10345,13910,20995,2555,11375,1155,5905,3590,2315
35067,Niagara Falls,106065,21590,33260,51220,10140,22960,3525,14590,9035,5555,51185,10430,14875,25880,6965,10150,1765,7005,4245,2760,54880,11160,18385,25340,3185,12810,1760,7585,4790,2795
35068,Niagara West,70050,12530,19670,37850,7040,16545,2150,12120,7750,4370,34400,6595,9015,18790,5095,7215,1170,5315,3370,1940,35650,5935,10660,19055,1945,9325,980,6805,4380,2425
35069,Nickel Belt,74725,16955,18990,38780,9645,18795,1645,8695,5675,3025,37130,8380,9255,19495,7230,8225,570,3475,2190,1280,37600,8570,9730,19290,2415,10570,1080,5220,3480,1745
35070,Nipissing--Timiskaming,75500,16335,19880,39290,7495,19395,1530,10870,6800,4070,36755,8205,9965,18580,5075,8155,545,4805,2820,1985,38750,8125,9915,20710,2425,11240,985,6065,3975,2085
35071,Northumberland--Peterborough South,89185,17045,26920,45225,9015,21635,2330,12245,7975,4270,43530,8900,12735,21895,6465,8850,880,5695,3615,2075,45660,8145,14180,23330,2550,12785,1450,6550,4360,2190
35072,Oakville,97855,11950,22950,62955,4760,18410,5445,34345,21340,13000,46815,5690,10325,30800,2925,7915,2430,17530,10280,7245,51035,6260,12625,32150,1830,10495,3015,16820,11055,5760
35073,Oakville North--Burlington,85990,9425,18370,58200,3630,17755,4570,32250,20575,11670,41560,4720,8620,28220,2420,7845,2320,15640,9590,6055,44430,4700,9745,29980,1210,9915,2245,16610,10990,5620
35074,Oshawa,104660,24195,33220,47240,9215,24610,2670,10755,7280,3475,50460,12160,16065,22230,6400,10035,985,4815,3220,1595,54200,12035,17150,25010,2815,14570,1685,5940,4065,1875
35075,Ottawa Centre,96325,10260,17735,68330,3335,12925,2875,49195,26310,22885,46805,4815,8800,33190,2040,6175,1400,23580,12205,11370,49520,5440,8930,35140,1300,6750,1475,25620,14105,11510
35076,Orleans,96460,11350,24380,60725,5270,20915,4665,29880,19010,10870,46430,5645,11605,29180,3300,9245,2015,14620,8790,5835,50025,5705,12775,31545,1970,11670,2655,15255,10220,5035
35077,Ottawa South,100185,15065,24580,60540,5230,17685,4345,33280,19215,14060,47710,7035,11400,29270,2860,7865,1925,16620,8870,7745,52475,8025,13180,31270,2365,9820,2425,16655,10345,6315
35078,Ottawa--Vanier,93365,15230,22485,55650,5185,15135,3495,31830,17705,14125,44200,7430,10285,26480,2875,6910,1500,15195,7955,7235,49170,7800,12200,29165,2315,8225,1995,16635,9745,6890
35079,Ottawa West--Nepean,93260,13175,23085,57005,5175,17945,3960,29920,17440,12485,44180,6135,10860,27190,2995,7850,1685,14655,8035,6620,49080,7035,12225,29815,2175,10095,2275,15265,9400,5865
35080,Oxford,87265,21725,25820,39715,8345,20195,1930,9250,6245,3010,42870,11245,12490,19135,5760,8610,865,3905,2520,1380,44395,10480,13335,20580,2580,11585,1070,5350,3720,1625
35081,Parkdale--High Park,86990,11580,17645,57765,4095,13440,3785,36450,21350,15105,41425,5535,8585,27300,2495,6245,1770,16790,9440,7350,45570,6045,9060,30465,1595,7195,2015,19660,11910,7755
35082,Parry Sound--Muskoka,76505,17040,21770,37685,8520,16515,2285,10360,6455,3900,37730,8890,10035,18815,6355,6865,1120,4475,2775,1695,38770,8155,11735,18875,2165,9650,1170,5890,3685,2210
35083,Perth--Wellington,82630,23555,24500,34575,7825,15985,1665,9095,6140,2955,40505,12390,11540,16575,5465,6490,870,3755,2365,1390,42120,11165,12960,17995,2360,9500,795,5340,3780,1565
35084,Peterborough--Kawartha,96335,18790,27270,50275,9120,22080,2560,16515,9665,6855,46030,9040,13455,23540,6190,8855,1025,7465,4125,3335,50300,9755,13815,26730,2925,13225,1530,9050,5535,3515
35085,Pickering--Uxbridge,89635,13300,26805,49530,6180,20045,4175,19130,12820,6310,43275,6630,12635,24010,4255,8945,2095,8715,5635,3075,46360,6670,14170,25525,1925,11095,2085,10415,7185,3230
35086,Renfrew--Nipissing--Pembroke,83765,18055,26070,39635,8535,18930,1800,10365,6825,3545,41535,9705,13100,18730,6140,7180,765,4640,2925,1715,42230,8345,12970,20910,2395,11750,1035,5725,3900,1830
35087,Richmond Hill,92225,12815,20455,58960,4580,13665,5670,35035,21480,13560,44055,5765,9200,29090,2865,5690,2535,17995,10410,7585,48170,7050,11255,29870,1710,7975,3140,17040,11065,5980
35088,Carleton,69705,8370,17365,43965,4140,15760,2470,21595,13405,8190,34470,4455,8230,21780,2750,7500,1135,10390,6160,4235,35230,3915,9140,22185,1390,8260,1335,11200,7245,3950
35089,St. Catharines,92820,19240,27880,45700,8260,19685,2835,14925,9155,5770,43790,9130,12740,21915,5445,8235,1190,7045,4315,2725,49035,10100,15145,23785,2810,11450,1640,7885,4840,3040
35090,Toronto--St. Paul's,89625,9240,15700,64690,3535,12325,4515,44320,25735,18590,40495,4365,7220,28905,2135,5005,1650,20115,11295,8820,49130,4875,8475,35780,1395,7325,2855,24205,14435,9770
35091,Sarnia--Lambton,87980,15720,27980,44280,10035,20980,2070,11200,7295,3910,42620,7605,12330,22680,7480,9065,880,5265,3265,2000,45360,8110,15650,21600,2550,11920,1190,5935,4030,1905
35092,Sault Ste. Marie,68900,13995,19470,35435,7040,15895,2080,10415,7175,3240,33100,6665,8785,17650,5070,7010,905,4655,2960,1695,35805,7335,10685,17785,1965,8885,1175,5755,4210,1545
35093,Scarborough--Agincourt,88570,18310,24550,45715,4085,13305,5935,22390,14830,7560,41555,8150,11195,22215,2235,5910,2550,11515,7335,4175,47015,10165,13350,23505,1850,7400,3380,10875,7490,3385
35094,Scarborough Centre,88510,18870,26700,42945,5985,14570,5305,17075,11280,5800,41750,8605,12585,20560,3870,6200,2370,8120,5115,3005,46765,10265,14120,22385,2115,8375,2930,8960,6165,2795
35095,Scarborough--Guildwood,81470,16080,23745,41650,5085,14340,4365,17855,11095,6765,38610,7150,11155,20310,3135,5950,2120,9095,5245,3855,42860,8925,12590,21340,1950,8385,2250,8760,5850,2905
35096,Scarborough North,83525,19005,23560,40960,4135,11905,5380,19545,13675,5870,40110,8540,11060,20505,2665,5300,2405,10135,7020,3120,43410,10465,12500,20445,1470,6600,2970,9410,6655,2750
35097,Scarborough--Rouge Park,84170,13295,23570,47305,5770,16445,5670,19425,12650,6780,40055,6195,11045,22820,3610,7240,2695,9275,5980,3300,44120,7105,12530,24485,2155,9205,2975,10150,6670,3480
35098,Scarborough Southwest,86240,16890,24685,44660,5470,15115,4365,19715,12455,7260,41220,7920,11845,21455,3585,6435,1935,9500,5640,3865,45015,8965,12845,23205,1880,8680,2430,10215,6815,3395
35099,Simcoe--Grey,95210,18595,28880,47735,9685,20900,3045,14110,9240,4865,46740,9705,13625,23410,6925,8730,1340,6415,4185,2230,48475,8895,15255,24320,2760,12165,1705,7690,5050,2640
35100,Simcoe North,90315,19750,26095,44475,10625,20620,2005,11220,7015,4205,43670,10100,11835,21735,7155,8660,930,4995,2950,2045,46645,9655,14255,22740,3475,11960,1080,6225,4070,2160
35101,Spadina--Fort York,75765,6965,11990,56805,2260,10065,3425,41050,26655,14395,37680,3285,6250,28145,1405,4885,1530,20325,13295,7035,38080,3680,5745,28655,860,5180,1890,20725,13365,7365
35102,Stormont--Dundas--South Glengarry,82830,19885,25005,37940,9035,18665,1930,8305,5360,2950,40245,10280,11950,18015,5995,7415,805,3795,2315,1480,42585,9605,13055,19925,3040,11250,1120,4510,3040,1470
35103,Sudbury,76805,16255,18340,42205,7255,19275,1775,13905,8715,5190,36730,7855,8290,20585,4940,8685,680,6280,3825,2455,40075,8405,10050,21620,2320,10585,1090,7620,4890,2730
35104,Thornhill,90525,11385,19155,59985,4085,13700,5990,36210,21315,14895,43265,5430,9055,28780,2390,5550,2745,18100,10225,7865,47260,5960,10100,31205,1700,8150,3245,18110,11085,7025
35105,Thunder Bay--Rainy River,68750,16175,18775,33795,7790,15225,1585,9195,6020,3175,33605,7920,8875,16810,5840,6290,735,3940,2445,1500,35140,8255,9900,16990,1950,8930,855,5255,3575,1685
35106,Thunder Bay--Superior North,68480,15545,16015,36925,7840,15275,1805,12000,7335,4665,33585,7600,7765,18220,5955,6040,825,5400,3025,2375,34895,7945,8250,18705,1890,9235,975,6605,4310,2295
35107,Timmins--James Bay,66035,19635,15555,30850,8130,15350,1145,6220,4295,1935,32905,9750,7160,15995,6170,6755,525,2540,1685,860,33135,9885,8395,14855,1960,8590,620,3680,2610,1075
35108,Toronto Centre,81205,7895,16870,56445,3055,11910,3845,37630,23080,14550,43215,4025,9325,29865,1890,5965,1945,20070,12095,7975,37990,3870,7540,26575,1165,5945,1905,17565,10985,6575
35109,Toronto--Danforth,87020,16390,18170,52465,3910,13390,3860,31300,20160,11145,42200,7845,9315,25030,2595,6220,1710,14515,9430,5085,44820,8540,8855,27435,1320,7170,2155,16785,10730,6060
35110,University--Rosedale,85780,9850,15840,60090,2285,8565,3495,45745,24795,20945,41265,4670,7875,28715,1460,3910,1525,21830,11780,10045,44515,5180,7965,31375,830,4655,1970,23915,13015,10900
35111,Vaughan--Woodbridge,83600,20790,21250,41565,6000,14800,3990,16765,10480,6290,40765,10185,10080,20505,4165,6865,2000,7470,4730,2745,42835,10600,11175,21060,1840,7930,1995,9295,5750,3545
35112,Waterloo,83880,11540,20285,52060,4600,13710,3145,30605,17485,13120,41455,5660,9830,25970,3160,6145,1415,15255,8450,6800,42435,5885,10460,26090,1445,7570,1730,15345,9035,6315
35113,Wellington--Halton Hills,91950,15720,26155,50070,7355,20365,3295,19065,12180,6880,45440,8395,12410,24635,5400,9195,1445,8590,5300,3290,46510,7325,13745,25440,1950,11175,1845,10470,6880,3590
35114,Whitby,95030,13670,26110,55250,5700,24060,3655,21840,14645,7190,45860,6805,12685,26370,3980,10895,1760,9735,6370,3365,49170,6870,13430,28880,1715,13170,1890,12105,8275,3830
35115,Willowdale,96075,8340,19635,68095,3265,11250,6625,46960,27730,19235,45215,3595,9080,32540,1775,4890,3055,22820,12940,9880,50855,4755,10550,35555,1485,6355,3570,24140,14785,9355
35116,Windsor--Tecumseh,95300,16665,30205,48435,7910,20390,3400,16740,10270,6465,45285,7880,14245,23160,5375,8470,1475,7840,4595,3250,50015,8780,15960,25270,2530,11920,1930,8900,5680,3220
35117,Windsor West,96200,19770,28910,47520,6180,17250,3605,20485,11535,8945,46795,9080,14030,23685,3825,7965,1780,10115,5255,4865,49400,10690,14875,23840,2360,9290,1825,10370,6285,4080
35118,York Centre,83275,18330,19680,45265,5010,13270,4720,22265,12360,9900,38615,8590,9365,20660,3195,5245,1895,10320,5610,4715,44660,9745,10315,24610,1815,8030,2825,11940,6750,5190
35119,York--Simcoe,76295,16335,23785,36180,7835,16490,1910,9940,6825,3115,37840,8730,11335,17780,5640,7190,790,4150,2730,1420,38455,7605,12450,18405,2190,9300,1115,5795,4100,1700
35120,York South--Weston,93780,27775,27770,38235,6320,15725,3575,12610,8445,4165,43860,12885,13220,17750,3795,6800,1570,5585,3785,1800,49920,14885,14550,20485,2525,8925,2005,7030,4660,2370
35121,Humber River--Black Creek,85930,26585,26830,32515,5795,12655,2920,11150,7165,3980,40695,11785,13080,15835,3525,5345,1485,5485,3460,2030,45235,14800,13750,16680,2270,7310,1435,5670,3710,1955
46001,Brandon--Souris,65285,15285,19175,30825,7490,11650,2445,9240,6395,2850,31770,8465,9620,13690,4490,4170,960,4060,2505,1555,33510,6825,9555,17140,3000,7480,1485,5180,3890,1290
46002,Charleswood--St. James--Assiniboia--Headingley,67595,11160,20625,35810,6205,12715,3030,13865,9580,4285,32345,5455,9760,17130,3900,5435,1305,6490,4395,2100,35250,5705,10865,18680,2305,7275,1725,7375,5190,2185
46003,Churchill--Keewatinook Aski,57510,29540,11450,16520,4555,6225,1260,4480,3270,1210,29130,15505,5550,8075,3315,2450,500,1805,1260,550,28380,14030,5895,8445,1235,3770,755,2675,2010,665
46004,Dauphin--Swan River--Neepawa,67275,23745,16825,26710,6780,11025,2295,6605,4915,1690,33435,13125,8110,12205,4235,4015,1065,2895,2045,855,33840,10615,8715,14505,2550,7015,1235,3710,2875,840
46005,Elmwood--Transcona,69510,16900,22280,30335,7060,11870,2400,9000,6425,2570,33840,8350,10600,14890,4625,5130,1095,4040,2765,1275,35675,8550,11680,15445,2440,6740,1305,4960,3660,1305
46006,Kildonan--St. Paul,67420,13780,19790,33850,6330,11565,2980,12975,8990,3980,31865,6345,8815,16710,4275,5160,1275,6005,3970,2040,35550,7435,10975,17145,2055,6410,1710,6970,5025,1945
46007,Portage--Lisgar,65395,21910,17705,25775,6730,9370,2530,7135,5050,2095,32325,11645,8740,11940,4070,3505,1215,3150,2070,1080,33070,10265,8965,13835,2660,5870,1315,3985,2975,1010
46008,Provencher,66180,18705,19465,28005,7820,10490,2295,7400,5395,2005,33480,10165,9240,14070,5285,4435,1040,3315,2235,1080,32705,8540,10225,13935,2540,6060,1255,4085,3165,920
46009,Saint Boniface--Saint Vital,68630,12445,19630,36555,6100,11355,3135,15970,10530,5440,32900,6335,9095,17465,3735,4850,1340,7535,4840,2695,35730,6110,10525,19090,2365,6505,1795,8430,5685,2745
46010,Selkirk--Interlake--Eastman,73470,19570,20125,33775,9950,13255,2525,8045,5525,2525,36710,10425,9665,16620,6570,5380,1165,3515,2275,1235,36760,9145,10455,17160,3385,7875,1365,4535,3250,1285
46011,Winnipeg Centre,64745,15380,17920,31445,5700,8940,2795,13995,9605,4395,32385,7845,9270,15270,3425,3840,1210,6795,4460,2340,32360,7540,8655,16170,2275,5105,1590,7205,5150,2055
46012,Winnipeg North,68820,19935,19820,29065,6070,9655,3265,10085,7240,2840,33370,9870,9820,13685,3725,4125,1480,4360,3105,1250,35445,10060,10005,15380,2345,5530,1785,5720,4130,1590
46013,Winnipeg South,69135,9335,18580,41215,4305,11515,3950,21450,13260,8185,33575,4485,9170,19920,2635,5195,1720,10370,5955,4415,35555,4850,9415,21300,1670,6320,2230,11075,7310,3770
46014,Winnipeg South Centre,75980,9920,19110,46950,4190,10810,3695,28255,17170,11085,35985,5220,8970,21795,2540,4570,1410,13275,7515,5760,39995,4700,10140,25160,1650,6245,2280,14980,9655,5330
47001,Battlefords--Lloydminster,53290,15840,14920,22525,6700,8795,2100,4930,3865,1065,26690,8950,7600,10145,4335,3100,830,1885,1370,510,26595,6895,7320,12380,2365,5695,1270,3045,2490,560
47002,Cypress Hills--Grasslands,52520,13585,15940,23000,6870,8980,2165,4985,3740,1240,26380,7610,8380,10390,4485,3005,825,2070,1410,660,26140,5970,7560,12615,2385,5975,1340,2915,2330,585
47003,Desnethe--Missinippi--Churchill River,48100,22905,10365,14835,4935,5245,1285,3370,2550,820,23945,12280,4830,6835,3440,1805,480,1115,725,390,24155,10620,5535,8000,1500,3445,805,2255,1825,425
47004,Carlton Trail--Eagle Creek,55260,14265,15410,25590,7570,9805,1970,6245,4770,1475,28020,7965,8175,11880,4975,3505,870,2525,1855,670,27240,6300,7235,13710,2585,6300,1100,3725,2915,805
47005,Moose Jaw--Lake Centre--Lanigan,61055,14630,16950,29475,9410,11015,2405,6640,4940,1705,30580,7825,8820,13940,6110,3950,815,3075,2190,880,30470,6810,8130,15530,3305,7065,1590,3575,2740,830
47006,Prince Albert,60870,17220,16515,27135,8250,9770,2305,6805,5220,1585,29380,8845,8010,12530,5375,3270,900,2985,2290,700,31490,8375,8510,14605,2875,6500,1410,3815,2930,890
47007,Regina--Lewvan,64800,9550,19695,35555,6760,10630,3275,14890,10930,3965,31280,4785,9545,16945,4630,3955,1410,6945,4905,2045,33525,4765,10155,18605,2125,6670,1865,7945,6025,1920
47008,Regina--Qu'Appelle,56725,16235,17290,23205,7060,7890,2330,5925,4650,1275,27840,8585,8325,10920,4755,2865,920,2380,1800,585,28895,7645,8965,12285,2305,5025,1415,3540,2850,690
47009,Regina--Wascana,62880,11140,17875,33875,5455,9100,3110,16210,11805,4405,30530,5665,8485,16380,3660,3630,1100,7995,5635,2360,32355,5475,9390,17490,1795,5470,2005,8215,6165,2050
47010,Saskatoon--Grasswood,60175,9190,15780,35200,5605,10225,2745,16625,11315,5310,28790,4625,7915,16255,3625,3435,1045,8145,5150,2990,31385,4565,7865,18950,1980,6785,1700,8480,6165,2315
47011,Saskatoon--University,62205,7770,16400,38035,5620,10325,3110,18980,12425,6555,30515,4265,8650,17600,3620,3755,1290,8940,5410,3525,31690,3505,7750,20430,2005,6575,1815,10045,7010,3030
47012,Saskatoon West,60655,14430,17625,28605,8035,9505,1970,9090,6715,2375,29650,7170,8955,13530,5050,3480,775,4235,3120,1120,31005,7260,8675,15070,2985,6030,1195,4855,3600,1255
47013,Souris--Moose Mountain,56250,15665,17510,23070,8180,8170,2000,4725,3780,950,28725,8860,9015,10850,5465,2635,810,1935,1480,455,27530,6810,8495,12225,2710,5540,1185,2785,2300,485
47014,Yorkton--Melville,57715,18020,16480,23215,8370,7835,2005,5000,4020,980,28630,9450,8380,10800,5575,2410,665,2150,1585,560,29085,8570,8100,12410,2795,5425,1340,2845,2435,420
48001,Banff--Airdrie,80550,11995,21095,47460,9005,17510,3370,17570,12385,5185,40370,6405,10065,23905,6625,7530,1520,8225,5635,2585,40175,5590,11030,23550,2375,9975,1850,9350,6750,2600
48002,Battle River--Crowfoot,82290,20680,23515,38085,12065,15705,2185,8130,6170,1965,41400,11185,11135,19075,8865,6060,715,3440,2365,1080,40895,9505,12375,19010,3205,9650,1470,4690,3800,885
48003,Bow River,75820,18870,22100,34850,9500,14165,2295,8890,6900,1995,38645,10160,11005,17485,7115,5695,895,3785,2790,995,37165,8710,11095,17365,2385,8470,1405,5105,4105,1000
48004,Calgary Centre,94560,9330,19600,65630,6210,14525,4690,40200,28235,11965,48460,4765,10230,33460,4185,6655,2270,20355,14290,6065,46100,4565,9365,32170,2030,7865,2425,19850,13950,5900
48005,Calgary Confederation,95220,10375,19860,64985,5995,15935,4385,38675,24460,14210,47510,5410,9540,32560,4210,6970,1800,19580,11995,7585,47710,4970,10315,32425,1785,8965,2585,19090,12465,6625
48006,Calgary Forest Lawn,87615,25285,26905,35420,9370,12325,3565,10170,7285,2880,44840,12620,13330,18895,6845,5515,1765,4765,3295,1465,42775,12670,13575,16530,2520,6805,1795,5405,3990,1415
48007,Calgary Heritage,88860,10255,22005,56600,6670,16790,5370,27765,19145,8615,43685,5515,10360,27810,4435,7205,2340,13835,9225,4605,45180,4745,11645,28790,2240,9590,3030,13930,9920,4015
48008,Calgary Midnapore,90305,12820,24020,53465,8390,17445,5030,22605,16265,6340,44855,6340,11385,27135,5745,7780,2265,11340,7950,3390,45445,6485,12635,26330,2640,9660,2760,11265,8310,2955
48009,Calgary Nose Hill,88995,14510,22630,51855,6430,15360,5110,24955,17485,7470,43605,6815,10790,26010,4365,6745,2240,12660,8410,4250,45385,7700,11840,25845,2065,8620,2870,12290,9070,3220
48010,Calgary Rocky Ridge,84380,8370,18070,57945,5330,15670,5270,31680,21480,10200,41230,4295,8420,28515,3620,6855,2315,15720,10355,5360,43155,4075,9645,29435,1710,8815,2950,15960,11115,4845
48011,Calgary Shepard,85955,13875,23025,49060,8925,17955,4150,18035,13450,4580,43290,7380,11220,24690,6555,7895,1915,8330,6055,2275,42665,6490,11805,24365,2370,10060,2240,9700,7400,2305
48012,Calgary Signal Hill,86830,10240,18385,58205,5920,15360,4760,32165,21770,10395,41745,4905,8745,28095,3905,6315,1825,16050,10590,5460,45090,5335,9645,30110,2015,9050,2935,16110,11185,4930
48013,Calgary Skyview,83125,17805,24120,41205,7190,13165,4385,16460,11100,5355,41655,8790,11960,20905,4780,5985,2030,8115,5405,2710,41460,9010,12155,20300,2415,7185,2355,8345,5700,2645
48014,Edmonton Centre,91300,13505,23445,54345,7725,15685,4560,26370,17620,8750,46300,6675,11925,27700,5580,7445,2145,12540,8060,4475,45000,6830,11525,26645,2150,8240,2415,13835,9560,4275
48015,Edmonton Griesbach,86250,24455,24420,37380,10655,14220,2920,9575,6625,2950,44070,11970,11910,20190,8040,6015,1265,4875,3255,1620,42180,12480,12515,17185,2615,8210,1660,4700,3375,1330
48016,Edmonton Manning,84825,18595,24750,41480,9285,16575,3745,11865,8490,3380,41605,8690,12075,20835,6820,7040,1575,5400,3740,1660,43225,9910,12675,20635,2465,9535,2170,6470,4750,1720
48017,Edmonton Mill Woods,83290,16270,23715,43310,8315,14550,4345,16100,10905,5195,41270,7635,11235,22405,6310,6260,2155,7680,4915,2770,42020,8630,12480,20905,2005,8295,2195,8415,5990,2420
48018,Edmonton Riverbend,85710,9145,18210,58355,5280,14400,5485,33190,19970,13220,41615,4435,8495,28685,3690,6175,2375,16450,9150,7300,44095,4710,9710,29670,1590,8225,3110,16745,10825,5925
48019,Edmonton Strathcona,88520,10555,21335,56630,8295,13530,3660,31145,18905,12245,44585,5170,10390,29030,6400,6130,1455,15040,8675,6365,43930,5385,10945,27605,1895,7395,2205,16105,10230,5875
48020,Edmonton West,84845,14035,22710,48105,7790,16240,4315,19750,13865,5890,41280,7170,10545,23560,5580,6835,1685,9460,6355,3105,43565,6860,12165,24535,2210,9405,2630,10290,7510,2790
48021,Edmonton--Wetaskiwin,86150,16410,23630,46105,11330,16160,3695,14920,10995,3930,43015,8390,10970,23650,8585,7070,1510,6480,4515,1965,43140,8025,12660,22455,2745,9090,2185,8445,6480,1960
48022,Foothills,82455,14525,22585,45350,10400,16535,3250,15160,10520,4645,40990,7785,10205,23000,7295,6885,1335,7485,4910,2580,41465,6740,12380,22350,3105,9650,1920,7680,5610,2070
48023,Fort McMurray--Cold Lake,80655,16645,20375,43635,12940,15735,2555,12400,8775,3625,43680,8585,10175,24920,10595,7470,1100,5755,3940,1815,36970,8055,10200,18715,2355,8265,1455,6645,4835,1805
48024,Grande Prairie--Mackenzie,81465,22095,23190,36180,11705,14640,1965,7880,6060,1825,41895,11865,11430,18600,9245,5600,605,3145,2260,885,39570,10230,11755,17585,2455,9035,1360,4730,3795,945
48025,Lakeland,80250,22085,21820,36350,11705,14735,2315,7590,5900,1690,40845,11970,10270,18605,8570,6065,830,3145,2280,865,39405,10120,11550,17740,3135,8675,1480,4445,3620,825
48026,Lethbridge,84000,16180,24755,43065,8810,16810,2390,15055,10620,4440,41000,8500,11685,20810,6010,6975,960,6870,4470,2400,43000,7680,13070,22255,2800,9835,1425,8190,6150,2040
48027,Medicine Hat--Cardston--Warner,77075,18870,22155,36050,9880,15080,2290,8795,6565,2230,37990,10040,10485,17465,6930,5745,780,4020,2675,1340,39085,8825,11675,18585,2950,9335,1515,4780,3890,890
48028,Peace River--Westlock,79335,27695,20805,30835,10795,11875,1845,6320,4735,1590,40510,15090,9355,16055,8250,4610,615,2580,1840,735,38825,12600,11450,14775,2545,7265,1230,3745,2890,855
48029,Red Deer--Mountain View,87335,18010,24000,45320,12080,18605,3190,11445,8250,3200,43250,9445,11655,22150,8830,7445,1055,4820,3170,1645,44085,8570,12345,23170,3250,11155,2135,6625,5075,1550
48030,Red Deer--Lacombe,87900,22605,24150,41140,12890,16660,2705,8890,6660,2225,43950,11905,11535,20510,9405,6230,1055,3825,2555,1270,43940,10695,12615,20630,3485,10430,1655,5065,4105,960
48031,St. Albert--Edmonton,83615,13375,23190,47050,8715,17265,4395,16680,12120,4555,40760,6560,10930,23270,6395,7595,1790,7495,5100,2395,42855,6815,12255,23780,2320,9670,2605,9185,7020,2165
48032,Sherwood Park--Fort Saskatchewan,88795,13260,23710,51825,12590,18790,3920,16520,12225,4290,44125,6565,10580,26985,9530,8420,1685,7355,5200,2150,44670,6695,13130,24840,3065,10375,2235,9165,7030,2135
48033,Sturgeon River--Parkland,82420,16705,23295,42420,13320,16905,2410,9780,7535,2245,41605,8790,10650,22165,10245,6805,950,4160,3000,1160,40820,7915,12650,20255,3075,10100,1455,5625,4535,1090
48034,Yellowhead,78030,21015,22810,34205,12770,13190,1950,6295,4705,1590,40175,11285,10935,17945,9635,5210,540,2560,1810,750,37855,9725,11875,16255,3135,7975,1415,3730,2900,835
59001,Abbotsford,77240,15965,24075,37200,9030,12610,4630,10930,6555,4375,37430,7990,11465,17975,5860,5100,1805,5205,2840,2370,39810,7980,12610,19230,3170,7505,2830,5725,3715,2005
59002,Burnaby North--Seymour,84450,10595,22335,51525,6565,14410,5785,24765,16100,8665,41315,4990,10330,25995,4260,6625,2470,12650,8030,4620,43135,5605,12010,25525,2310,7785,3315,12110,8065,4050
59003,Burnaby South,90335,11750,21480,57105,6710,14165,7155,29070,19195,9870,43435,5135,10125,28175,4175,6540,3390,14070,9130,4935,46905,6615,11355,28935,2540,7620,3770,15005,10065,4940
59004,Cariboo--Prince George,87590,20985,27085,39525,11770,14620,2995,10135,6530,3605,43705,11120,12520,20065,8705,5770,1155,4430,2650,1785,43890,9860,14560,19465,3060,8855,1840,5705,3880,1820
59005,Central Okanagan--Similkameen--Nicola,88240,16690,24965,46585,12945,17945,4460,11230,7300,3930,42475,8155,11855,22460,8645,6900,1640,5275,3230,2045,45765,8530,13110,24125,4300,11050,2825,5955,4070,1885
59006,Chilliwack--Hope,73970,15830,23155,34985,10060,12740,4460,7725,4985,2740,36055,8515,10680,16855,6870,4725,1765,3500,2135,1365,37915,7315,12475,18130,3185,8010,2700,4230,2855,1370
59007,Cloverdale--Langley City,79390,11785,24820,42785,9090,15040,5270,13375,9075,4310,38480,6185,11405,20890,6475,6275,2215,5920,3925,1995,40910,5595,13415,21895,2620,8765,3060,7460,5145,2310
59008,Coquitlam--Port Coquitlam,90415,11300,26155,52960,8510,16560,5700,22190,14445,7750,43690,5785,12095,25815,5705,6885,2445,10785,6660,4120,46725,5520,14060,27145,2805,9675,3250,11415,7780,3630
59009,Courtenay--Alberni,93435,18835,25850,48745,13365,18315,4395,12675,7875,4795,45280,9745,11755,23785,9055,7185,1525,6020,3595,2425,48155,9095,14100,24960,4315,11130,2875,6650,4275,2375
59010,Cowichan--Malahat--Langford,81255,14640,24325,42290,10855,15725,3730,11975,8010,3970,39580,7765,11630,20180,7460,6045,1440,5235,3305,1930,41675,6875,12695,22110,3395,9680,2290,6745,4705,2045
59011,Delta,82295,12960,24390,44950,7760,15350,4830,17010,10690,6325,40170,6250,11525,22395,5460,6470,2135,8335,5240,3095,42130,6710,12865,22555,2295,8885,2695,8675,5450,3225
59012,Fleetwood--Port Kells,88645,16230,27435,44985,6880,12985,6940,18175,11880,6300,43305,7750,13535,22020,4420,5665,3135,8805,5550,3260,45340,8485,13895,22965,2465,7320,3805,9375,6335,3040
59013,Kamloops--Thompson--Cariboo,98515,18750,30015,49755,14000,15970,5650,14130,9395,4735,48425,10115,14170,24140,9945,5880,2130,6180,3915,2265,50090,8635,15845,25610,4055,10090,3520,7945,5475,2475
59014,Kelowna--Lake Country,91030,14375,25775,50885,12340,18880,4260,15405,9750,5655,44090,7380,11970,24740,8200,7545,1690,7300,4195,3100,46945,6995,13805,26145,4135,11330,2575,8110,5550,2555
59015,Kootenay--Columbia,88695,16465,24470,47760,12880,17910,3270,13705,9055,4650,44445,8690,11865,23890,9245,6950,1240,6455,4060,2400,44250,7775,12610,23870,3635,10965,2030,7245,4995,2250
59016,Langley--Aldergrove,82845,13475,25745,43620,10520,15025,4865,13210,8405,4810,40475,7125,11720,21635,7555,6175,1975,5925,3600,2330,42365,6355,14020,21995,2965,8850,2885,7290,4810,2480
59017,Mission--Matsqui--Fraser Canyon,71330,16965,21680,32680,9495,11105,3800,8275,4580,3695,35540,8660,10660,16215,6415,4365,1570,3860,1980,1880,35790,8305,11015,16465,3080,6745,2230,4415,2600,1815
59018,Nanaimo--Ladysmith,96230,15725,26975,53530,12940,18640,5815,16130,10105,6030,46475,8080,12615,25775,8780,7405,2235,7350,4335,3015,49755,7645,14355,27755,4165,11235,3580,8780,5770,3015
59019,New Westminster--Burnaby,91510,13045,23420,55050,8600,17020,5955,23485,15350,8135,44680,6450,11665,26575,5370,7390,2795,11010,6940,4075,46835,6595,11760,28480,3225,9625,3160,12470,8410,4060
59020,North Okanagan--Shuswap,101125,20275,30005,50845,15505,19185,4170,11985,7810,4175,48860,10225,13630,25010,10380,7295,1525,5810,3550,2260,52265,10050,16375,25845,5130,11885,2650,6175,4265,1910
59021,North Vancouver,91585,9080,21510,60995,7290,16655,6665,30380,19150,11230,43590,4450,9815,29320,4630,7295,2865,14530,8765,5765,48000,4630,11695,31675,2660,9360,3800,15855,10390,5465
59022,Pitt Meadows--Maple Ridge,76030,12000,24045,39985,10550,16005,3930,9500,6010,3490,37105,6165,11030,19915,7290,6600,1640,4390,2695,1695,38920,5835,13020,20065,3265,9410,2285,5115,3320,1795
59023,Port Moody--Coquitlam,88815,10715,23865,54235,8770,16070,5950,23440,14815,8625,43810,5230,11355,27230,6185,7215,2680,11145,6985,4160,45005,5485,12510,27005,2590,8855,3265,12295,7825,4470
59024,Prince George--Peace River--Northern Rockies,84575,21355,24765,38455,13590,14695,2350,7820,5410,2410,43400,11685,11635,20075,10040,5870,910,3260,2145,1120,41175,9675,13125,18380,3550,8820,1445,4560,3265,1295
59025,Richmond Centre,80460,11195,21990,47285,4400,11170,6345,25370,17075,8295,37750,5040,9855,22860,2760,4820,2760,12515,8105,4410,42710,6150,12135,24425,1640,6345,3580,12850,8965,3885
59026,Esquimalt--Saanich--Sooke,94575,14245,27825,52500,11430,18265,4060,18750,12295,6455,45815,7170,12995,25655,7695,7655,1745,8555,5400,3155,48760,7075,14830,26850,3730,10610,2315,10195,6895,3300
59027,Saanich--Gulf Islands,89175,11000,23155,55015,9365,15540,5105,25015,14565,10450,42505,5190,10540,26775,6170,6135,1960,12510,6720,5790,46665,5810,12620,28240,3195,9405,3145,12505,7845,4660
59028,Skeena--Bulkley Valley,71950,20310,20080,31555,9725,11440,2470,7920,5345,2575,36640,11010,9200,16430,7380,4720,885,3445,2215,1230,35315,9305,10875,15130,2345,6720,1580,4480,3125,1355
59029,South Okanagan--West Kootenay,94270,19390,26080,48795,14800,18500,3765,11735,7695,4040,45815,9565,11585,24665,10310,7320,1280,5750,3685,2065,48450,9825,14500,24135,4485,11180,2480,5985,4010,1975
59030,South Surrey--White Rock,78705,9155,21125,48425,7040,15425,5325,20640,11920,8715,37060,4475,9215,23375,4725,6220,2085,10345,5720,4625,41645,4685,11915,25050,2315,9210,3240,10295,6200,4090
59031,Steveston--Richmond East,81585,11800,23200,46575,5255,12145,6265,22920,16110,6805,39125,5475,10870,22780,3265,5465,2745,11305,7610,3700,42455,6330,12325,23800,1985,6680,3520,11615,8510,3110
59032,Surrey Centre,89355,21540,28205,39600,8210,12825,5540,13030,8565,4470,44990,10585,14510,19890,5650,5495,2440,6305,4105,2200,44365,10955,13695,19715,2565,7330,3090,6730,4460,2270
59033,Surrey--Newton,82430,19260,27800,35375,5810,10890,5245,13440,8165,5275,40445,9175,13790,17480,3745,4605,2525,6600,3980,2625,41985,10085,14005,17895,2060,6280,2715,6840,4185,2655
59034,Vancouver Centre,95170,4645,18905,71620,5485,15655,6350,44135,28050,16080,49130,2710,10185,36230,3420,6905,3065,22830,14590,8245,46040,1930,8715,35390,2060,8745,3285,21300,13465,7835
59035,Vancouver East,91970,18115,21670,52185,7075,14060,4555,26495,17755,8740,45710,8640,11395,25670,4245,6890,2305,12235,8355,3875,46260,9475,10280,26510,2830,7170,2255,14255,9400,4865
59036,Vancouver Granville,86765,6790,17850,62125,4180,12335,6040,39575,23835,15740,39875,3200,7955,28725,2395,5050,2690,18590,11035,7555,46890,3590,9890,33400,1790,7280,3350,20985,12800,8185
59037,North Island--Powell River,86075,17135,24690,44245,13415,16125,3585,11120,7045,4080,42630,9230,11040,22355,9525,6385,1175,5275,3200,2070,43450,7905,13650,21890,3895,9740,2410,5855,3845,2005
59038,Vancouver Kingsway,86645,19390,22990,44260,6775,12370,5025,20090,14460,5630,41875,8950,10955,21965,4380,6005,2300,9280,6685,2590,44770,10435,12040,22295,2395,6365,2725,10810,7775,3040
59039,Vancouver Quadra,85920,6215,15750,63955,3385,10425,4905,45240,23935,21305,40180,2995,7295,29890,2100,4365,1920,21510,10795,10710,45740,3215,8455,34065,1285,6060,2985,23730,13140,10595
59040,Vancouver South,83835,17895,23460,42480,5250,11890,5290,20055,14110,5945,39905,7640,11410,20850,3320,5430,2275,9830,6850,2980,43935,10255,12045,21630,1935,6460,3010,10225,7265,2965
59041,Victoria,94480,9735,22545,62195,6840,16000,5600,33760,20110,13650,44435,4990,11005,28440,4095,6445,2195,15710,8815,6895,50050,4750,11540,33755,2745,9555,3405,18050,11295,6755
59042,West Vancouver--Sunshine Coast--Sea to Sky Country,93925,10050,23740,60130,8985,15460,5745,29945,17750,12200,45760,5390,10805,29565,5940,6490,2250,14885,8310,6580,48160,4665,12930,30570,3045,8970,3495,15055,9440,5615
60001,Yukon,27495,5040,6655,15805,3330,5485,1145,5835,3835,2000,13755,2870,3325,7560,2475,2180,455,2455,1550,915,13740,2165,3330,8240,855,3310,690,3375,2290,1090
61001,Northwest Territories,31755,9865,6520,15365,3185,5810,725,5645,4005,1645,16075,5210,3055,7810,2530,2515,290,2470,1780,690,15680,4650,3460,7560,655,3295,435,3175,2225,955
62001,Nunavut,21255,11890,2840,6525,1620,2665,260,1980,1305,675,10910,5985,1425,3495,1285,1190,130,895,570,325,10345,5900,1415,3030,335,1480,135,1085,735,350
