Geo_Code,FED_Name,Under5000Pct,5000To9999Pct,10000To14999Pct,15000To19999Pct,20000To29999Pct,30000To39999Pct,40000To49999Pct,50000To59999Pct,60000To79999Pct,80000To99999Pct,100000To124999Pct,125000AndOverPct,MaleUnder5000Pct,Male5000To9999Pct,Male10000To14999Pct,Male15000To19999Pct,Male20000To29999Pct,Male30000To39999Pct,Male40000To49999Pct,Male50000To59999Pct,Male60000To79999Pct,Male80000To99999Pct,Male100000To124999Pct,Male125000AndOverPct,FemaleTotIncome2010Pop15YearsAndOver,FemaleUnder5000Pct,Female5000To9999Pct,Female10000To14999Pct,Female15000To19999Pct,Female20000To29999Pct,Female30000To39999Pct,Female40000To49999Pct,Female50000To59999Pct,Female60000To79999Pct,Female80000To99999Pct,Female100000To124999Pct,Female125000AndOverPct
10001,Avalon,7.266,7.94,9.342,11.764,14.606,13.264,8.638,6.148,8.255,4.259,1.829,1.979,6.321,4.783,6.275,9.259,13.088,14.196,10.658,8.09,10.52,6.075,3.03,3.614,34180,8.163,10.942,12.259,14.146,16.047,12.376,6.7,4.315,6.1,2.516,0.702,0.424
10002,Bonavista--Burin--Trinity,7.613,7.917,12.141,17.513,19.055,11.131,6.207,4.095,4.521,2.469,1.345,1.003,5.982,4.687,8.156,15.248,18.81,14.755,8.141,5.936,6.368,3.808,2.359,1.835,33380,9.212,11.055,16.028,19.697,19.278,7.609,4.314,2.292,2.726,1.183,0.359,0.195
10003,Coast of Bays--Central--Notre Dame,6.942,9.246,12.911,14.735,17.214,11.291,7.292,4.258,5.208,2.866,1.505,1.064,5.41,5.66,8.74,12.492,17.542,14.79,10.147,5.832,6.551,4.049,2.564,1.845,33785,8.421,12.654,16.857,16.842,16.901,7.977,4.588,2.768,3.937,1.761,0.503,0.326
10004,Labrador,8.337,6.689,7.183,8.643,13.801,10.763,7.56,6.453,9.162,7.395,5.535,3.344,6.803,5.266,6.011,6.198,10.904,9.972,6.57,7.596,10.531,10.531,9.832,6.104,10495,9.909,8.099,8.385,11.148,16.818,11.625,8.576,5.288,7.766,4.145,1.096,0.524
10005,Long Range Mountains,7.766,7.954,11.3,15.083,17.343,11.87,7.914,4.527,5.774,3.152,1.06,0.993,7.207,5.677,8.404,12.439,16.544,14.791,9.921,5.733,7.152,4.146,1.753,1.906,38620,8.299,10.085,13.969,17.543,18.086,9.14,6.033,3.418,4.492,2.227,0.427,0.142
10006,St. John's East,8.386,7.825,8.335,8.002,13.487,11.568,9.051,7.021,9.796,5.795,2.857,4.075,8.378,6.913,6.897,5.894,11.958,10.693,8.98,7.545,11.31,6.99,4.089,6.805,35325,8.408,8.662,9.639,9.936,14.904,12.371,9.115,6.539,8.408,4.699,1.727,1.571
10007,St. John's South--Mount Pearl,6.886,7.571,8.813,9.332,15.092,13.685,9.845,7.138,8.827,4.15,2.259,2.216,6.46,6.229,6.906,6.798,13.703,13.211,10.735,8.843,10.181,5.06,3.83,4.06,36765,7.276,8.772,10.499,11.574,16.32,14.117,9.058,5.644,7.63,3.346,0.884,0.598
11001,Cardigan,8.045,7.806,8.198,9.92,17.692,15.459,9.818,7.227,7.21,2.778,1.227,1.142,8.835,5.53,7.235,8.278,16.313,15.861,10.504,8.487,8.348,4.07,1.948,1.948,14955,7.322,10.03,9.127,11.501,19.024,15.045,9.161,6.018,6.152,1.505,0.535,0.334
11002,Charlottetown,8.477,8.02,10.67,9.512,14.724,12.548,10.074,7.757,7.494,3.019,1.966,2.036,8.498,7.698,8.918,7.508,14.024,11.585,11.433,8.956,7.584,3.62,2.401,3.582,15375,8.455,8.293,12.163,11.187,15.35,13.366,8.878,6.732,7.415,2.472,1.593,0.715
11003,Egmont,7.285,6.962,9.779,11.915,19.11,15.27,11.322,5.724,5.688,1.525,0.843,0.754,7.376,5.374,7.153,9.377,18.199,18.087,11.675,7.302,6.82,2.372,1.334,1.297,14375,7.165,8.417,12.243,14.261,19.93,12.591,11.026,4.243,4.626,0.73,0.383,0.209
11004,Malpeque,8.33,7.699,7.874,9.435,16.45,14.89,11.961,7.471,7.839,2.21,1.385,1.438,7.759,4.49,5.244,8.118,16.056,15.841,13.542,8.908,9.986,3.233,2.155,2.227,14595,8.907,10.757,10.346,10.689,16.821,13.977,10.483,6.132,5.755,1.268,0.651,0.685
12001,Cape Breton--Canso,7.206,10.274,9.517,12.063,16.203,12.497,9.272,5.977,7.475,2.894,1.198,0.867,7.062,7.209,6.67,9.874,15.678,13.193,11.117,8.19,9.188,3.874,1.864,1.569,32830,7.341,13.143,12.169,14.088,16.692,11.849,7.554,3.929,5.894,1.965,0.579,0.213
12002,Central Nova,7.518,8.44,9.362,10.853,15.943,13.273,10.059,6.3,7.198,3.415,1.499,1.403,6.503,6.702,6.851,8.555,13.818,13.685,11.749,8.655,9.83,4.633,2.251,2.366,32170,8.471,10.087,11.735,13.009,17.92,12.885,8.486,4.072,4.725,2.269,0.793,0.513
12003,Cumberland--Colchester,8.577,9.526,9.629,11.063,16.263,13.77,8.974,6.274,6.672,2.538,0.897,1.111,7.695,5.836,6.819,9.691,14.145,15.405,12.379,8.248,8.77,3.64,1.321,1.904,35425,9.386,12.929,12.195,12.336,18.193,12.251,5.843,4.46,4.757,1.524,0.494,0.381
12004,Dartmouth--Cole Harbour,7.547,7.357,8.281,8.255,13.494,12.714,10.76,8.085,10.511,4.806,2.098,1.934,7.014,5.792,5.444,5.944,11.903,11.764,11.431,9.764,13.431,7.153,3.139,3.236,40260,8.023,8.756,10.817,10.32,14.903,13.562,10.159,6.582,7.899,2.72,1.167,0.77
12005,Halifax,10.744,8.563,8.841,8.645,13.584,11.124,9.024,6.469,9.587,4.351,2.207,3.187,11.995,7.255,7.441,7.441,12.287,9.811,9.228,7.414,11.294,5.243,2.754,4.713,41300,9.588,9.758,10.133,9.746,14.77,12.324,8.838,5.617,8.027,3.523,1.707,1.804
12006,Halifax West,7.824,7.15,7.651,7.88,11.997,12.623,9.626,7.372,11.977,5.606,2.838,3.158,7.966,5.591,5.089,6.535,10.533,11.093,9.559,7.833,14.191,7.42,4.617,5.34,37990,7.713,8.568,9.95,9.068,13.306,13.991,9.687,6.962,10.016,3.988,1.25,1.211
12007,Kings--Hants,8.766,9.246,8.649,9.995,14.549,13.123,9.82,6.991,8.249,3.048,1.411,1.04,7.762,5.836,6.528,8.032,13.583,12.38,12.289,9.176,11.567,4.558,2.031,1.685,35490,9.707,12.44,10.623,11.834,15.455,13.821,7.509,4.959,5.142,1.634,0.831,0.423
12008,Sackville--Preston--Chezzetcook,8.592,7.383,7.707,6.606,12.212,12.737,10.665,8.369,11.241,5.541,2.137,1.842,8.114,4.904,4.447,5.448,9.94,11.618,11.486,9.807,15.094,7.922,3.357,3.254,35525,9.064,9.754,10.809,7.727,14.398,13.807,9.866,6.995,7.558,3.265,0.985,0.493
12009,South Shore--St. Margarets,8.931,8.651,9.58,11.362,14.882,12.673,9.236,6.55,7.721,2.998,1.451,1.248,7.441,5.22,6.856,9.583,14.232,13.661,11.609,8.869,10.206,4.532,2.182,2.026,40040,10.365,11.951,12.2,13.074,15.497,11.713,6.968,4.308,5.32,1.511,0.737,0.487
12010,Sydney--Victoria,8.156,10.823,10.272,10.757,18.091,12.444,7.671,5.704,6.724,2.379,0.864,0.815,8.849,8.709,7.184,9.69,17.61,12.739,8.936,7.237,8.078,3.101,1.384,1.419,32215,7.543,12.696,13.006,11.703,18.516,12.184,6.55,4.361,5.541,1.738,0.404,0.279
12011,West Nova,8.588,9.444,10.45,12.52,16.631,13.08,8.509,5.311,6.785,2.012,0.949,0.719,7.637,6.244,7.667,10.123,15.933,15.184,10.976,7.233,8.955,2.86,1.512,1.318,36180,9.467,12.396,13.018,14.746,17.275,11.153,6.247,3.552,4.782,1.23,0.428,0.18
13001,Acadie--Bathurst,7.856,9.968,10.909,13.322,18.479,12.152,8.055,4.612,6.216,2.28,1.258,0.75,7.162,7.446,7.729,10.191,18.263,14.831,10.251,5.849,7.595,3.581,2.268,1.343,34455,8.533,12.422,14.004,16.369,18.691,9.549,5.906,3.41,4.876,1.001,0.29,0.16
13002,Beausejour,6.632,7.888,8.143,10.625,17.242,14.941,11.189,6.677,7.707,2.933,1.346,1.248,6.042,5.418,5.25,8.735,17.151,16.268,13.636,8.781,8.157,3.789,1.994,2.024,33640,7.224,10.285,10.984,12.455,17.331,13.644,8.814,4.608,7.268,2.111,0.713,0.49
13003,Fredericton,9.103,7.803,7.922,8.677,13.445,12.04,10.105,8.102,10.546,3.991,2.205,2.123,8.612,5.623,6.056,6.645,11.075,11.385,10.827,10.192,13.677,5.468,3.268,3.625,34615,9.577,9.822,9.678,10.573,15.644,12.668,9.432,6.153,7.641,2.6,1.213,0.722
13004,Fundy Royal,8.375,7.732,8.205,8.98,13.837,12.784,10.436,6.872,8.98,4.254,2.363,1.952,7.073,4.799,5.32,6.915,11.73,13.23,12.472,9.078,11.067,6.647,3.821,3.284,32860,9.647,10.575,11.001,10.971,15.886,12.371,8.475,4.747,6.954,1.963,0.959,0.67
13005,Madawaska--Restigouche,7.235,10.748,9.701,12.576,17.146,15.023,9.111,4.941,6.54,1.79,0.543,0.828,6.864,7.786,7.217,10.198,15.984,18.004,11.689,6.119,8.315,2.726,0.863,1.334,27020,7.587,13.546,12.028,14.841,18.246,12.213,6.68,3.849,4.848,0.888,0.222,0.352
13006,Miramichi--Grand Lake,8.518,8.917,10.592,12.587,18.342,12.996,9.645,5.097,5.316,1.406,0.818,0.788,7.937,5.927,7.158,10.398,17.514,15.176,13.331,7.465,6.378,1.723,1.518,1.518,25745,9.05,11.75,13.867,14.663,19.149,10.915,6.137,2.836,4.312,1.107,0.175,0.117
13007,Moncton--Riverview--Dieppe,7.612,7.9,8.582,9.833,17.358,14.763,9.184,6.415,8.508,3.452,1.652,1.572,7.277,6.288,6.698,7.588,15.925,15.388,10.612,8.026,9.594,4.762,2.36,2.487,39365,7.926,9.348,10.276,11.851,18.646,14.213,7.9,4.966,7.532,2.286,1.016,0.749
13008,New Brunswick Southwest,8.558,8.091,9.043,10.232,15.706,12.164,10.205,7.267,7.844,3.478,1.583,1.336,8.525,5.197,6.001,8.058,13.479,12.787,12.376,9.684,10.021,4.973,2.711,2.449,27885,8.589,10.866,11.96,12.318,17.841,11.583,8.123,4.949,5.756,2.062,0.502,0.269
13009,Saint John--Rothesay,8.257,8.042,9.365,10.717,15.697,11.981,8.74,6.273,8.554,3.634,1.769,2.088,7.875,6.259,7.748,7.511,13.706,11.805,9.903,7.907,10.696,5.625,3.264,3.232,35720,8.581,9.616,10.778,13.564,17.469,12.122,7.699,4.829,6.663,1.862,0.462,1.078
13010,Tobique--Mactaquac,9.381,9.066,9.241,11.861,16.089,13.844,8.691,6.236,6.175,2.166,1.188,1.057,8.79,5.807,7.004,9.434,15.473,15.169,11.542,8.076,7.522,3.323,1.858,1.679,29260,9.962,12.184,11.398,14.183,16.661,12.577,5.964,4.494,4.887,1.059,0.547,0.461
24001,Abitibi--Baie-James--Nunavik--Eeyou,8.378,8.185,9.761,9.305,14.004,12.026,9.545,7.389,8.579,4.034,2.527,1.43,9.053,6.102,8.075,7.723,12.081,10.751,10.414,8.885,11.133,5.704,3.946,2.095,32000,7.688,10.313,11.469,10.922,15.984,13.328,8.656,5.859,5.984,2.344,1.078,0.75
24002,Abitibi--Temiscamingue,7.638,7.278,9.894,10.638,14.124,13.836,10.488,6.882,8.04,3.42,2.07,1.326,6.71,5.384,6.674,8.727,12.787,14.733,11.664,8.393,10.291,5.277,3.57,2.185,41455,8.576,9.191,13.135,12.568,15.475,12.942,9.287,5.343,5.741,1.532,0.555,0.47
24003,Ahuntsic-Cartierville,9.032,8.987,11.329,10.43,14.429,11.599,8.094,5.83,7.369,3.628,1.983,2.269,10.352,8.354,9.713,8.888,14.07,11.316,7.877,6.181,8.028,4.252,2.8,3.323,45985,7.807,9.568,12.841,11.873,14.766,11.852,8.285,5.491,6.763,3.055,1.229,1.283
24004,Alfred-Pellan,8.311,7.156,8.336,8.254,13.57,13.798,10.632,7.461,9.129,3.515,1.96,2.316,9.357,5.548,6.049,6.51,12.731,13.337,10.925,8.316,10.912,4.758,2.992,3.611,40875,7.327,8.648,10.471,9.872,14.349,14.214,10.361,6.667,7.486,2.361,1.003,1.113
24005,Argenteuil--La Petite-Nation,6.918,7.5,11.288,11.416,15.312,13.556,10.087,7.174,7.372,2.67,1.156,0.971,6.329,5.894,9.283,10.459,14.384,13.387,11.699,8.618,9.283,3.644,1.752,1.534,39165,7.519,9.103,13.303,12.371,16.239,13.711,8.477,5.745,5.451,1.698,0.562,0.409
24006,Avignon--La Mitis--Matane--Matapedia,7.397,8.43,12.08,14.39,17.587,14.196,8.6,5.128,5.176,1.696,0.541,0.533,6.733,6.424,9.351,12.75,17.369,15.694,10.506,6.944,6.798,2.407,0.813,0.813,31175,8.051,10.409,14.787,16.022,17.803,12.702,6.72,3.336,3.561,0.994,0.273,0.257
24007,Beauce,6.941,7.028,10.662,11.743,17.201,16.562,11.051,6.325,5.557,1.459,0.634,0.977,6.385,4.648,8.03,9.169,16.36,17.855,14.289,7.996,7.524,2.151,0.92,1.542,42550,7.521,9.448,13.349,14.36,18.061,15.241,7.744,4.618,3.537,0.752,0.353,0.4
24008,Beauport--Limoilou,6.526,7.439,11.681,11.502,17.429,15.534,10.335,6.813,6.699,1.844,0.868,0.619,6.686,6.246,9.369,9.249,16.802,16.082,10.984,8.221,8.635,2.576,1.548,1.121,40910,6.38,8.519,13.799,13.566,18.003,15.021,9.741,5.524,4.913,1.173,0.232,0.147
24009,Becancour--Nicolet--Saurel,7.928,7.998,11.914,11.685,15.646,13.723,9.348,5.731,6.877,2.706,1.184,1.063,6.63,5.184,8.691,9.753,15.845,15.308,11.442,6.758,9.42,4.454,1.997,1.728,39450,9.202,10.798,15.108,13.599,15.437,12.142,7.275,4.715,4.373,0.963,0.38,0.406
24010,Bellechasse--Les Etchemins--Levis,6.167,6.634,9.859,10.174,15.733,16.145,12.286,7.503,7.693,2.307,1.211,1.292,5.945,4.525,7.024,8.896,14.632,16.801,14.125,8.907,9.402,3.292,1.949,2.07,46690,6.383,8.685,12.615,11.426,16.813,15.507,10.495,6.136,6.029,1.349,0.482,0.546
24011,Beloeil--Chambly,6.646,6.405,8.058,7.582,12.748,12.472,12.024,9.057,10.997,4.775,2.652,2.416,6.297,4.323,5.62,5.853,11.52,11.263,11.964,10.282,14.231,6.66,4.031,4.089,44325,6.983,8.415,10.423,9.272,13.931,13.638,12.07,7.862,7.874,2.944,1.331,0.812
24012,Berthier--Maskinonge,7.152,8.293,11.189,12.28,16.165,14.671,10.189,6.03,6.024,1.97,0.774,0.64,6.966,5.805,7.776,11.053,14.742,16.677,12.372,7.728,8.26,2.987,1.439,1.076,40655,7.342,10.835,14.66,13.516,17.624,12.618,7.969,4.305,3.763,0.935,0.086,0.209
24013,Therese-De Blainville,7.928,6.467,8.25,7.677,11.956,11.763,10.521,8.218,10.412,4.916,2.793,3.855,7.904,4.321,6.508,5.849,10.262,10.815,10.855,8.892,12.699,7.021,4.097,6.073,39750,7.962,8.528,9.912,9.409,13.56,12.654,10.214,7.585,8.239,2.893,1.547,1.723
24014,Pierre-Boucher--Les Patriotes--Vercheres,6.582,6.007,7.525,6.55,11.601,11.762,11.368,8.939,11.71,6.143,3.591,3.875,6.332,3.943,5.535,4.909,9.909,10.64,11.279,10.183,14.178,8.681,5.209,5.705,39115,6.839,8.04,9.485,8.155,13.269,12.86,11.466,7.708,9.306,3.656,1.994,2.084
24015,Bourassa,9.726,10.266,12.902,13.077,16.736,13.416,7.267,4.65,3.922,1.362,0.54,0.37,10.866,8.725,10.65,11.108,16.305,14.77,7.984,5.628,4.82,1.952,0.821,0.633,42545,8.732,11.588,14.867,14.796,17.1,12.234,6.64,3.784,3.138,0.846,0.294,0.129
24016,Brome--Missisquoi,6.718,7.74,10.767,11.248,16.926,14.263,10.141,6.141,6.663,2.584,1.356,2.018,6.41,5.564,8.371,9.744,15.725,14.634,11.742,7.893,8.481,3.714,2.047,3.211,41445,7.021,9.881,13.138,12.728,18.108,13.886,8.578,4.428,4.886,1.472,0.676,0.844
24017,Brossard--Saint-Lambert,8.968,6.719,9.188,7.641,12.253,11.456,9.611,7.296,9.522,4.88,3.214,4.63,9.045,5.38,7.569,6.493,10.947,10.584,9.471,7.819,10.422,6.118,4.667,7.294,44055,8.909,7.956,10.657,8.682,13.438,12.246,9.726,6.81,8.705,3.757,1.895,2.224
24018,Rimouski-Neigette--Temiscouata--Les Basques,6.892,7.542,10.977,12.213,17.083,14.419,10.32,6.321,6.742,2.071,0.921,0.878,6.428,5.859,8.556,11.602,16.266,15.45,11.354,7.652,8.045,3.075,1.501,1.428,35705,7.338,9.144,13.317,12.827,17.869,13.429,9.34,5.027,5.489,1.106,0.35,0.364
24019,Charlesbourg--Haute-Saint-Charles,5.965,6.439,8.287,8.62,14.655,16.386,13.24,8.17,9.462,3.152,1.222,1.099,5.8,4.283,6.649,6.6,12.655,16.028,13.759,9.973,12.812,4.72,1.978,1.893,44285,6.131,8.445,9.811,10.5,16.507,16.721,12.77,6.492,6.345,1.694,0.519,0.373
24020,Beauport--Cote-de-Beaupre--ile d'Orleans--Charlevoix,6.338,6.765,9.261,10.332,15.527,15.225,11.921,7.56,8.591,2.483,1.465,1.235,6.039,4.863,6.806,8.682,14.339,16.427,12.634,9.132,10.916,3.713,2.326,2.075,38290,6.647,8.658,11.687,11.961,16.715,14.038,11.217,5.994,6.307,1.254,0.614,0.392
24021,Chateauguay--Lacolle,7.824,6.385,9.377,9.578,14.524,14.477,11.432,7.925,8.621,2.751,1.198,0.877,8.193,4.545,6.777,7.485,13.459,14.344,12.221,9.581,11.84,4.096,1.783,1.388,37965,7.494,8.165,11.879,11.616,15.554,14.606,10.668,6.335,5.505,1.449,0.645,0.395
24022,Chicoutimi--Le Fjord,8.089,7.855,10.951,10.929,13.761,13.579,9.323,6.848,7.746,3.088,2.022,1.752,7.062,5.534,7.092,7.522,12.418,15.045,11.454,9.258,10.504,5.163,3.412,3.027,34795,9.111,10.088,14.672,14.212,15.074,12.157,7.257,4.512,5.058,1.078,0.675,0.517
24023,Compton--Stanstead,6.83,7.051,9.334,10.034,15.766,15.465,11.721,6.978,7.475,2.688,1.062,1.252,6.912,5.092,6.826,9.525,14.239,15.643,12.932,8.45,9.366,3.737,1.612,2.027,40535,6.747,9.029,11.854,10.559,17.306,15.283,10.485,5.477,5.575,1.628,0.506,0.469
24024,Dorval--Lachine--LaSalle,9.336,8.571,10.164,10.541,15.492,13.14,9.182,5.807,6.641,2.667,1.348,1.587,10.555,7.337,8.549,8.91,14.781,13.172,8.994,6.328,8.129,3.674,1.957,2.426,45925,8.231,9.679,11.628,12.009,16.135,13.119,9.341,5.335,5.291,1.764,0.795,0.827
24025,Drummond,7.238,8.459,11.14,11.801,16.357,15.243,10.372,6.193,5.784,1.699,0.705,0.787,7.111,6.213,8.288,9.465,15.412,16.703,12.185,8.63,7.807,2.619,1.05,1.189,39935,7.362,10.68,13.948,14.11,17.291,13.797,8.576,3.794,3.781,0.789,0.363,0.388
24026,Gaspesie--Les iles-de-la-Madeleine,6.535,7.823,13.278,13.626,18.711,14.529,8.941,4.885,5.203,1.458,0.577,0.555,5.968,6.119,10.527,12.466,19.025,16.783,10.239,5.498,6.695,1.909,0.894,0.742,34545,7.078,9.451,15.907,14.734,18.411,12.375,7.7,4.313,3.792,1.028,0.275,0.391
24027,Gatineau,7.246,6.296,8.626,8.145,11.923,11.86,11.482,10.039,11.413,4.533,2.043,1.471,7.154,5.064,6.987,6.915,10.391,12.708,12.313,9.674,13.137,5.78,3.022,2.305,45490,7.331,7.43,10.123,9.277,13.322,11.068,10.706,10.376,9.826,3.396,1.154,0.703
24028,Hochelaga,8.333,9.437,12.602,10.962,15.727,13.216,9.67,5.982,5.92,2.117,1.036,0.99,8.818,9.398,10.837,9.375,14.886,13.714,10.164,6.811,7.147,2.448,1.288,1.381,44750,7.866,9.475,14.313,12.492,16.536,12.749,9.196,5.173,4.726,1.799,0.804,0.615
24029,Honore-Mercier,8.256,7.095,10.737,10.725,15.298,13.633,10.009,6.603,7.012,2.618,1.41,1.202,9.272,5.418,8.395,8.598,14.933,14.144,10.862,7.504,8.09,3.422,2.264,1.895,45115,7.359,8.556,12.79,12.568,15.616,13.189,9.265,5.818,6.073,1.917,0.665,0.598
24030,Hull--Aylmer,7.767,7.029,8.658,8.411,11.096,10.411,9.461,9.52,11.397,6.203,3.293,2.32,8.781,6.219,7.328,7.266,11.01,9.938,9.2,9.52,11.761,7.217,4.335,3.498,44125,6.822,7.773,9.881,9.473,11.161,10.833,9.7,9.507,11.059,5.258,2.334,1.235
24031,Joliette,6.364,8.539,11.655,12.877,16.357,14.295,9.457,5.5,6.757,2.276,0.834,0.965,6.278,6.52,8.653,10.726,16.047,15.453,11.017,7.066,9.126,3.49,1.357,1.466,42655,6.459,10.503,14.559,14.957,16.645,13.175,7.947,3.985,4.466,1.102,0.34,0.492
24032,Jonquiere,7.502,8.087,9.52,9.988,13.873,13.701,9.926,7.116,7.274,4.615,1.729,1.185,6.049,5.154,6.477,6.945,12.209,14.979,12.264,9.37,9.797,7.992,3.114,1.998,36300,8.953,11.006,12.562,13.03,15.523,12.424,7.576,4.848,4.752,1.24,0.358,0.372
24033,La Pointe-de-l'ile,7.467,8.45,9.687,9.525,15.632,14.592,10.623,6.974,7.508,2.859,1.325,0.814,7.909,7.311,7.897,7.043,14.683,15.135,11.095,8.41,9.484,3.967,1.758,1.355,45070,7.067,9.474,11.305,11.782,16.508,14.089,10.195,5.68,5.724,1.842,0.921,0.322
24034,La Prairie,7.231,6.126,7.161,7.117,10.887,12.321,11.405,9.214,12.384,5.494,2.829,2.697,6.882,4.259,5.436,5.232,9.197,11.333,10.68,10.22,15.388,7.815,4.144,4.208,40080,7.572,7.934,8.845,8.97,12.525,13.286,12.101,8.234,9.444,3.244,1.547,1.21
24035,Lac-Saint-Jean,7.714,7.9,11.012,11.389,15.475,14.524,9.853,6.793,6.816,2.747,1.003,0.69,6.28,5.07,7.894,9.069,14.416,16.617,12.077,9.046,9.403,4.54,1.717,1.106,42875,9.166,10.752,14.169,13.726,16.548,12.408,7.603,4.513,4.198,0.933,0.28,0.28
24036,Lac-Saint-Louis,10.404,6.705,8.316,7.37,10.599,10.111,8.574,6.55,9.417,5.334,3.969,6.739,9.908,5.42,6.96,6.196,8.941,8.989,7.652,6.542,10.589,6.721,5.825,10.971,45300,10.85,7.892,9.57,8.455,12.13,11.148,9.415,6.545,8.322,4.051,2.252,2.837
24037,LaSalle--emard--Verdun,8.82,9.259,11.171,11.278,15.446,13.033,9.478,5.934,6.834,2.469,1.041,0.821,10.102,8.231,9.19,9.64,15.017,13.359,9.853,6.229,8.456,3.198,1.386,1.113,46670,7.671,10.189,12.963,12.771,15.835,12.728,9.149,5.657,5.367,1.811,0.729,0.557
24038,Laurentides--Labelle,7.114,7.918,10.404,12.905,16.967,13.778,9.594,5.913,6.188,2.433,1.232,1.629,6.719,6.314,7.541,12.468,16.564,14.26,11.049,6.922,7.583,3.53,1.834,2.4,47650,7.492,9.496,13.211,13.347,17.366,13.305,8.164,4.911,4.806,1.354,0.63,0.871
24039,Laurier--Sainte-Marie,10.701,8.558,11.334,10.217,13.749,10.696,9.446,6.372,7.802,3.579,2.026,2.457,11.564,8.569,10.407,9.34,13.026,10.526,9.439,6.375,8.282,4.368,2.451,3.291,43420,9.708,8.544,12.414,11.239,14.602,10.882,9.454,6.368,7.255,2.66,1.532,1.485
24040,Laval--Les iles,8.163,7.06,10.205,9.48,13.388,12.894,9.693,7.084,8.651,4.036,2.042,2.201,8.15,5.383,7.599,8.563,13.332,12.156,9.539,8.475,10.24,5.696,3.03,3.418,42075,8.176,8.651,12.668,10.362,13.44,13.583,9.84,5.764,7.142,2.472,1.117,1.046
24041,Longueuil--Charles-LeMoyne,8.477,8.681,10.379,10.832,15.47,14.853,10.102,6.631,5.917,2.316,0.872,0.663,9.007,6.735,8.462,8.682,14.339,16.066,10.653,8.102,8.195,3.083,1.287,1.078,45165,7.971,10.55,12.211,12.886,16.55,13.694,9.587,5.225,3.731,1.583,0.476,0.255
24042,Levis--Lotbiniere,6.272,6.441,7.717,8.068,12.549,15.503,13.111,9.214,10.32,3.68,1.977,1.667,6.222,4.827,5.513,6.281,11.247,14.445,13.864,10.805,13.329,5.164,2.977,2.71,42470,6.322,8.065,9.948,9.878,13.88,16.576,12.35,7.605,7.287,2.166,0.977,0.6
24043,Longueuil--Saint-Hubert,7.239,7.198,10.075,8.809,14.333,13.211,10.346,7.302,8.735,4.034,2.083,2.152,7.592,6.206,7.207,6.712,13.196,13.654,10.834,8.062,10.653,5.278,3.133,3.507,45405,6.905,8.116,12.686,10.737,15.384,12.796,9.889,6.596,6.971,2.896,1.112,0.903
24044,Louis-Hebert,7.035,7.406,9.077,8.413,11.484,11.545,10.758,8.267,10.477,5.303,3.003,4.111,6.81,6.298,7.203,7.346,9.87,10.585,10.585,8.346,12.287,7.037,4.227,6.37,46915,7.236,8.398,10.753,9.368,12.938,12.405,10.903,8.196,8.846,3.741,1.918,2.089
24045,Louis-Saint-Laurent,6.628,5.676,7.8,7.67,12.655,15,13.454,9.732,10.916,3.875,1.728,1.479,6.63,3.866,5.109,5.91,10.368,14.408,13.677,11.68,14.943,5.619,2.67,2.485,45195,6.638,7.412,10.377,9.348,14.836,15.566,13.243,7.877,7.069,2.202,0.841,0.531
24046,Manicouagan,7.515,7.671,8.947,9.945,13.385,12.362,9.297,6.187,9.453,5.805,3.33,1.535,7.433,5.873,6.103,6.947,10.939,11.668,9.89,7.715,12.513,9.161,5.975,2.61,38095,7.599,9.529,11.865,13.007,15.894,13.073,8.689,4.62,6.3,2.363,0.63,0.433
24047,Megantic--L'erable,6.629,8.418,11.044,13.471,18.674,15.802,10.393,5.121,4.703,1.028,0.473,0.59,6.431,5.735,8.411,11.06,18.829,17.695,13.162,6.95,5.762,1.529,0.71,0.956,36315,6.829,11.125,13.713,15.903,18.519,13.879,7.6,3.277,3.635,0.509,0.248,0.234
24048,Mirabel,7.872,6.094,7.766,8.296,13.78,14.765,11.771,8.889,9.55,3.3,1.453,1.223,7.535,4.028,5.49,6.444,10.881,14.153,13.583,11.042,13.186,4.883,2.355,2.132,39805,8.228,8.19,10.062,10.175,16.706,15.4,9.936,6.708,5.866,1.708,0.553,0.289
24049,Montarville,7.075,6.399,7.049,6.638,10.447,10.765,10.686,9.294,12.839,6.492,3.597,4.087,6.917,4.147,5.539,5.061,8.349,9.918,10,9.754,14.87,9.263,5.239,6.835,38820,7.226,8.514,8.488,8.127,12.429,11.579,11.334,8.861,10.909,3.877,2.048,1.494
24050,Montcalm,7.168,7.546,9.33,9.765,14.771,14.96,11.581,7.685,7.773,2.421,1.021,0.681,6.97,5.125,6.92,7.456,13.329,15.536,13.566,9.589,11.222,3.392,1.671,1.072,39205,7.372,10.037,11.797,12.129,16.248,14.36,9.565,5.726,4.247,1.428,0.357,0.281
24051,Montmagny--L'Islet--Kamouraska--Riviere-du-Loup,6.568,7.897,10.971,12.872,17.143,16.271,10.45,5.965,5.294,1.587,0.59,0.872,5.797,5.216,7.527,10.823,16.848,18.401,13.223,7.931,6.807,2.349,0.96,1.414,40120,7.316,10.531,14.369,14.893,17.423,14.158,7.727,4.013,3.814,0.823,0.224,0.336
24052,Mount Royal,11.019,8.332,10.888,9.896,13.879,10.268,6.558,4.566,6.055,3.344,2.655,6.421,12.856,7.195,9.72,8.526,12.911,9.843,5.743,4.48,5.946,3.584,3.598,9.693,43760,9.472,9.289,11.86,11.049,14.694,10.626,7.244,4.639,6.147,3.131,1.885,3.656
24053,Notre-Dame-de-Grace--Westmount,11.847,8.214,9.723,8.554,11.616,9.982,7.052,5.129,7.967,4.208,3.011,7.213,12.878,6.106,9.054,7.574,11.262,9.843,6.747,4.552,8.227,4.564,3.651,10.324,46330,10.954,10.047,10.306,9.411,11.925,10.101,7.317,5.623,7.738,3.896,2.45,4.49
24054,Outremont,12.797,8.93,11.823,9.351,12.857,9.616,7.228,4.877,6.795,3.596,2.423,4.234,15.411,8.588,10.841,8.262,11.955,9.064,6.447,4.682,6.81,4.031,3.217,5.571,43205,10.381,9.247,12.73,10.346,13.702,10.138,7.95,5.069,6.782,3.194,1.69,3.009
24055,Papineau,9.695,10.929,13.507,13.105,16.262,11.789,7.712,4.523,4.815,1.498,0.771,0.496,10.606,10.173,11.773,11.75,16.504,12.55,7.63,5.076,5.609,1.733,1.055,0.7,45750,8.798,11.683,15.224,14.437,16.033,11.027,7.792,3.967,4.033,1.268,0.503,0.295
24056,Pierrefonds--Dollard,10.25,6.754,9.486,8.762,13.282,11.37,9.102,6.839,8.14,3.858,2.613,3.321,10.243,5.274,7.553,7.095,12.299,10.866,9.162,7.694,8.986,5.497,3.818,5.58,45825,10.245,8.14,11.293,10.3,14.184,11.839,9.034,6.045,7.343,2.335,1.506,1.222
24057,Pontiac,7.193,6.943,8.45,8.165,11.558,11.249,10.184,9.032,11.581,5.721,2.921,2.217,7.575,5.197,7.181,7.193,11.381,11.647,11.079,9.374,11.659,6.404,3.782,3.028,42815,6.808,8.689,9.728,9.144,11.737,10.849,9.284,8.689,11.515,5.045,2.055,1.413
24058,Portneuf--Jacques-Cartier,6.705,6.405,7.605,8.548,13.842,14.058,11.273,8.662,10.871,4.49,2.077,2.065,5.467,4.39,5.408,6.804,12.188,13.679,12.354,10.661,14.129,6.177,3.088,3.242,41035,7.993,8.481,9.857,10.345,15.56,14.439,10.174,6.604,7.506,2.754,1.036,0.853
24059,Quebec,6.158,7.428,11.22,10.974,15.515,14.934,10.68,6.901,7.655,3.061,1.336,1.635,6.555,6.778,9.448,9.174,13.88,15.68,11.086,7.908,9.51,4.06,1.676,2.396,43195,5.776,8.022,12.872,12.675,17.027,14.238,10.279,5.973,5.915,2.141,1.03,0.938
24060,Repentigny,7.151,6.465,8.494,8.331,12.8,13.181,11.387,8.717,10.81,3.899,1.827,1.637,7.114,4.342,6.014,6.553,10.716,12.713,11.524,10.099,14.643,6.037,2.917,2.783,47395,7.184,8.461,10.824,10.001,14.759,13.62,11.256,7.416,7.205,1.878,0.791,0.549
24061,Richmond--Arthabaska,6.741,8.179,11.192,11.938,17.874,15.07,10.011,5.799,6.24,1.951,0.68,0.883,6.785,5.889,8.015,9.603,17.033,16.567,11.992,7.645,8.361,2.926,1.087,1.445,41950,6.71,10.477,14.374,14.267,18.701,13.576,8.033,3.945,4.112,0.965,0.274,0.334
24062,Riviere-des-Mille-iles,7.746,6.9,8.694,8.538,13.135,12.438,10.926,7.764,10.002,3.906,2.184,2.436,6.911,5.181,6.269,6.998,11.387,11.907,11.202,8.976,13.254,5.65,3.524,3.919,42890,8.533,8.522,10.97,10.002,14.794,12.952,10.667,6.633,6.925,2.262,0.909,1.049
24063,Riviere-du-Nord,6.965,8.407,10.421,10.981,16.027,13.781,10.26,6.822,7.722,2.645,1.114,0.834,6.731,6.113,7.762,9.327,14.773,13.863,12.056,8.575,10.406,3.954,1.722,1.419,42695,7.179,10.61,12.987,12.578,17.227,13.69,8.537,5.118,5.141,1.382,0.515,0.281
24064,Rosemont--La Petite-Patrie,8.454,8.531,10.569,11.124,14.398,13.283,10.058,6.74,7.487,3.263,1.571,1.088,9.882,7.914,9.143,10.018,13.464,13.577,9.791,7.107,8.222,4.025,2.058,1.637,47050,7.109,9.097,11.892,12.147,15.282,13.007,10.319,6.387,6.801,2.54,1.105,0.563
24065,Marc-Aurele-Fortin,7.785,6.302,8.676,7.616,11.727,12.468,11.519,8.709,10.758,4.637,2.328,2.192,8.177,4.082,6.633,5.948,10.835,12.272,11.037,9.546,12.769,6.7,3.759,3.491,39640,7.429,8.388,10.608,9.17,12.563,12.639,11.97,7.909,8.867,2.712,0.984,0.984
24066,Saint-Hyacinthe--Bagot,5.829,6.905,10.156,11.133,17.185,17.117,10.966,6.423,6.386,1.873,0.878,0.927,6.131,4.955,7.733,9.247,15.428,17.83,12.975,8.046,8.383,2.815,1.401,1.476,40925,5.535,8.821,12.523,12.975,18.913,16.432,9.004,4.838,4.435,0.953,0.367,0.403
24067,Saint-Jean,6.732,7.319,9.312,10.28,14.404,13.84,11.203,7.615,8.811,3.406,1.395,1.276,6.703,5.684,6.518,8.439,12.549,13.522,12.758,9.505,11.577,4.943,2.13,1.945,44595,6.761,8.891,12.019,12.075,16.19,14.15,9.698,5.785,6.144,1.917,0.673,0.628
24068,Saint-Laurent,10.531,8.422,11.674,10.207,13.512,11.329,7.226,5.786,6.584,3.136,1.987,2.893,11.517,7.457,10.093,9.304,12.095,11.404,7.372,6.259,7.161,4.074,2.636,4.314,38500,9.623,9.325,13.117,11.039,14.805,11.26,7.091,5.364,6.039,2.273,1.403,1.571
24069,Saint-Leonard--Saint-Michel,9.659,9.477,12.479,13.337,17.47,13.007,7.425,4.258,4.031,1.404,0.694,0.631,11.096,7.636,10.019,11.834,17.219,14.073,8.047,4.985,5.022,2.021,1.029,0.992,46630,8.374,11.109,14.658,14.669,17.692,12.052,6.884,3.624,3.152,0.858,0.386,0.3
24070,Saint-Maurice--Champlain,7.184,8.738,11.813,12.598,15.695,13.892,9.35,6.053,6.042,2.328,0.834,0.682,6.541,6.411,8.725,9.834,15.321,15.31,11.366,7.53,8.421,4.086,1.369,1.152,46345,7.811,11.037,14.888,15.341,16.054,12.482,7.358,4.585,3.679,0.593,0.291,0.216
24071,Salaberry--Suroit,7.99,7.06,10.075,11.534,15.648,14.307,10.002,6.863,7.449,2.519,1.149,0.845,7.544,4.614,7.602,9.101,14.734,15.535,11.574,8.517,10.292,3.984,1.912,1.236,45060,8.433,9.432,12.461,13.904,16.534,13.116,8.478,5.26,4.694,1.11,0.411,0.466
24072,Shefford,7.075,7.264,9.931,10.81,16.793,15.609,10.718,6.701,7.052,2.149,1.023,1.098,7.527,5.219,7.678,8.641,15.031,16.504,12.132,8.444,9.151,3.236,1.496,1.902,43895,6.618,9.272,12.154,12.94,18.533,14.728,9.318,4.978,5.001,1.082,0.558,0.308
24073,Sherbrooke,7.744,8.778,12.326,11.879,16.506,12.857,9.465,5.956,6.007,2.201,1.095,1.168,8.483,7.744,10.137,10.184,15.523,12.284,10.736,7.403,7.075,2.992,1.701,1.701,46870,7.083,9.729,14.306,13.42,17.399,13.377,8.321,4.63,5.035,1.483,0.544,0.683
24074,Vaudreuil--Soulanges,7.76,6.259,7.047,7.539,11.997,12.926,11.465,8.429,11.25,4.718,2.9,3.013,7.337,4.55,5.333,5.978,10.24,12.463,11.023,9.33,13.626,6.922,4.469,4.665,44860,8.17,7.914,8.705,9.062,13.698,13.375,11.893,7.568,8.939,2.586,1.371,1.404
24075,Terrebonne,7.2,6.371,7.94,8.49,13.369,13.943,11.054,8.585,10.231,4.014,1.77,1.492,6.947,4.199,5.519,6.419,11.518,13.161,11.59,10.198,14.313,5.915,2.807,2.448,42770,7.447,8.487,10.299,10.51,15.162,14.718,10.533,7.014,6.254,2.174,0.748,0.561
24076,Trois-Rivieres,7,8.824,12.143,12.335,15.786,13.091,9.186,5.85,6.639,2.695,1.419,1.375,6.566,7.141,9.016,9.717,15.49,13.891,10.281,7.222,8.774,4.243,2.334,2.369,47800,7.395,10.356,14.99,14.707,16.067,12.354,8.19,4.613,4.697,1.297,0.596,0.46
24077,Ville-Marie--Le Sud-Ouest--ile-des-Soeurs,16.02,9.192,9.794,8.367,10.479,8.919,6.577,5.697,7.297,3.974,2.843,5.669,17.577,8.317,9.195,7.472,9.359,8.032,6.364,5.673,7.823,4.937,3.39,7.911,44125,14.425,10.085,10.414,9.269,11.649,9.836,6.799,5.722,6.754,2.969,2.266,3.354
24078,Vimy,8.029,7.58,11.335,10.792,15.958,13.393,9.737,6.402,6.81,2.379,1.259,1.084,8.59,6.012,9.262,8.675,15.469,13.331,10.899,7.661,8.492,3.165,1.76,1.796,44840,7.527,9.01,13.214,12.723,16.392,13.437,8.686,5.252,5.274,1.661,0.803,0.435
35001,Ajax,10.896,7.031,7.32,6.413,9.336,9.873,9.556,8.256,11.428,6.996,3.258,2.906,11.261,5.588,5.794,4.776,8.315,9.624,9.055,8.036,13.139,8.921,4.412,4.715,45290,10.554,8.346,8.711,7.905,10.278,10.091,10.002,8.457,9.859,5.244,2.208,1.27
35002,Algoma--Manitoulin--Kapuskasing,8.588,7.717,9.876,9.831,15.509,13.024,9.489,6.624,7.42,4.331,1.868,1.154,8.492,4.816,7.622,6.587,13.953,14.224,11.388,8.252,10.398,5.566,2.776,2.011,33860,8.698,10.558,12.094,13.009,17.041,11.828,7.62,5.021,4.504,3.116,0.989,0.295
35003,Aurora--Oak Ridges--Richmond Hill,12.475,6.802,7.094,6.535,9.736,8.035,7.118,7.039,10.191,7.592,4.106,6.237,12.466,5.309,5.546,4.759,8.968,7.544,6.395,6.62,11.317,8.856,5.771,9.805,42300,12.506,8.215,8.558,8.203,10.461,8.499,7.801,7.447,9.125,6.407,2.53,2.861
35004,Barrie--Innisfil,9.674,6.967,8.053,6.898,11.53,11.157,9.416,7.119,10.993,6.506,3.521,2.392,8.435,4.758,5.619,5.131,9.657,10.132,9.387,8.615,14.594,8.731,5.529,3.986,40345,10.856,9.097,10.385,8.588,13.335,12.158,9.444,5.664,7.535,4.35,1.586,0.868
35005,Barrie--Springwater--Oro-Medonte,9.432,7.118,8.262,8.536,14.695,10.757,9.575,6.968,8.984,5.394,2.725,2.719,9.499,5.481,6.534,6.29,12.221,10.27,10.026,8.562,11.746,6.855,3.838,4.519,41415,9.369,8.656,9.888,10.648,17.023,11.204,9.139,5.469,6.387,4.02,1.666,1.038
35006,Bay of Quinte,8.736,6.985,9.552,8.918,17.016,12.713,9.568,6.886,8.202,3.933,1.735,1.465,7.571,5.341,7.742,6.747,14.639,13.003,10.647,8.566,11.402,5.547,2.71,2.242,47050,9.819,8.512,11.233,10.935,19.214,12.434,8.555,5.335,5.239,2.423,0.818,0.744
35007,Beaches--East York,10.892,6.38,7.785,8.031,11.68,9.127,7.882,6.905,9.95,6.58,3.924,5.712,10.905,5.771,6.962,7.082,10.773,8.994,7.334,7.298,10.28,7.286,4.785,7.924,45960,10.89,6.93,8.54,8.877,12.5,9.247,8.377,6.549,9.661,5.929,3.144,3.71
35008,Brampton Centre,10.919,6.714,8.224,8.32,13.771,12.255,10.45,7.412,8.441,3.844,1.402,0.945,10.575,4.774,5.764,6.407,13.024,12.591,11.342,8.856,11.367,5.294,1.929,1.348,42685,11.233,8.551,10.554,10.132,14.478,11.936,9.617,6.044,5.658,2.472,0.902,0.539
35009,Brampton East,13.053,7.16,8.975,9.403,12.283,10.87,8.821,5.934,7.334,3.771,1.808,1.701,12.6,5.457,7.443,8.532,12.206,10.41,9.144,6.858,9.593,4.681,2.789,2.667,37910,13.492,8.81,10.459,10.261,12.345,11.316,8.494,5.051,5.157,2.888,0.857,0.778
35010,Brampton North,11.552,7.019,8.13,7.45,12.368,10.974,9.552,7.575,8.849,4.77,2.232,1.711,11.937,5.641,6.389,6.527,11.972,9.888,9.98,8.173,10.878,6.251,3.028,2.486,44815,11.19,8.345,9.818,8.357,12.752,12.027,9.149,7.007,6.895,3.314,1.462,0.948
35011,Brampton South,11.791,7.203,8.507,9.083,13.965,11.832,9.394,6.815,7.785,3.384,1.692,1.451,11.908,5.524,6.929,7.462,13.277,11.605,9.836,8.128,9.945,4.252,2.29,2.108,43835,11.68,8.772,9.992,10.608,14.612,12.034,8.988,5.566,5.749,2.578,1.129,0.821
35012,Brampton West,11.19,6.638,7.977,7.403,11.21,10.174,11.091,9.039,9.864,4.638,2.045,1.01,10.203,4.992,6.72,5.705,10.628,9.956,11.039,9.833,13.193,6.185,3.332,1.413,39315,12.12,8.165,9.144,8.991,11.751,10.378,11.154,8.317,6.779,3.205,0.852,0.636
35013,Brantford--Brant,9.337,6.81,8.47,8.517,15.548,12.606,10.422,6.989,7.993,4.626,1.731,1.66,8.984,5.192,5.871,6.246,13.733,12.068,11.782,8.551,11.024,6.305,2.611,2.719,55270,9.671,8.305,10.856,10.602,17.206,13.099,9.182,5.555,5.202,3.085,0.923,0.688
35014,Bruce--Grey--Owen Sound,8.431,7.266,8.922,9.983,16.365,12.621,10.6,6.815,7.586,3.745,1.712,1.941,8.752,4.974,6.358,8.02,14.668,13.668,11.564,8.682,9.379,4.73,2.534,3.173,44575,8.121,9.49,11.397,11.89,18.003,11.61,9.669,5.003,5.855,2.793,0.92,0.752
35015,Burlington,8.37,5.939,7.08,6.907,12.554,11.408,9.476,7.875,10.657,7.05,3.859,5.064,8.008,4.368,5.107,4.493,10.338,11.056,9.288,8.102,12.865,9.454,5.595,8.258,53130,8.696,7.369,8.874,9.081,14.559,11.717,9.656,7.67,8.658,4.875,2.296,2.174
35016,Cambridge,8.761,6.706,8.488,7.784,14.29,12.603,11.129,7.723,8.588,4.953,1.932,1.977,8.644,4.997,6.334,5.408,11.514,12.12,11.823,9.73,11.491,6.906,2.961,3.19,45810,8.874,8.339,10.533,10.063,16.929,13.065,10.467,5.796,5.818,3.078,0.939,0.808
35017,Chatham-Kent--Leamington,9.168,7.672,9.55,9.657,16.39,13.13,9.702,6.661,7.481,3.783,1.445,1.197,8.766,5.611,7.183,7.218,14.552,13.364,11.967,9.057,9.756,4.75,2.2,1.979,46005,9.542,9.608,11.76,11.933,18.107,12.901,7.586,4.423,5.369,2.891,0.739,0.478
35018,Davenport,10.555,7.662,9.719,10.092,15.974,10.702,8.707,6.153,8.272,3.774,1.593,1.656,10.512,5.987,8.82,8.428,14.692,11.756,9.119,7.104,10.558,4.491,1.911,2.28,45070,10.595,9.274,10.572,11.693,17.207,9.696,8.298,5.236,6.068,3.084,1.287,1.054
35019,Don Valley East,11.161,6.655,8.029,10.288,13.538,10.347,9.045,6.85,7.488,4.597,2.598,2.546,11.411,5.282,6.525,9.363,12.964,10.662,9.377,7.315,8.318,5.381,3.644,3.488,41380,10.959,7.83,9.304,11.068,14.029,10.077,8.772,6.464,6.767,3.939,1.692,1.752
35020,Don Valley North,14.198,7.042,8.749,9.28,12.005,9.64,8.224,5.837,7.75,4.843,2.467,3.073,14.492,6.039,7.264,8.245,11.087,10.082,8.355,6.039,8.404,5.917,3.234,4.447,46735,13.94,7.917,10.035,10.185,12.817,9.254,8.11,5.66,7.168,3.905,1.797,1.872
35021,Don Valley West,10.891,5.779,6.709,7.002,9.792,7.489,6.522,6.216,9.337,6.041,4.562,13.768,10.606,4.456,5.39,5.816,8.805,7.097,6.097,6.31,8.991,6.083,5.336,19.53,42645,11.15,6.953,7.867,8.043,10.669,7.844,6.882,6.132,9.638,6.003,3.881,8.711
35022,Dufferin--Caledon,9.617,6.46,7.419,7.343,11.469,9.866,9.216,7.516,10.727,7.419,3.39,4.218,8.982,4.65,5.208,5.503,9.978,8.917,8.873,8.621,13.753,8.895,5.088,6.193,46630,10.24,8.235,9.597,9.146,12.932,10.798,9.554,6.423,7.763,5.962,1.726,2.273
35023,Durham,9.242,6.922,6.797,6.622,10.451,10.064,10.102,8.18,11.529,7.336,3.818,3.295,8.713,4.761,4.761,4.905,8.968,8.979,9.234,9.433,14.139,9.787,5.636,5.713,46650,9.753,9.014,8.757,8.285,11.886,11.115,10.954,6.967,9.003,4.962,2.069,0.954
35024,Eglinton--Lawrence,10.185,5.974,6.971,8.273,12.113,9.21,7.852,6.046,7.78,5.115,3.857,10.473,11.016,5.133,5.072,6.693,10.758,8.081,7.712,5.993,8.007,5.6,4.323,15.51,49515,9.492,6.655,8.523,9.573,13.238,10.128,7.957,6.079,7.594,4.716,3.474,6.331
35025,Elgin--Middlesex--London,9.387,6.971,8.576,8.565,14.815,11.822,9.827,6.736,9.022,5.531,2.188,1.674,9.312,4.895,6.005,6.017,13.261,12.022,10.655,8.471,12.034,7.127,3.447,2.851,44720,9.448,8.956,11.024,11.002,16.301,11.606,9.045,5.076,6.149,4.014,0.973,0.548
35026,Essex,9.237,6.414,7.386,6.623,11.688,10.988,10.371,8.045,11.411,6.649,2.791,2.797,8.671,4.855,4.918,4.632,9.074,10.621,11.607,8.798,14.851,8.565,4.272,4.675,48480,9.798,7.921,9.788,8.56,14.233,11.345,9.158,7.323,8.075,4.775,1.351,0.969
35027,Etobicoke Centre,9.84,6.101,7.577,8.099,12.797,10.55,8.933,6.665,9.893,5.981,3.301,5.178,10.794,5.191,6.303,6.514,11.283,9.827,8.971,7.148,10.794,6.659,4.335,7.67,50905,9.007,6.905,8.712,9.498,14.134,11.188,8.899,6.237,9.086,5.373,2.387,2.966
35028,Etobicoke--Lakeshore,8.963,5.603,7.283,8.381,12.167,9.51,9.156,7.405,10.765,6.489,3.867,6.18,9.566,4.608,5.72,7.172,10.424,9.364,9.799,8.04,11.017,7.119,4.989,8.496,51590,8.412,6.513,8.713,9.488,13.762,9.653,8.568,6.833,10.535,5.912,2.84,4.061
35029,Etobicoke North,12.64,7.576,9.516,10.743,15.763,12.121,8.7,5.393,5.593,2.561,0.881,0.594,13.444,5.692,8.224,8.55,15.131,12.307,9.484,6.851,7.751,3.555,1.057,0.765,48085,11.875,9.327,10.71,12.759,16.356,11.948,7.975,4.045,3.598,1.643,0.717,0.426
35030,Flamborough--Glanbrook,8.667,6.18,6.663,6.96,11.741,10.24,10.014,8.487,11.935,7.507,3.274,3.338,8.47,5.051,4.906,5.037,9.654,8.852,10.075,9.312,15.336,9.549,4.88,5.248,39565,8.859,7.267,8.366,8.796,13.75,11.601,9.971,7.684,8.657,5.548,1.744,1.504
35031,Glengarry--Prescott--Russell,7.912,6.265,7.999,8.22,12.211,11.07,10.349,9.209,11.181,6.329,2.659,2.123,7.248,4.513,5.997,6.874,11.632,11.281,11.188,10.428,12.813,7.482,3.858,3.285,43180,8.569,8.001,9.993,9.565,12.784,10.873,9.507,7.99,9.553,5.199,1.471,0.973
35032,Guelph,9.035,6.723,8.036,7.576,12.694,10.852,11.352,8.222,9.888,5.749,2.741,2.705,8.52,5.242,6.482,5.547,10.747,9.665,11.85,9.539,12.123,7.312,4.307,4.318,51470,9.52,8.092,9.472,9.442,14.484,11.958,10.88,7.004,7.81,4.303,1.292,1.214
35033,Haldimand--Norfolk,8.817,7.36,8.364,9.084,14.419,13.149,10.144,7.059,8.471,4.876,1.968,1.582,8.393,5.377,6.18,6.375,12.153,13.082,11.11,9.367,11.546,6.593,3.199,2.591,44570,9.233,9.3,10.512,11.734,16.626,13.215,9.188,4.813,5.463,3.197,0.752,0.583
35034,Haliburton--Kawartha Lakes--Brock,8.45,7.196,9.467,9.056,15.939,12.24,10.202,6.866,7.618,4.779,2.244,1.698,8.149,5.732,7.132,7.219,13.968,12.262,11.146,8.226,10.074,6.049,3.314,2.669,46765,8.746,8.618,11.74,10.841,17.877,12.221,9.27,5.549,5.207,3.539,1.197,0.759
35035,Hamilton Centre,10.537,7.415,11.948,11.586,16.571,10.826,8.644,5.654,6.233,2.646,1.157,1.061,11.75,6.366,11.35,9.7,14.599,10.561,9.143,6.596,8.148,3.213,1.334,1.455,41710,9.326,8.451,12.539,13.438,18.533,11.088,8.164,4.723,4.327,2.074,0.995,0.659
35036,Hamilton East--Stoney Creek,9.51,6.762,8.763,9.666,16.032,12.531,9.499,7.28,7.81,4.047,1.377,1.377,9.662,4.569,6.453,7.127,14.115,12.324,10.569,9.708,10.917,5.209,2.232,2.372,46685,9.371,8.782,10.903,12.006,17.811,12.724,8.515,5.034,4.959,2.967,0.589,0.461
35037,Hamilton Mountain,9.925,6.995,8.761,8.638,14.428,13.048,11.024,6.65,8.123,4.263,1.526,0.912,10.186,5.025,6.811,6.688,13.043,12.489,11.615,8.166,11.294,5.543,2.402,1.577,44895,9.678,8.765,10.536,10.402,15.681,13.554,10.491,5.268,5.246,3.107,0.735,0.312
35038,Hamilton West--Ancaster--Dundas,10.365,6.702,7.925,6.408,11.157,9.991,9.244,7.404,10.625,7.121,3.538,4.636,10.354,5.218,6.222,5.325,9.185,9.374,8.973,7.674,12.645,7.887,5.006,7.391,45980,10.363,8.069,9.482,7.395,12.973,10.548,9.504,7.144,8.765,6.405,2.186,2.099
35039,Hastings--Lennox and Addington,9.298,6.883,9.622,9.635,15.654,11.734,11.041,6.573,8.434,3.775,1.445,1.003,9.209,4.504,7.292,7.587,13.914,12.775,12.185,8.19,11.005,4.853,2.292,1.555,38465,9.385,9.19,11.881,11.621,17.327,10.737,9.931,5.005,5.94,2.73,0.624,0.455
35040,Huron--Bruce,8.225,7.024,9.041,8.785,14.713,12.335,9.729,6.744,8.441,4.838,3.084,3.527,6.974,4.995,6.055,6.691,13.783,11.78,10.531,8.517,11.238,6.078,4.995,5.961,43330,9.451,9.001,11.966,10.835,15.624,12.866,8.943,5.02,5.7,3.623,1.2,1.142
35041,Kanata--Carleton,9.868,5.847,6.265,4.924,8.458,8.294,9.052,8.357,13.149,9.387,6.176,5.67,8.969,3.825,4.963,3.451,6.668,6.487,8.193,8.271,14.577,11.67,9.524,9.292,40400,10.718,7.785,7.525,6.349,10.161,10.037,9.876,8.428,11.795,7.215,2.97,2.203
35042,Kenora,9.324,7.282,8.881,8.367,13.152,11.787,10.62,7.34,8.881,5.333,2.882,1.424,10.467,6.121,6.051,6.776,11.425,9.883,10.748,8.785,11.285,6.869,4.743,2.43,21450,8.159,8.462,11.678,9.953,14.848,13.683,10.513,5.897,6.48,3.776,1.026,0.42
35043,King--Vaughan,10.768,6.313,7.315,6.752,11.023,9.03,9.131,7.292,10.816,6.752,3.417,4.426,10.266,4.479,5.763,5.327,10.036,8.281,8.293,7.906,13.717,8.341,4.709,6.586,42980,11.238,8.074,8.795,8.12,11.971,9.772,9.935,6.701,8.015,5.223,2.175,2.362
35044,Kingston and the Islands,9.124,6.616,8.806,8.51,13.732,11.074,10.283,7.417,9.592,5.332,2.902,2.902,9.202,5.749,7.139,6.786,11.983,10.184,10.813,8.375,11.365,6.565,4.138,4.447,50810,9.053,7.39,10.293,10.057,15.292,11.868,9.811,6.574,8.01,4.231,1.791,1.525
35045,Kitchener Centre,8.363,6.204,8.79,9.703,15.345,13.408,10.113,7.567,8.691,3.95,1.744,1.668,8.806,4.169,6.997,7.32,14.4,13.31,10.615,9.141,11.489,4.996,2.384,2.384,43700,7.941,8.135,10.503,11.979,16.247,13.49,9.634,6.076,6.007,2.952,1.133,0.984
35046,Kitchener--Conestoga,8.506,6.284,7.229,6.652,12.451,11.583,10.867,9.034,11.055,6.812,2.875,2.694,7.516,4.253,5.03,5.016,10.37,10.13,10.596,10.851,14.481,9.381,4.493,4.337,36615,9.463,8.234,9.34,8.248,14.461,12.986,11.129,7.278,7.743,4.329,1.325,1.092
35047,Kitchener South--Hespeler,9.007,6.459,7.164,7.158,12.699,11.813,11.393,8.037,10.242,5.638,2.548,2.586,8.641,4.728,5.069,5.253,10.965,11.018,11.609,9.389,13.447,7.406,3.664,4.228,39255,9.362,8.126,9.196,9.005,14.38,12.597,11.171,6.713,7.146,3.923,1.465,0.981
35048,Lambton--Kent--Middlesex,9.949,7.161,8.567,8.996,15.015,11.932,9.855,6.831,8.514,4.483,2.253,1.647,9.585,5.006,6.631,7.117,12.705,12.55,10.178,8.577,11.578,5.647,3.535,2.574,42825,10.309,9.294,10.461,10.858,17.291,11.325,9.527,5.102,5.487,3.351,0.992,0.759
35049,Lanark--Frontenac--Kingston,8.011,6.037,8.436,8.048,13.678,12.247,11.008,8.091,10.311,5.47,2.824,1.702,7.956,4.431,6.521,7.024,12.198,11.619,11.644,9.454,12.21,6.458,4.217,2.631,41360,8.063,7.568,10.276,9.03,15.099,12.851,10.384,6.77,8.462,4.533,1.487,0.81
35050,Leeds--Grenville--Thousand Islands and Rideau Lakes,7.98,7.02,8.361,8.802,14.608,13.158,10.524,7.642,9.152,4.543,2.362,1.71,8.122,4.93,6.284,6.458,13.102,13.102,11.165,9.228,12.556,5.738,3.092,2.62,42505,7.846,8.987,10.316,11.022,16.033,13.21,9.928,6.129,5.929,3.423,1.67,0.859
35051,London--Fanshawe,10.259,7.081,9.243,9.113,15.204,12.747,10.642,7.397,7.516,3.281,1.229,0.622,10.575,5.787,7.108,7.419,13.206,12.229,11.789,8.868,9.974,4.52,1.911,0.988,49890,9.952,8.288,11.235,10.684,17.068,13.219,9.571,6.033,5.221,2.125,0.591,0.281
35052,London North Centre,10.047,7.788,8.867,9.003,14.571,10.836,9.184,6.291,8.029,5.036,2.827,2.988,10.781,6.617,7.973,7.744,13.755,9.977,9.111,6.168,9.205,5.99,3.809,4.759,51665,9.368,8.874,9.697,10.171,15.33,11.642,9.262,6.407,6.949,4.142,1.916,1.345
35053,London West,9.491,6.614,7.447,7.707,12.89,10.728,9.864,7.329,10.467,6.619,3.169,2.821,9.485,5.249,6.479,6.142,11.271,9.855,10.138,8.2,11.892,7.666,4.367,4.389,51915,9.496,7.82,8.302,9.092,14.321,11.49,9.612,6.549,9.207,5.692,2.109,1.425
35054,Markham--Stouffville,10.56,6.217,6.886,7.1,10.491,9.608,9.147,7.659,10.831,7.48,3.945,4.666,11.049,4.431,5.471,5.53,9.09,8.624,8.182,8.063,12.398,9.102,5.901,7.25,44835,10.104,7.873,8.208,8.576,11.799,10.527,10.048,7.293,9.379,5.955,2.13,2.253
35055,Markham--Thornhill,14.703,7.965,10.087,9.627,12.168,9.668,7.052,5.465,6.912,4.04,2.058,2.703,15.327,6.582,8.71,9.052,12.007,9.608,7.043,5.779,7.492,4.892,2.576,4.006,43690,14.099,9.304,11.433,10.185,12.325,9.728,7.073,5.161,6.34,3.216,1.545,1.442
35056,Markham--Unionville,14.898,7.587,8.009,8.015,9.668,8.402,6.772,5.587,8.578,6.438,3.823,5.019,14.488,6.232,6.78,7,9.354,7.793,6.195,5.634,9.561,7.476,5.39,7.5,44280,15.278,8.853,9.146,8.954,9.948,8.966,7.294,5.533,7.678,5.477,2.371,2.733
35057,Milton,9.113,6.065,5.966,4.899,9.738,9.799,10.279,9.281,13.67,8.199,3.985,4.503,8.192,4.423,3.893,3.971,7.148,8.441,8.939,9.905,16.15,11.509,6.152,7.164,33520,10.009,7.622,7.95,5.773,12.202,11.083,11.545,8.681,11.292,5.027,1.894,1.954
35058,Mississauga Centre,13.151,7.027,8.429,8.54,11.506,9.877,9.594,7.476,8.535,4.565,2.23,1.866,12.773,5.392,6.975,7.589,10.545,9.723,10.035,8.203,10.608,5.705,3.009,2.873,51095,13.504,8.553,9.805,9.424,12.408,10.021,9.179,6.781,6.576,3.493,1.497,0.92
35059,Mississauga East--Cooksville,11.263,6.869,8.748,9.145,14.208,11.808,9.7,6.646,7.459,4.181,1.795,1.403,11.175,5.082,6.907,8.371,12.711,12.361,10.68,7.557,9.268,5.392,2.505,2.206,52320,11.344,8.534,10.464,9.862,15.596,11.305,8.792,5.81,5.791,3.068,1.137,0.669
35060,Mississauga--Erin Mills,12.872,7.204,7.3,6.943,10.219,9.216,8.09,7.215,9.718,6.377,3.618,3.768,12.393,6.097,5.909,5.942,9.406,8.587,7.436,6.993,11.486,7.879,5.002,6.02,48505,13.318,8.226,8.597,7.875,10.968,9.803,8.69,7.422,8.071,4.989,2.33,1.691
35061,Mississauga--Lakeshore,10.911,6.438,7.554,7.371,11.675,9.704,8.664,7.004,9.245,6.301,3.438,6.525,11.186,5.042,6.405,5.43,10.462,10.074,8.156,7.139,10.829,6.615,4.602,9.603,50465,10.641,7.768,8.65,9.214,12.821,9.363,9.135,6.866,7.748,6.004,2.338,3.626
35062,Mississauga--Malton,13.631,7.33,8.423,8.951,12.829,10.922,9.042,6.253,7.184,4.125,1.75,1.465,12.86,5.889,6.794,8.084,12.187,10.83,9.441,6.937,9.231,5.437,2.702,2.305,47505,14.367,8.694,9.967,9.767,13.441,11.009,8.662,5.599,5.231,2.863,0.842,0.674
35063,Mississauga--Streetsville,11.912,6.774,6.748,6.522,9.626,9.39,9.7,7.875,10.287,6.832,3.644,3.607,11.346,5.113,5.737,5.382,8.245,8.762,9.343,7.696,12.056,8.676,4.952,5.587,48915,12.45,8.341,7.707,7.595,10.937,9.987,10.038,8.055,8.607,5.07,2.402,1.717
35064,Nepean,9.2,5.853,6.115,5.554,8.87,8.748,9.163,9.084,13.906,9.114,5.261,4.194,8.684,5.263,4.749,4.01,7.218,7.093,8.471,9.386,15.576,10.539,7.832,6.88,42120,9.687,6.398,7.407,7.016,10.434,10.316,9.829,8.808,12.334,7.764,2.813,1.638
35065,Newmarket--Aurora,9.932,6.443,7.275,6.684,10.993,9.341,8.859,7.109,11.555,8.348,4.349,4.292,9.611,5.253,5.659,4.967,8.715,8.19,7.939,7.641,13.73,9.862,6.769,7.068,45260,10.23,7.556,8.76,8.285,13.113,10.407,9.711,6.628,9.545,6.949,2.11,1.712
35066,Niagara Centre,8.107,7.175,9.062,9.348,15.945,13.287,10.777,6.809,7.49,3.973,1.978,1.304,8.268,5.188,6.539,6.195,13.113,14.037,12.154,9.216,10.661,4.975,3.175,2.144,45245,7.968,9.029,11.427,12.3,18.599,12.598,9.482,4.564,4.531,3.039,0.862,0.519
35067,Niagara Falls,8.594,7.467,9.537,9.725,16.056,12.582,10.187,6.68,7.429,4.172,1.914,1.641,8.713,6.027,7.121,8.088,12.914,12.132,11.83,8.567,9.935,5.451,3.018,2.784,54885,8.481,8.809,11.788,11.251,18.985,13,8.645,4.91,5.092,2.988,0.893,0.574
35068,Niagara West,8.636,7.359,7.723,7.194,13.075,10.67,9.642,7.808,10.72,6.473,3.369,3.19,8.228,5.684,4.943,5.19,10.627,9.885,10.031,9.013,14.392,8.475,5.132,5.233,35655,9.031,8.989,10.391,9.143,15.44,11.429,9.269,6.633,7.194,4.544,1.669,1.22
35069,Nickel Belt,8.351,7.079,8.083,7.22,12.359,12.218,11.127,8.397,10.11,5.059,2.784,1.94,6.815,4.646,5.724,4.673,10.02,12.848,12.862,10.694,13.387,6.411,4.768,3.152,37600,9.854,9.495,10.426,9.734,14.654,11.596,9.415,6.144,6.862,3.723,0.824,0.745
35070,Nipissing--Timiskaming,7.874,7.629,9.483,9.456,14.92,11.714,10.198,7.304,9.125,4.635,2.073,1.523,7.401,6.082,7.197,7.605,13.442,11.156,11.592,8.925,11.905,5.769,3.17,2.612,38750,8.323,9.11,11.652,11.213,16.335,12.245,8.877,5.768,6.465,3.548,1.045,0.477
35071,Northumberland--Peterborough South,9.166,6.789,8.83,7.871,14.627,12.435,10.119,6.907,9.407,4.995,2.377,2.158,8.557,4.813,6.811,5.87,11.739,12.118,11.061,8.454,12.853,6.788,3.595,3.515,45660,9.746,8.684,10.764,9.779,17.389,12.735,9.231,5.431,6.121,3.274,1.216,0.854
35072,Oakville,10.986,6.423,7.179,6.336,10.097,8.585,7.23,6.311,9.566,7.266,4.957,10.169,10.242,5.052,5.714,4.646,7.797,8.117,6.814,6.056,10.061,8.512,6.761,15.903,51035,11.678,7.691,8.524,7.877,12.198,9.013,7.603,6.535,9.102,6.123,3.302,4.908
35073,Oakville North--Burlington,10.559,6.186,6.047,5.105,7.71,8.093,8.407,7.809,11.425,9.187,5.907,8.204,10.262,4.115,4.415,3.97,5.907,6.846,6.93,7.567,12.632,10.346,8.879,13.474,44430,10.826,8.125,7.585,6.178,9.397,9.251,9.791,8.024,10.297,8.103,3.129,3.275
35074,Oshawa,9.373,6.621,9.163,7.816,13.128,12.67,10.367,7.649,8.838,4.801,2.303,1.457,9.929,4.964,6.916,5.658,10.92,13.159,11.058,8.74,11.009,6.292,3.458,2.309,54200,8.856,8.164,11.255,9.834,15.185,12.223,9.742,6.633,6.817,3.404,1.227,0.673
35075,Ottawa Centre,8.155,5.938,8.456,7.381,9.92,8.674,8.149,7.89,11.923,8.508,5.232,6.597,8.621,5.544,8.162,6.345,9.016,8.119,7.553,7.018,11.655,9.401,6.559,9.112,49520,7.714,6.321,8.734,8.35,10.773,9.198,8.714,8.724,12.187,7.664,3.988,4.21
35076,Orleans,8.682,6.07,5.837,5.126,7.915,8.076,8.999,9.994,14.363,9.869,5.401,4.784,8.237,4.275,4.716,4.21,6.654,7.021,8.065,9.669,15.312,11.489,8,7.936,50025,9.095,7.736,6.887,5.977,9.085,9.055,9.865,10.295,13.483,8.356,2.989,1.859
35077,Ottawa South,10.026,6.688,8.18,7.551,11.793,9.393,8.634,7.611,10.166,7.237,3.873,3.578,10.701,5.482,6.949,5.534,10.471,9.339,8.584,7.442,11.77,8.469,5.157,5.241,52480,9.413,7.793,9.289,9.385,12.995,9.442,8.67,7.755,8.718,6.107,2.706,2.067
35078,Ottawa--Vanier,7.904,6.94,9.152,8.632,12.043,10.067,9.28,8.284,9.966,6.067,3.272,3.872,8.167,6.256,8.36,7.025,10.814,10.271,9.287,8.416,10.441,6.618,4.4,5.498,49170,7.657,7.555,9.864,10.067,13.158,9.884,9.284,8.176,9.538,5.573,2.247,2.41
35079,Ottawa West--Nepean,9.269,5.956,8.251,8.685,11.735,10.54,9.216,7.859,10.304,6.835,3.576,3.276,10.252,4.99,6.925,7.333,10.241,10.23,8.442,8.159,11.622,7.853,4.922,4.832,49080,8.374,6.815,9.444,9.912,13.081,10.819,9.923,7.59,9.128,5.909,2.353,1.864
35080,Oxford,8.148,7.42,7.987,8.658,14.112,12.233,11.425,7.976,9.11,5.082,1.982,1.61,7.768,5.307,5.342,6.03,11.593,12.456,12.946,10.135,12.2,6.695,3.172,2.566,44390,8.527,9.462,10.554,11.196,16.558,12.018,9.957,5.891,6.128,3.537,0.822,0.687
35081,Parkdale--High Park,9.823,6.11,8.035,9.156,12.53,9.725,7.817,6.397,9.375,6.805,4.041,5.926,10.478,5.372,7.4,7.786,11.649,9.874,7.339,6.362,9.85,7.17,5.07,8.16,45570,9.228,6.781,8.613,10.402,13.331,9.59,8.251,6.43,8.931,6.474,3.105,3.906
35082,Parry Sound--Muskoka,8.791,7.039,9.399,10.294,16.418,12.601,10.608,6.627,7.758,4.268,1.438,1.569,9.235,5.446,6.652,8.825,14.748,12.031,12.363,8.361,10.15,5.406,1.961,2.345,38770,8.357,8.589,12.071,11.71,18.042,13.155,8.924,4.952,5.442,3.16,0.929,0.825
35083,Perth--Wellington,7.77,6.632,8.859,8.272,15.037,13.778,11.564,8.714,8.95,4.296,1.501,1.549,7.345,4.617,5.654,7.11,13.332,13.714,12.838,10.813,11.789,5.715,2.099,2.555,42125,8.178,8.57,11.941,9.389,16.665,13.852,10.35,6.682,6.231,2.932,0.926,0.582
35084,Peterborough--Kawartha,8.808,7.235,9.56,8.787,15.597,12.425,9.835,6.861,8.211,4.386,1.713,1.952,8.723,6.561,6.833,6.713,14.067,12.753,10.58,8.397,10.146,5.54,2.542,2.976,50300,8.897,7.853,12.058,10.676,16.998,12.127,9.155,5.447,6.451,3.34,0.954,1.014
35085,Pickering--Uxbridge,10.889,6.688,6.699,6.716,10.805,9.678,8.557,7.776,10.61,7.001,3.877,4.608,10.953,5.269,5.765,5.13,9.093,9.336,7.903,7.672,12.34,7.984,5.477,6.944,46360,10.818,8.003,7.571,8.208,12.392,9.998,9.157,7.873,8.984,6.083,2.384,2.437
35086,Renfrew--Nipissing--Pembroke,8.273,7.026,9.24,9.324,14.29,12.129,9.962,7.736,10.44,4.256,1.934,1.373,6.91,4.165,6.898,7.018,12.808,11.725,10.75,10.305,14.867,6.067,3.046,2.022,42230,9.626,9.827,11.544,11.591,15.747,12.527,9.188,5.198,6.074,2.486,0.841,0.734
35087,Richmond Hill,12.686,7.243,8.604,8.533,11.233,8.696,7.943,6.457,8.994,5.975,3.237,4.272,13.289,6.219,6.786,7.354,9.623,8.25,7.32,6.866,10.134,6.832,4.732,6.945,48170,12.144,8.179,10.276,9.612,12.705,9.114,8.501,6.093,7.951,5.19,1.868,1.827
35088,Carleton,9.081,5.466,5.538,4.863,8.034,8.235,8.966,8.077,13.837,10.329,6.678,6.52,8.283,3.945,4.062,3.786,5.991,6.6,8.442,7.688,15.1,12.112,9.341,10.415,35235,9.862,6.939,6.996,5.932,10.033,9.834,9.479,8.457,12.615,8.585,4.073,2.71
35089,St. Catharines,8.813,6.588,10.1,9.944,16.36,12.465,10.515,6.432,7.321,3.873,1.885,1.594,8.859,5.195,7.604,7.455,13.643,12.627,11.953,8.22,9.602,5.08,3.06,2.797,49030,8.77,7.822,12.329,12.166,18.774,12.319,9.229,4.834,5.303,2.794,0.836,0.52
35090,Toronto--St. Paul's,9.345,5.345,7.08,7.889,11.359,9.736,7.766,6.979,10.472,6.288,4.313,9.713,9.965,4.655,6.594,6.681,10.435,9.509,6.952,6.718,10.447,6.619,4.742,13.497,49135,8.833,5.912,7.469,8.874,12.12,9.922,8.426,7.194,10.481,6.014,3.948,6.594
35091,Sarnia--Lambton,9.247,7.548,8.883,7.974,13.43,10.77,9.128,6.394,8.917,5.831,3.353,3.376,8.939,5.361,5.76,5.596,9.772,9.702,10.195,7.848,12.412,8.4,5.443,6.112,45360,9.535,9.601,11.817,10.196,16.854,11.772,8.124,5.037,5.622,3.417,1.378,0.794
35092,Sault Ste. Marie,8.026,6.778,9.746,8.578,14.695,12.852,9.761,6.676,9.913,5.254,1.843,1.437,7.825,4.275,7.447,5.846,11.782,13.897,10.559,8.036,13.912,6.918,2.885,2.266,35805,8.225,9.077,11.856,11.088,17.386,11.884,9.021,5.418,6.214,3.729,0.866,0.684
35093,Scarborough--Agincourt,15.157,7.914,9.89,12.12,14.914,9.433,7.632,5.097,5.797,2.822,1.225,1.005,16.135,6.148,8.134,11.491,14.222,9.951,8.074,5.378,7.063,3.297,1.889,1.66,47015,14.293,9.476,11.443,12.687,15.538,8.965,7.242,4.839,4.669,2.414,0.638,0.425
35094,Scarborough Centre,11.947,7.535,9.614,10.399,15.415,11.896,9.614,6.05,6.191,2.7,1.248,0.729,12.229,5.797,8.276,8.887,14.78,12.241,9.893,7.186,8.312,3.126,1.725,1.186,46760,11.698,9.078,10.811,11.762,15.975,11.591,9.367,5.026,4.299,2.32,0.823,0.321
35095,Scarborough--Guildwood,12.434,7.757,10.163,10.403,14.668,10.955,8.267,5.677,6.321,2.811,1.473,1.24,13.895,6.203,8.469,8.12,14.103,10.541,9.195,6.851,7.615,3.522,1.891,1.878,42855,11.119,9.159,11.691,12.461,15.179,11.329,7.432,4.609,5.157,2.158,1.097,0.653
35096,Scarborough North,14.511,8.267,10.548,12.146,13.822,10.23,8.028,4.825,5.483,2.694,1.137,0.748,14.66,6.931,8.813,11.344,13.126,10.845,8.813,5.722,6.694,3.091,1.633,1.085,43410,14.375,9.514,12.152,12.889,14.455,9.664,7.291,3.997,4.365,2.327,0.703,0.438
35097,Scarborough--Rouge Park,12.671,7.188,8.655,8.495,12.481,10.384,9.457,6.82,7.598,5.014,2.548,1.883,13.843,6.266,7.34,7.49,11.447,9.974,9.737,7.215,8.339,5.867,3.433,2.759,44120,11.616,8.024,9.837,9.406,13.407,10.755,9.214,6.46,6.936,4.238,1.745,1.077
35098,Scarborough Southwest,11.759,7.909,10.071,9.648,13.347,10.703,8.657,6.105,7.445,3.664,1.676,1.925,13.185,6.417,9.304,7.678,12.433,10.614,9.037,7.314,8.236,3.772,2.147,2.608,45015,10.452,9.275,10.763,11.463,14.184,10.785,8.308,5.009,6.731,3.577,1.255,1.3
35099,Simcoe--Grey,8.25,6.459,8.229,8.392,14.173,11.584,9.668,7.861,10.854,5.299,2.557,2.3,7.97,4.236,6.365,6.365,11.735,11.19,9.81,8.911,14.698,7.306,3.755,3.872,48470,8.51,8.603,10.017,10.347,16.526,11.956,9.521,6.85,7.159,3.363,1.393,0.784
35100,Simcoe North,8.675,7.114,8.797,9.428,15.882,12.594,9.765,7.258,7.833,4.296,1.893,1.639,8.896,5.45,6.435,7.076,15.056,12.491,10.327,9.045,10.156,5.198,2.714,2.45,46645,8.468,8.672,11.009,11.641,16.658,12.681,9.24,5.574,5.67,3.452,1.136,0.879
35101,Spadina--Fort York,10.071,5.121,6.369,6.369,9.84,8.065,9.128,8.408,13.312,8.23,4.897,6.91,10.35,4.392,5.149,5.228,9.023,7.696,8.785,7.643,14.013,9.475,5.679,10.032,38085,9.807,5.842,7.588,7.496,10.634,8.429,9.453,9.177,12.603,7.011,4.135,3.82
35102,Stormont--Dundas--South Glengarry,8.294,6.924,9.405,9.169,16.878,13.715,10.268,6.882,7.521,3.61,1.503,1.25,8.436,4.361,7.293,7.293,15.828,14.039,11.393,8.771,10.163,4.572,2.075,1.814,42585,8.16,9.346,11.389,10.943,17.87,13.408,9.205,5.096,5.037,2.689,0.963,0.704
35103,Sudbury,8.391,6.692,9.479,8.502,14.231,11.803,10.852,7.539,8.619,5.254,2.467,2.65,8.739,4.669,8.209,5.649,11.217,11.966,12.102,9.257,10.958,6.017,3.553,4.37,40075,8.072,8.546,10.63,11.117,17.006,11.641,9.719,5.976,6.475,4.566,1.485,1.085
35104,Thornhill,12.51,6.766,7.633,8.081,11.389,9.489,7.981,6.385,9.456,5.993,3.667,4.988,13.533,5.212,5.674,7.2,10.262,8.795,7.662,5.709,10.644,7.177,4.888,7.951,47265,11.584,8.188,9.426,8.897,12.43,10.124,8.262,6.992,8.368,4.919,2.56,2.274
35105,Thunder Bay--Rainy River,8.153,6.72,9.658,8.182,14.095,12.305,10.756,8.458,9.229,5.018,1.731,1.505,8.154,5.609,7.41,5.803,11.427,11.948,12.022,10.266,12.082,6.666,2.723,2.262,35145,8.152,7.796,11.808,10.471,16.631,12.662,9.546,6.715,6.516,3.457,0.797,0.768
35106,Thunder Bay--Superior North,7.579,6.871,8.528,8.382,14.727,12.223,10.032,7.411,9.39,5.651,2.716,1.964,7.474,5.523,6.431,5.568,13.056,12.133,10.377,9.171,12.148,6.431,4.169,3.29,34890,7.681,8.154,10.547,11.106,16.337,12.296,9.702,5.718,6.735,4.887,1.318,0.688
35107,Timmins--James Bay,8.919,7.359,7.866,9.487,14.469,11.538,9.275,7.193,8.889,5.504,2.68,2.173,8.433,4.802,6.215,7.324,12.566,11.381,9.938,8.752,11.898,7.111,4.027,3.647,33135,9.416,9.899,9.522,11.634,16.357,11.679,8.616,5.628,5.9,3.893,1.343,0.709
35108,Toronto Centre,12.185,7.617,10.313,9.562,11.225,9.125,8.072,6.009,8.946,5.609,3.393,4.242,11.096,6.711,10.725,8.816,10.702,9.279,8.261,5.97,9.499,6.34,3.76,5.866,37990,13.438,8.647,9.871,10.397,11.819,8.963,7.87,6.041,8.318,4.778,2.974,2.409
35109,Toronto--Danforth,9.945,6.579,8.394,10.158,11.933,9.101,7.992,6.377,9.29,7.004,4.171,4.734,10.403,5.924,7.595,9.1,11.6,8.626,8.187,6.623,8.993,7.559,4.775,6.505,44825,9.526,7.183,9.136,11.154,12.248,9.548,7.819,6.135,9.571,6.492,3.603,3.067
35110,University--Rosedale,12.672,6.517,7.782,8.668,10.958,8.12,7.368,6.243,9.466,5.561,3.841,9.559,12.408,5.44,7.016,7.367,11.39,7.609,7.476,6.143,9.839,5.671,4.192,12.759,44515,12.906,7.503,8.492,9.884,10.547,8.593,7.267,6.335,9.109,5.448,3.516,6.593
35111,Vaughan--Woodbridge,10.126,6.639,7.691,8.81,12.309,10.167,8.792,7.123,10.335,5.945,3.361,3.577,10.413,4.268,5.139,7.175,10.818,10.352,9.027,8.083,12.4,7.065,4.882,5.274,42835,9.852,8.895,10.12,10.365,13.727,10.004,8.556,6.222,8.381,4.868,1.914,1.961
35112,Waterloo,10.61,6.819,7.522,6.354,11.021,10.061,8.44,7.594,10.318,7.618,4.023,4.751,10.3,5.271,5.946,5.078,9.335,8.998,7.695,8.407,11.639,9.613,5.596,7.683,42430,10.924,8.331,9.062,7.613,12.68,11.112,9.168,6.799,9.015,5.668,2.475,1.897
35113,Wellington--Halton Hills,8.184,6.607,6.465,6.346,10.935,10.886,10.109,8.467,11.017,7.602,4.236,5.008,7.735,5.403,4.5,4.544,8.737,9.947,9.606,9.1,13.072,9.177,6.129,7.978,46510,8.633,7.783,8.396,8.095,13.094,11.804,10.6,7.848,9.02,6.074,2.387,2.096
35114,Whitby,10.139,6.472,6.724,6.24,9.655,9.397,8.013,7.587,11.602,8.676,5.077,4.688,9.977,4.678,5.081,4.482,8.091,8.309,7.633,7.6,13.303,10.784,7.186,7.687,49170,10.291,8.145,8.267,7.881,11.115,10.423,8.379,7.586,10.026,6.711,3.122,1.891
35115,Willowdale,17.356,6.235,7.687,8.316,10.356,8.202,7.187,6.313,8.925,5.537,3.388,4.059,17.627,5.795,6.591,7.287,9.875,7.752,7.354,6.049,9.875,6.602,4.058,6.126,50855,17.117,6.627,8.662,9.242,10.795,8.603,7.04,6.558,8.082,4.591,2.782,2.222
35116,Windsor--Tecumseh,10.189,6.868,8.636,9.077,13.562,12.188,10.147,6.915,8.631,5.126,1.821,1.474,10.631,5.454,6.447,5.984,11.78,11.581,11.658,7.916,11.382,6.745,3.014,2.628,50010,9.788,8.148,10.618,11.858,15.167,12.747,8.778,5.999,6.129,3.659,0.73,0.43
35117,Windsor West,13.182,7.906,9.616,9.595,13.353,10.094,8.358,5.593,7.921,4.273,1.45,1.393,14.777,6.219,8.035,7.02,11.39,9.584,9.136,6.731,10.792,5.503,2.319,2.276,49400,11.67,9.514,11.123,12.024,15.213,10.577,7.621,4.514,5.202,3.107,0.638,0.567
35118,York Centre,11.048,6.929,9.199,10.85,15.726,11.619,8.454,5.812,6.749,3.399,1.699,2.09,11.433,5.749,7.911,8.598,13.881,12.107,9.698,6.526,8.08,4.118,2.305,3.172,44655,10.704,7.95,10.301,12.787,17.333,11.197,7.379,5.195,5.587,2.777,1.176,1.153
35119,York--Simcoe,8.585,7.071,8.343,7.674,12.098,11.187,9.811,8.546,10.741,5.656,2.667,2.3,8.232,5.338,6.448,5.708,10.69,11.033,9.659,9.263,14.006,7.175,3.819,3.369,38455,8.946,8.776,10.194,9.622,13.483,11.338,9.947,7.84,7.528,4.174,1.534,1.261
35120,York South--Weston,11.084,7.662,9.57,11.596,15.942,12.129,8.792,5.87,5.87,3.018,1.04,0.976,11.527,6.761,8.608,9.862,14.537,12.655,9.52,6.693,7.73,3.523,1.3,1.391,49925,10.706,8.453,10.406,13.13,17.176,11.657,8.152,5.148,4.246,2.574,0.801,0.611
35121,Humber River--Black Creek,12.638,8.449,10.398,11.829,17.27,12.644,8.641,4.108,3.904,1.338,0.663,0.303,12.813,7.039,8.845,9.754,15.909,14.435,10.037,5.491,5.246,1.855,0.885,0.43,45230,12.481,9.728,11.806,13.697,18.505,11.033,7.373,2.863,2.686,0.884,0.464,0.188
46001,Brandon--Souris,7.391,6.678,8.616,8.999,15.44,15.195,10.906,7.414,8.639,3.868,1.67,1.807,6.846,4.58,5.902,6.484,13.708,14.778,12.669,9.71,11.253,4.863,2.707,3.053,33515,7.892,8.683,11.204,11.383,17.082,15.605,9.235,5.236,6.161,2.939,0.671,0.612
46002,Charleswood--St. James--Assiniboia--Headingley,7.826,6.117,7.419,7.101,12.782,13.3,11.095,8.78,11.872,4.852,2.33,2.567,7.281,4.236,5.936,4.931,10.465,11.578,11.439,10.991,15.52,6.523,3.385,3.926,35250,8.326,7.844,8.794,9.092,14.908,14.879,10.78,6.752,8.539,3.319,1.362,1.319
46003,Churchill--Keewatinook Aski,24.613,9.781,8.555,7.781,10.059,8.051,5.782,3.938,6.355,3.756,2.321,1.287,28.128,6.418,6.436,6.333,8.117,7.517,5.577,4.222,7.826,5.303,3.638,1.991,28375,20.987,13.233,10.731,9.269,12.053,8.617,6.009,3.665,4.846,2.15,0.969,0.581
46004,Dauphin--Swan River--Neepawa,11.705,7.365,11.437,11.512,15.777,12.366,8.97,5.47,6.629,2.601,0.966,1.018,13.115,5.862,9.122,9.047,14.401,12.487,10.034,7.313,8.09,3.559,1.451,1.555,33840,10.298,8.865,13.726,13.948,17.125,12.249,7.92,3.635,5.186,1.655,0.502,0.488
46005,Elmwood--Transcona,8.323,6.575,7.776,8.207,16.257,15.034,12.034,7.977,8.344,2.884,0.942,0.705,8.126,4.492,5.748,6.117,13.46,14.761,14.48,10.136,11.362,4.137,1.345,1.212,35675,8.535,8.549,9.699,10.189,18.893,15.291,9.699,5.929,5.48,1.696,0.561,0.224
46006,Kildonan--St. Paul,7.898,6.482,7.513,7.846,14.091,13.446,10.939,8.069,10.464,4.294,2.047,2.232,8.065,4.974,4.864,5.492,11.863,13.181,11,10.278,13.228,5.978,3.107,3.672,35550,7.764,7.834,9.887,9.958,16.104,13.685,10.9,6.104,7.989,2.785,1.097,0.942
46007,Portage--Lisgar,9.214,7.218,9.375,10.109,14.62,14.719,10.315,6.232,7.983,3.074,1.384,1.063,8.184,5.012,7.024,7.472,12.809,16.166,12.856,8.756,10.52,3.945,1.965,1.702,33070,10.221,9.374,11.672,12.685,16.405,13.305,7.832,3.765,5.503,2.223,0.816,0.438
46008,Provencher,9.965,7.064,8.688,8.507,13.969,13.063,10.811,7.585,8.862,3.71,1.602,1.322,8.841,4.077,5.839,6.511,11.962,13.665,12.993,9.991,11.932,5.257,2.584,2.21,32705,11.13,10.105,11.588,10.534,16.007,12.445,8.592,5.122,5.702,2.125,0.566,0.413
46009,Saint Boniface--Saint Vital,8.051,6.725,7.811,8.481,13.508,12.692,11.06,8.27,10.302,4.845,2.266,2.244,7.994,5.486,6.033,5.881,11.033,12.553,11.55,10.152,12.386,6.246,3.237,3.602,35725,8.104,7.866,9.447,10.861,15.787,12.806,10.595,6.536,8.383,3.541,1.386,0.994
46010,Selkirk--Interlake--Eastman,8.275,6.976,8.405,9.65,14.652,13.291,9.922,7.731,9.725,4.532,1.633,1.565,8.118,5.067,5.693,7.246,13.048,12.326,11.359,10.174,12.994,6.129,2.397,2.37,36755,8.434,8.87,11.128,12.039,16.243,14.229,8.489,5.305,6.475,2.938,0.871,0.762
46011,Winnipeg Centre,10.935,9.128,10.317,11.762,17.005,13.368,9.229,5.344,4.749,1.753,0.525,0.541,11.224,8.275,9.433,10.36,15.393,14.297,9.665,6.917,5.311,2.223,0.633,0.803,32360,10.646,9.981,11.218,13.149,18.619,12.438,8.761,3.77,4.203,1.282,0.402,0.263
46012,Winnipeg North,9.947,8.443,9.213,10.15,16.581,14.052,9.918,5.798,5.399,1.606,0.545,0.349,10.112,7.581,7.955,7.955,14.262,14.502,11.371,7.97,6.906,2.067,0.749,0.569,35445,9.776,9.254,10.396,12.202,18.747,13.613,8.534,3.738,3.992,1.171,0.339,0.127
46013,Winnipeg South,9.886,6.856,7.102,6.661,11.311,10.87,9.814,7.724,11.644,6.241,3.204,3.066,9.649,5.479,5.822,5.122,8.815,10.542,9.663,8.398,13.103,8.264,4.75,4.809,35555,10.111,8.156,8.311,8.114,13.655,11.166,9.97,7.088,10.266,4.345,1.73,1.406
46014,Winnipeg South Centre,8.074,6.475,7.022,7.318,13.681,12.023,10.036,7.884,10.529,5.278,3.304,4.745,8.352,5.309,5.642,5.823,12.215,11.562,9.936,8.31,11.354,6.212,4.238,7.365,39995,7.826,7.526,8.251,8.664,15.002,12.439,10.114,7.501,9.776,4.451,2.45,2.388
47001,Battlefords--Lloydminster,9.617,6.962,8.191,9.673,13.183,12.132,10.631,6.577,8.454,4.663,2.993,2.092,10.622,4.459,6.632,6.744,10.903,10.097,11.24,7.456,11.652,7.156,5.208,3.428,26595,8.592,9.475,9.757,12.596,15.454,14.157,10.002,5.678,5.264,2.162,0.771,0.733
47002,Cypress Hills--Grasslands,7.816,6.978,8.682,9.796,16.251,14.185,10.139,6.179,8.178,4.408,2.304,1.971,8.15,5.44,7.278,7.335,13.552,13.855,11.05,7.278,10.936,6.065,3.071,3.298,26140,7.479,8.531,10.099,12.261,18.975,14.518,9.22,5.05,5.394,2.735,1.53,0.65
47003,Desnethe--Missinippi--Churchill River,19.782,9.148,8.825,9.688,11.268,9.501,6.798,3.794,6.528,2.973,1.809,1.071,24.535,7.246,6.807,7.601,9.981,8.52,7.1,3.967,7.246,3.947,2.819,1.879,24150,15.072,11.056,10.849,11.76,12.547,10.476,6.501,3.623,5.818,2.008,0.807,0.29
47004,Carlton Trail--Eagle Creek,7.772,7.058,7.98,8.713,13.934,12.432,10.939,8.035,9.211,4.434,2.877,2.398,6.656,4.8,5.46,6.478,11.492,11.938,11.581,9.886,13.33,6.246,4.657,4.158,27245,8.901,9.378,10.589,11.011,16.443,12.938,10.277,6.13,4.992,2.588,1.064,0.587
47005,Moose Jaw--Lake Centre--Lanigan,8.55,6.904,7.96,9.066,13.611,12.538,10.794,7.182,9.36,4.504,3.014,2.498,7.456,4.382,5.314,7.031,11.249,12.966,11.936,8.829,12.443,5.984,4.954,3.891,30470,9.649,9.452,10.601,11.109,15.999,12.127,9.665,5.53,6.268,3.019,1.067,1.116
47006,Prince Albert,7.647,7.196,8.461,10.752,14.679,12.584,9.594,7.015,9.2,4.321,2.095,1.569,8.288,5.837,5.99,8.305,13.325,11.521,10.688,8.407,11.538,5.769,3.216,2.621,31490,7.034,8.463,10.781,13.036,15.942,13.56,8.574,5.716,7.018,2.985,1.048,0.587
47007,Regina--Lewvan,7.121,5.27,5.895,6.597,11.249,12.26,11.882,8.834,13.224,7.337,3.549,3.21,7.433,4.428,3.964,4.396,9.159,11.557,11.301,9.191,15.889,9.255,5.147,5.051,33525,6.831,6.04,7.681,8.65,13.214,12.931,12.424,8.516,10.738,5.548,2.058,1.491
47008,Regina--Qu'Appelle,9.105,6.54,7.597,10.691,14.084,13.317,9.616,7.262,8.814,4.054,2.327,1.683,9.986,4.472,6.088,8.818,11.566,13.524,9.788,8.19,11.207,5.46,3.772,2.748,28895,8.254,8.531,9.05,12.494,16.508,13.116,9.448,6.368,6.506,2.699,0.917,0.675
47009,Regina--Wascana,8.079,5.725,6.425,7.172,12.524,11.713,9.622,8.333,12.094,6.441,3.753,4.254,8.009,4.274,5.011,5.47,11.743,11.153,9.384,8.713,13.822,7.403,5.159,6.305,32350,8.145,7.094,7.774,8.794,13.277,12.226,9.83,7.991,10.448,5.533,2.427,2.334
47010,Saskatoon--Grasswood,7.462,6.016,7.005,7.612,12.963,12.465,10.13,8.169,11.06,5.767,3.548,3.964,7.346,4.394,4.845,5.679,10.507,10.785,10.611,9.066,13.581,7.642,5.488,6.478,31380,7.569,7.505,8.971,9.369,15.233,14.006,9.688,7.345,8.748,4.063,1.769,1.657
47011,Saskatoon--University,8.44,6.511,6.889,7.017,11.052,11.253,10.128,8.126,11.181,6.68,4.043,4.517,7.815,4.882,5.668,6.291,9.027,9.666,9.731,8.453,13.368,7.929,5.734,7.192,31685,9.042,8.08,8.048,7.701,13.019,12.782,10.51,7.811,9.058,5.46,2.414,1.941
47012,Saskatoon West,8.053,5.77,9.24,10.196,15.01,13.625,10.864,7.954,7.732,3.305,1.714,1.17,8.651,4.216,7.116,7.285,12.614,12.884,12.58,8.887,11.062,4.789,2.799,2.04,31005,7.483,7.257,11.256,12.982,17.32,14.353,9.208,7.063,4.548,1.855,0.677,0.355
47013,Souris--Moose Mountain,7.822,5.893,7.582,9.324,12.898,12.169,9.733,7.093,10.444,5.653,3.787,3.911,7.625,3.847,4.909,6.894,9.54,10.185,10.498,8.426,12.97,8.722,6.302,6.877,27530,8.028,8.046,10.371,11.86,16.418,14.239,8.918,5.721,7.828,2.452,1.144,0.817
47014,Yorkton--Melville,8.663,7.139,8.308,14.19,14.996,12.137,9.235,6.004,7.139,4.115,2.157,1.819,8.767,4.96,6.235,11.928,12.801,12.173,10.863,7.579,9.448,5.344,3.458,3.213,29085,8.544,9.3,10.332,16.435,17.139,12.102,7.616,4.452,4.865,2.888,0.894,0.43
48001,Banff--Airdrie,9.225,5.699,5.556,5.978,10.28,9.752,9.436,7.971,11.819,7.691,5.065,6.953,8.534,3.295,3.74,4.236,8.075,8.447,8.484,8.373,14.243,10.02,7.32,11.196,40175,9.932,8.102,7.38,7.729,12.495,11.052,10.38,7.567,9.384,5.339,2.788,2.688
48002,Battle River--Crowfoot,7.85,6.094,7.68,9.053,15.433,11.259,9.345,6.696,9.868,6.015,3.366,3.111,6.775,3.72,6.196,7.198,12.766,10.217,9.505,7.886,13.285,8.309,5.109,5.338,40890,8.939,8.486,9.195,10.932,18.134,12.301,9.171,5.478,6.407,3.705,1.59,0.856
48003,Bow River,9.107,6.285,7.34,6.924,12.84,10.241,9.859,7.775,10.386,6.693,3.667,3.924,8.512,3.273,5.084,5.343,10.272,9.638,10.608,9.625,13.622,8.37,5.511,6.455,37165,9.7,9.431,9.7,8.556,15.525,10.87,9.095,5.866,7.023,4.964,1.749,1.292
48004,Calgary Centre,8.476,4.658,6.255,7.36,11.643,10.057,8.682,7.582,10.797,6.662,4.436,9.845,8.461,3.652,5.541,5.943,10.122,9.203,8.698,8.017,11.669,7.284,4.922,13.506,46095,8.493,5.695,7.018,8.851,13.234,10.956,8.667,7.127,9.882,6.02,3.916,5.988
48005,Calgary Confederation,9.741,5.587,6.968,7.005,11.248,10.187,8.575,7.183,9.898,7.21,4.568,8.176,9.64,3.999,6.178,5.736,10.229,10.04,8.43,7.346,10.145,7.925,5.22,11.976,47710,9.83,7.179,7.755,8.258,12.251,10.333,8.709,7.022,9.663,6.508,3.92,4.402
48006,Calgary Forest Lawn,10.695,6.962,9.068,8.794,14.25,12.886,11.379,6.797,7.55,3.167,1.107,1.01,10.671,4.973,7.103,7.482,12.6,13.336,12.522,8.553,9.868,4.148,1.717,1.583,42775,10.719,9.047,11.128,10.181,15.967,12.402,10.181,4.944,5.12,2.139,0.479,0.409
48007,Calgary Heritage,9.177,5.818,6.442,5.964,11.129,9.649,9.52,7.495,10.814,7.23,4.445,7.68,8.537,4.097,4.623,4.761,9.178,8.423,8.606,7.702,12.394,8.949,5.871,12.245,45175,9.795,7.482,8.201,7.117,13.016,10.847,10.404,7.283,9.286,5.567,3.066,3.265
48008,Calgary Midnapore,9.994,5.786,6.096,6.229,10.243,9.706,9.479,7.303,11.079,6.982,5.155,6.832,8.606,3.79,4.905,4.682,8.126,8.483,8.316,7.981,12.975,8.862,7.569,11.426,45450,11.364,7.745,7.261,7.756,12.343,10.902,10.616,6.634,9.208,5.138,2.772,2.31
48009,Calgary Nose Hill,10.36,6.264,6.579,6.793,10.675,9.422,9.326,7.59,10.416,6.877,4.225,6.017,9.998,4.643,5.331,5.515,9.149,8.61,8.931,7.991,11.385,8.14,6.111,9.126,45390,10.718,7.832,7.766,8.019,12.139,10.2,9.705,7.215,9.484,5.662,2.412,3.029
48010,Calgary Rocky Ridge,9.771,5.907,5.771,5.001,8.734,8.07,8.485,7.377,11.655,9.362,5.647,8.894,8.137,3.832,4.511,3.638,6.67,6.124,7.846,6.912,13.4,11.133,7.773,15.013,43155,11.331,7.902,6.975,6.303,10.706,9.929,9.084,7.821,9.987,7.682,3.615,3.059
48011,Calgary Shepard,8.598,5.154,5.428,5.166,9.407,10.035,10.582,8.633,13.496,7.784,4.892,5.986,7.38,3.003,4.227,3.673,7.069,8.42,9.771,9.448,16.505,9.887,6.942,9.182,42665,9.844,7.325,6.645,6.68,11.778,11.672,11.403,7.793,10.442,5.649,2.813,2.731
48012,Calgary Signal Hill,9.697,5.844,6.167,5.326,10.192,8.677,8.13,7.209,10.007,7.457,5.545,11.378,9.007,4.504,4.803,3.629,7.953,8.073,7.582,6.815,10.684,8.013,6.827,18.074,45085,10.336,7.098,7.419,6.898,12.266,9.238,8.639,7.575,9.371,6.931,4.358,5.168
48013,Calgary Skyview,10.569,6.677,8.133,7.243,12.247,12.085,11.098,8.097,8.692,4.481,1.961,1.486,9.339,4.393,6.926,6.23,10.815,12.291,11.991,10.179,10.899,6.206,2.833,2.209,41465,11.817,8.959,9.345,8.248,13.71,11.877,10.201,6.017,6.475,2.749,1.073,0.76
48014,Edmonton Centre,8.976,5.465,8.729,7.87,13.324,11.331,9.71,8.127,10.088,5.893,3.143,3.976,8.865,4.492,7.451,6.328,11.1,11.122,9.772,9.643,12.094,7.051,3.671,5.453,45000,9.1,6.467,10.067,9.444,15.622,11.544,9.656,6.567,8.022,4.689,2.6,2.456
48015,Edmonton Griesbach,8.701,6.33,9.455,9.362,14.759,11.478,10.11,8.035,9.31,4.296,1.925,1.49,8.781,4.436,7.307,6.603,12.741,11.085,10.438,9.882,12.696,6.183,3.188,2.428,42180,8.618,8.298,11.7,12.257,16.88,11.901,9.768,6.093,5.773,2.323,0.616,0.51
48016,Edmonton Manning,9.048,6.354,7.221,7.309,11.771,9.549,10.687,8.688,11.524,6.325,3.254,2.364,8.833,3.846,5.42,5.708,9.831,8.773,9.782,9.266,15.202,9.049,5.168,4.206,43225,9.242,8.768,8.953,8.849,13.638,10.283,11.567,8.12,7.981,3.713,1.411,0.59
48017,Edmonton Mill Woods,9.562,5.931,7.293,7.173,12.66,10.625,10.241,8.128,10.793,6.045,3.446,2.281,8.601,4.022,5.706,6.13,9.945,9.364,10.176,8.783,14.403,8.468,5.282,4.07,42020,10.495,7.818,8.865,8.198,15.326,11.851,10.305,7.485,7.258,3.665,1.642,0.524
48018,Edmonton Riverbend,9.631,5.676,6.154,5.408,9.596,9.124,8.307,7.747,11.206,8.745,5.355,8.15,8.687,4.097,4.722,4.049,7.365,7.762,7.293,8.23,12.712,10.741,7.317,13.072,44095,10.534,7.166,7.507,6.701,11.691,10.421,9.264,7.28,9.763,6.849,3.515,3.504
48019,Edmonton Strathcona,8.964,5.846,8.444,7.806,11.653,10.636,9.038,7.716,10.726,7.072,4.169,4.474,8.758,4.53,6.896,6.593,9.778,10.227,8.926,8.556,12.918,8.186,5.27,6.549,43930,9.174,7.193,10.005,9.037,13.556,11.04,9.151,6.852,8.514,5.93,3.05,2.367
48020,Edmonton West,8.675,5.41,6.871,7.013,12.187,11.12,10.289,7.814,11.002,6.771,4.037,4.296,8.648,3.888,5.414,5.293,10.477,9.496,9.157,8.055,13.663,8.685,5.814,7.146,43565,8.711,6.852,8.241,8.631,13.818,12.659,11.362,7.586,8.493,4.97,2.341,1.595
48021,Edmonton--Wetaskiwin,8.752,5.391,6.604,6.842,10.348,9.785,10.139,8.38,11.799,7.922,4.916,4.881,7.58,3.174,3.976,4.743,7.684,7.708,9.451,9.463,15.345,11.265,7.905,8.382,43140,9.933,7.603,9.226,8.948,13.004,11.868,10.837,7.302,8.275,4.601,1.924,1.391
48022,Foothills,9.939,6.476,7.374,6.598,12.292,9.502,8.568,6.64,9.539,6.501,4.178,7.744,8.222,3.903,4.647,4.904,9.697,8.636,8.978,7.294,12.125,9.051,6.197,12.235,41465,11.636,9.008,10.069,8.26,14.856,10.37,8.164,5.981,6.97,3.991,2.183,3.316
48023,Fort McMurray--Cold Lake,8.748,5.226,5.084,4.991,7.34,6.894,6.038,5.418,10.769,6.981,7.309,19.963,7.074,2.77,3.468,3.194,4.796,4.957,4.75,4.659,10.565,7.91,9.638,32.692,36970,10.711,8.128,6.979,7.114,10.36,9.183,7.56,6.329,11.009,5.883,4.544,4.909
48024,Grande Prairie--Mackenzie,8.961,5.745,6.935,6.629,11.103,10.188,8.451,7.543,11.312,8.421,5.395,4.425,7.495,3.031,4.38,4.511,8.044,7.877,7.793,8.426,15.193,12.257,9.046,7.817,39570,10.513,8.605,9.629,8.883,14.329,12.636,9.148,6.596,7.202,4.372,1.529,0.821
48025,Lakeland,8.287,6.15,8.187,9.196,13.67,10.025,8.804,6.879,9.34,6.355,3.988,4.486,7.235,3.893,5.57,6.733,11.556,9.377,8.691,8.116,12.523,8.875,5.974,7.7,39410,9.363,8.5,10.886,11.748,15.872,10.695,8.919,5.582,6.052,3.743,1.941,1.155
48026,Lethbridge,8.077,6.756,8.923,8.399,14.429,12.101,10.94,8.119,8.911,4.81,2.506,2.363,7.098,4.318,6.55,6.635,11.953,12.294,12.038,9.794,12.355,6.159,3.781,3.696,43005,9.011,9.08,11.185,10.092,16.777,11.917,9.906,6.511,5.639,3.534,1.291,1.081
48027,Medicine Hat--Cardston--Warner,10.185,6.636,8.336,8.245,15.018,10.957,9.225,7.019,8.557,5.637,3.068,2.699,10.411,3.554,5.567,5.462,13.017,9.845,10.161,8.489,12.056,7.634,5.344,4.843,39085,9.965,9.633,11.027,10.95,16.976,12.038,8.315,5.59,5.155,3.697,0.857,0.601
48028,Peace River--Westlock,9.384,6.825,7.909,7.865,13.153,11.836,8.092,6.75,9.321,6.447,3.643,2.968,8.036,4.308,5.37,6.024,10.406,11.036,8.271,7.777,13.369,9.11,6.012,4.975,38825,10.779,9.453,10.573,9.788,16.021,12.685,7.92,5.654,5.1,3.657,1.172,0.876
48029,Red Deer--Mountain View,8.72,6.47,7.369,7.294,13.357,10.065,9.241,8.428,9.859,6.785,3.985,4.449,7.007,4.694,4.706,5.145,10.834,9.053,8.151,10.487,12.66,9.423,6.463,8.012,44080,10.402,8.212,9.993,9.415,15.835,11.059,10.299,6.42,7.112,4.197,1.565,0.953
48030,Red Deer--Lacombe,10.245,6.337,7.588,7.605,12.827,11.246,9.556,7.093,8.97,6.291,3.595,3.197,9.066,3.902,5.437,5.756,9.68,9.976,9.464,8.349,12.331,9.089,6.097,5.756,43945,11.423,8.772,9.739,9.466,15.975,12.504,9.648,5.814,5.609,3.493,1.092,0.637
48031,St. Albert--Edmonton,8.109,5.478,6.704,6.476,10.059,8.994,8.845,8.976,12.75,8.336,5.155,5.46,7.323,3.496,4.784,4.625,7.691,7.348,8.194,8.93,15.26,10.66,7.961,9.347,42855,8.855,7.374,8.517,8.237,12.309,10.571,9.462,9.019,10.349,6.125,2.485,1.75
48032,Sherwood Park--Fort Saskatchewan,8.784,5.535,6.025,5.293,9.59,8.796,8.238,7.743,11.909,8.711,6.74,8.244,7.071,3.354,3.921,3.456,6.312,6.924,7.309,7.671,14.017,11.388,10.459,14.232,44670,10.477,7.69,8.104,7.096,12.827,10.656,9.156,7.824,9.828,6.067,3.067,2.351
48033,Sturgeon River--Parkland,8.559,5.666,6.248,6.187,10.234,9.542,9.202,8.032,11.871,8.25,5.247,5.672,6.742,3.293,3.738,4.062,7.487,7.583,8.629,8.16,15.623,12.066,8.473,9.722,40815,10.401,8.098,8.808,8.343,13.034,11.54,9.788,7.889,8.061,4.361,1.948,1.556
48034,Yellowhead,9.221,5.946,7.753,7.709,13.354,9.509,7.965,6.613,10.771,7.042,4.96,4.53,7.156,2.925,4.904,5.364,10.305,8.737,7.579,7.442,15.196,10.691,8.301,7.629,37860,11.41,9.152,10.763,10.195,16.587,10.328,8.373,5.732,6.075,3.17,1.413,1.228
59001,Abbotsford,10.021,7.082,10.403,9.749,14.293,11.354,9.212,7.037,8.383,3.793,2,1.871,10.286,4.649,7.921,7.841,12.557,11.021,9.818,8.309,11.729,5.263,3.219,3.233,39815,9.758,9.368,12.734,11.528,15.924,11.666,8.64,5.84,5.237,2.424,0.854,0.603
59002,Burnaby North--Seymour,13.262,7.033,7.821,8.028,11.296,10.55,8.833,6.459,9.478,5.429,3.156,3.375,12.695,5.192,7.237,6.547,10.021,9.779,8.641,6.656,11.11,7.152,4.55,5.494,43140,13.804,8.809,8.391,9.434,12.517,11.289,9.017,6.282,7.904,3.778,1.808,1.344
59003,Burnaby South,14.933,6.769,9.819,9.277,11.756,10.826,8.408,6.271,8.325,4.14,2.031,1.854,14.955,5.089,8.899,8.07,11.409,10.523,8.197,7.115,9.947,5.503,2.809,2.855,46905,14.913,8.315,10.671,10.393,12.078,11.108,8.602,5.479,6.822,2.878,1.322,0.917
59004,Cariboo--Prince George,10.309,7.164,9.145,8.951,13.044,10.743,8.055,7.301,10.269,5.811,2.318,1.593,9.393,4.816,6.841,6.921,11.12,9.541,7.676,9.175,14.701,8.992,3.764,2.574,43890,11.221,9.501,11.438,10.982,14.969,11.928,8.442,5.434,5.856,2.643,0.877,0.615
59005,Central Okanagan--Similkameen--Nicola,8.783,6.817,9.661,11.299,15.577,12.511,9.134,6.822,8.046,3.717,2.227,1.649,8.711,4.638,7.098,9.476,13.255,12.148,10.324,8.523,10.865,5.592,3.59,2.719,45765,8.85,8.839,12.029,12.99,17.721,12.859,8.019,5.244,5.441,1.977,0.961,0.656
59006,Chilliwack--Hope,10.153,7.057,9.943,10.565,14.648,11.376,8.895,6.699,8.74,4.13,1.487,1.223,9.486,4.646,7.475,8.723,12.287,10.304,10.456,8.473,12.897,6.005,2.33,2.149,37915,10.787,9.363,12.304,12.304,16.893,12.396,7.411,5.024,4.8,2.347,0.686,0.343
59007,Cloverdale--Langley City,10.273,5.769,7.205,7.476,11.595,11.658,10.581,8.081,11.847,6.002,2.752,2.009,9.576,3.599,5.626,5.769,8.979,9.875,9.628,9.174,16.255,9.356,4.366,3.534,40905,10.928,7.811,8.691,9.094,14.057,13.336,11.478,7.041,7.701,2.86,1.235,0.587
59008,Coquitlam--Port Coquitlam,13.3,6.951,7.786,7.056,11.082,10.197,8.82,7.526,10.208,5.237,2.959,2.173,12.852,5.058,6.249,5.15,9.464,9.67,8.309,8.64,12.715,7.221,4.726,3.513,46725,13.719,8.721,9.235,8.839,12.595,10.68,9.299,6.485,7.865,3.381,1.306,0.92
59009,Courtenay--Alberni,8.327,6.775,10.285,10.617,16.771,12.998,9.584,6.93,7.342,3.5,1.547,1.284,7.586,4.516,8.37,7.884,14.653,12.82,11.197,9.176,10.446,5.046,2.429,2.164,48150,9.034,8.899,12.077,13.178,18.764,13.167,8.069,4.818,4.424,2.046,0.717,0.457
59010,Cowichan--Malahat--Langford,9.113,6.91,9.476,8.455,13.944,11.932,10.135,7.735,9.372,4.972,1.797,1.865,8.931,5.268,6.822,6.304,11.344,11.445,10.422,9.55,12.38,7.617,2.83,3.082,41675,9.286,8.482,11.998,10.498,16.413,12.394,9.862,6.023,6.515,2.472,0.804,0.696
59011,Delta,10.298,6.476,8.183,7.801,11.015,10.389,9.459,7.485,10.656,5.729,3.378,3.542,9.622,4.568,6.248,6.049,8.501,9.92,8.912,8.576,13.393,7.605,5.315,6.149,42130,10.93,8.296,10.017,9.483,13.411,10.824,9.981,6.444,8.047,3.94,1.531,1.056
59012,Fleetwood--Port Kells,12.798,7.581,9.296,8.619,11.952,10.48,9.154,6.656,8.365,3.531,2.036,1.602,11.627,5.623,7.32,7.366,10.98,10.334,9.052,8.336,10.911,4.93,3.152,2.702,45340,13.928,9.462,11.182,9.826,12.88,10.609,9.263,5.051,5.955,2.195,0.97,0.551
59013,Kamloops--Thompson--Cariboo,9.521,6.674,9.648,9.293,13.145,12.496,8.917,7.375,9.065,4.888,2.36,2.081,8.673,3.862,6.835,7.63,11.492,12.081,9.303,9.241,11.874,7.042,4.13,3.48,50090,10.331,9.403,12.358,10.89,14.753,12.897,8.555,5.57,6.339,2.805,0.649,0.729
59014,Kelowna--Lake Country,9.051,6.844,8.337,9.189,14.072,12.341,10.051,7.706,9.156,4.24,2.422,2.686,9.391,4.854,6.714,6.85,11.988,11.421,10.117,9.425,11.807,5.637,3.641,4.287,46945,8.744,8.702,9.852,11.386,16.019,13.218,9.98,6.103,6.657,2.94,1.289,1.182
59015,Kootenay--Columbia,8.546,6.889,9.161,9.448,14.882,11.641,9.651,6.923,9.256,5.243,2.785,1.967,7.436,4.905,6.829,7.121,11.677,10.946,10.912,9.067,12.544,8.055,4.714,3.15,44255,9.66,8.869,11.479,11.784,18.111,12.349,8.383,4.768,5.943,2.407,0.859,0.78
59016,Langley--Aldergrove,10.719,5.969,7.81,7.762,11.812,10.955,9.778,7.683,10.852,5.281,3.277,2.958,9.92,3.669,5.732,5.571,10.401,9.66,9.327,8.981,14.49,7.363,5.028,4.991,42370,11.494,8.166,9.795,9.842,13.146,12.19,10.196,6.443,7.387,3.292,1.593,1.015
59017,Mission--Matsqui--Fraser Canyon,10.9,7.423,10.529,10.066,13.914,11.461,8.124,6.519,8.363,4.08,1.759,1.213,10.553,4.7,8.4,7.837,12.776,11.242,9.413,8.119,11.58,5.811,2.828,1.942,35795,11.245,10.141,12.641,12.264,15.044,11.692,6.858,4.945,5.182,2.361,0.67,0.475
59018,Nanaimo--Ladysmith,8.978,7.544,10.033,9.867,14.626,12.319,10.558,6.536,8.147,3.866,2.011,1.46,8.349,5.541,8.349,7.918,12.48,12.297,11.167,7.929,10.694,5.648,3.324,2.561,49755,9.577,9.416,11.597,11.677,16.642,12.34,9.989,5.236,5.758,2.191,0.784,0.432
59019,New Westminster--Burnaby,12.539,6.84,8.649,9.059,11.932,11.342,9.665,7.589,9.288,4.502,1.825,1.754,12.924,5.382,8.079,7.016,11.044,10.44,9.836,8.549,10.966,5.886,2.685,2.529,46830,12.172,8.232,9.193,11.008,12.78,12.193,9.492,6.673,7.687,3.182,1.004,1.025
59020,North Okanagan--Shuswap,9.765,7.307,10.472,11.263,15.352,12.034,9.246,6.561,7.441,3.471,1.681,1.473,9.282,4.707,8.146,8.749,14.009,11.686,10.51,8.309,10.909,5.065,2.783,2.517,52270,10.216,9.728,12.636,13.612,16.616,12.359,8.054,4.926,4.19,1.99,0.65,0.507
59021,North Vancouver,10.362,5.962,7.731,7.523,11.023,9.969,9.57,7.217,10.515,6.049,3.822,5.465,10.061,4.761,7.135,5.644,9.464,8.535,8.707,7.113,12.172,7.721,5.231,8.719,47995,10.647,7.063,8.272,9.241,12.439,11.272,10.355,7.313,9.032,4.532,2.532,2.511
59022,Pitt Meadows--Maple Ridge,10.24,6.577,8.162,8.122,11.273,10.714,10.28,7.78,11.24,5.275,2.657,2.164,9.54,4.528,6.266,6.01,8.692,9.123,10.187,9.419,15.321,7.64,4.447,3.733,38920,10.92,8.517,9.969,10.123,13.733,12.243,10.38,6.218,7.336,3.032,0.964,0.668
59023,Port Moody--Coquitlam,11.299,6.469,7.853,7.223,10.82,10.088,9.632,7.572,10.342,5.675,3.243,3.676,10.466,4.565,6.254,6.003,9.461,9.575,8.948,8.423,13.045,7.281,4.771,5.889,45005,12.121,8.332,9.399,8.41,12.143,10.577,10.299,6.733,7.71,4.111,1.733,1.511
59024,Prince George--Peace River--Northern Rockies,9.524,6.231,6.97,8.058,11.794,11.262,8.738,7.78,10.837,6.734,3.589,3.571,8.135,3.941,4.597,6.314,10.139,9.402,8.377,8.342,14.933,9.886,5.703,6.118,41180,10.988,8.645,9.458,9.908,13.538,13.235,9.119,7.188,6.52,3.412,1.36,0.886
59025,Richmond Centre,16.996,7.171,10.365,8.489,11.117,9.34,8.265,5.754,7.395,3.604,2.187,2.417,17.298,5.669,8.927,7.272,10.172,9.351,8.106,6.424,9.205,4.821,2.967,4.026,42710,16.729,8.499,11.648,9.576,11.964,9.33,8.406,5.163,5.783,2.529,1.522,0.983
59026,Esquimalt--Saanich--Sooke,8.406,6.016,8.194,8.115,12.429,12.312,11.99,8.606,11.16,5.049,2.03,1.644,8.337,4.354,6.384,6.569,10.563,11.436,11.818,9.297,14.797,6.907,3.143,2.488,48760,8.48,7.568,9.895,9.578,14.182,13.146,12.151,7.947,7.732,3.302,0.964,0.851
59027,Saanich--Gulf Islands,8.932,5.826,8.052,8.523,13.003,11.422,10.16,7.906,10.934,5.495,2.916,3.28,8.259,4.565,6.753,6.706,10.435,11.024,9.671,9.4,13.494,6.718,4.153,5.247,46665,9.536,6.975,9.236,10.179,15.343,11.797,10.618,6.536,8.615,4.382,1.8,1.489
59028,Skeena--Bulkley Valley,11.835,7.714,8.763,9.43,13.586,10.507,8.061,6.095,9.187,4.864,2.425,1.703,12.2,5.854,7.028,7.901,11.558,9.075,8.242,7.014,12.705,6.864,3.821,2.77,35310,11.456,9.643,10.578,11.031,15.69,11.994,7.873,5.126,5.537,2.775,0.991,0.595
59029,South Okanagan--West Kootenay,9.08,6.863,9.86,11.87,15.8,12.088,8.948,6.359,7.526,3.936,1.639,1.713,8.731,4.584,8.36,9.833,14.166,11.546,9.877,7.749,10.717,5.708,2.576,2.979,48450,9.401,9.009,11.28,13.818,17.348,12.59,8.07,5.046,4.52,2.27,0.743,0.516
59030,South Surrey--White Rock,9.249,6.009,7.286,8.309,12,9.853,8.843,7.229,10.729,6.022,3.926,6.124,8.608,4.344,5.882,6.355,9.35,8.824,8.351,7.825,12.763,7.825,5.532,10.227,41650,9.82,7.503,8.535,10.06,14.37,10.768,9.28,6.699,8.92,4.418,2.497,2.473
59031,Steveston--Richmond East,15.205,7.256,9.481,8.764,11.914,10.431,8.335,6.251,8.133,3.708,2.004,1.851,15.514,5.674,8.383,7.08,11.042,9.827,8.371,7.067,10.339,4.933,3.003,2.85,42455,14.922,8.715,10.493,10.329,12.719,10.988,8.303,5.5,6.077,2.567,1.084,0.93
59032,Surrey Centre,13.234,7.762,11.483,10.565,14.264,11.472,9.172,5.669,6.01,1.964,0.89,0.515,13.292,5.623,9.624,9.024,13.814,11.269,9.924,7.368,8.835,2.878,1.556,0.834,44365,13.186,9.918,13.366,12.127,14.719,11.653,8.408,3.933,3.133,1.037,0.214,0.18
59033,Surrey--Newton,12.204,7.473,11.106,9.868,14.733,11.688,9.05,6.023,5.926,2.426,0.964,0.74,12.449,5.254,9.358,8.135,14.204,11.942,9.705,7.825,8.147,3.4,1.459,1.261,41985,11.957,9.599,12.79,11.528,15.244,11.433,8.408,4.287,3.787,1.477,0.488,0.226
59034,Vancouver Centre,12.772,5.086,7.403,7.691,10.287,9.473,9.861,7.996,11.133,6.047,4.135,4.744,12.518,4.295,6.92,7.002,9.414,9.251,9.047,8.152,12.121,6.737,5.384,6.564,46040,13.043,5.919,7.917,8.438,11.229,9.709,10.73,7.819,10.078,5.311,2.802,2.802
59035,Vancouver East,10.504,6.296,12.728,12.14,13.25,10.161,9.64,5.698,7.802,3.887,2.066,1.821,10.446,5.502,11.453,10.807,13.936,10.118,9.845,6.322,8.291,4.441,2.735,2.778,46260,10.56,7.08,13.975,13.467,12.57,10.192,9.436,5.08,7.328,3.34,1.405,0.886
59036,Vancouver Granville,12.759,5.722,7.958,7.613,10.482,9.629,8.84,7.105,9.653,5.792,3.786,5.843,13.354,4.828,7.549,5.806,9.68,8.978,8.226,7.461,9.793,6.884,4.564,8.752,46885,12.264,6.484,8.318,9.139,11.155,10.184,9.353,6.804,9.534,4.863,3.146,3.37
59037,North Island--Powell River,9.364,7.18,9.248,10.009,13.953,12.402,9.306,6.814,8.702,4.804,1.905,1.783,8.516,4.786,7.05,7.531,10.909,11.941,10.897,8.551,12.258,7.66,3.167,3.003,43445,10.185,9.529,11.405,12.453,16.941,12.855,7.745,5.098,5.225,2.014,0.656,0.598
59038,Vancouver Kingsway,13.827,6.555,11.691,11.022,13.625,10.774,9.481,5.644,6.342,3.162,1.327,1.148,14.639,4.896,10.782,8.884,12.943,10.937,9.648,6.806,7.809,3.893,2.101,1.564,44770,13.067,8.097,12.531,13.011,14.262,10.621,9.325,4.545,4.981,2.468,0.625,0.759
59039,Vancouver Quadra,13.787,6.803,7.152,7.129,9.201,8.066,7.408,6.041,9.37,6.105,4.312,9.393,13.427,5.463,6.608,5.463,8.126,7.417,6.409,5.936,9.93,6.956,5.027,14.199,45740,14.101,7.991,7.619,8.592,10.144,8.636,8.286,6.132,8.887,5.345,3.684,5.171
59040,Vancouver South,14.063,7.395,11.308,10.723,13.246,10.759,8.016,5.702,6.489,3.215,1.384,1.294,14.724,5.652,10.89,8.421,12.419,11.028,8.308,6.416,7.531,4.386,1.967,2.068,43935,13.463,8.979,11.688,12.814,13.998,10.504,7.739,5.042,5.554,2.151,0.865,0.592
59041,Victoria,8.314,6.218,9.261,9.362,13.823,12.188,10.362,7.732,9.859,4.715,2.625,3.032,7.889,5.357,8.71,7.484,12.165,11.659,10.466,8.418,11.332,5.863,3.646,4.569,50050,8.691,6.983,9.75,11.029,15.295,12.657,10.28,7.113,8.551,3.696,1.718,1.678
59042,West Vancouver--Sunshine Coast--Sea to Sky Country,10.051,5.834,7.996,8.209,12.505,11.131,8.816,6.473,9.241,4.977,3.391,6.665,10.052,4.392,5.78,6.556,10.927,9.823,8.588,7.004,11.375,6.447,4.655,9.976,48160,10.05,7.205,10.102,9.78,14.005,12.375,9.032,5.959,7.216,3.571,2.191,3.52
60001,Yukon,7.11,5.528,5.856,6.965,11.457,10.929,9.365,8.802,15.185,8.274,4.11,2.673,7.379,4.58,5.816,6.798,11.85,8.47,9.015,8.142,15.413,9.669,5.271,3.853,13735,6.844,6.516,5.897,7.135,11.103,13.396,9.72,9.501,14.962,6.917,2.949,1.456
61001,Northwest Territories,8.929,6.394,6.63,5.984,9.307,7.543,6.504,6.205,11.669,11.102,9.055,6.016,8.582,5.442,6.001,5.1,8.302,7.276,6.405,6.343,10.572,11.723,10.541,8.862,15675,9.282,7.337,7.273,6.858,10.335,7.815,6.603,6.093,12.823,10.463,7.528,3.094
62001,Nunavut,13.718,10.776,8.071,7.012,11.2,7.294,5.153,3.6,6.965,7.435,6.941,5.129,15.307,9.991,6.095,6.095,10.678,7.424,5.591,4.17,7.699,6.874,6.874,6.279,10345,12.035,11.648,10.198,7.975,11.696,7.105,4.64,2.997,6.187,8.072,7.008,3.963