Geo_Code,FED_Name,TotIncome2010Pop15YearsAndOver,Under5000,5000To9999,10000To14999,15000To19999,20000To29999,30000To39999,40000To49999,50000To59999,60000To79999,80000To99999,100000To124999,125000AndOver,MaleTotIncome2010Pop15YearsAndOver,MaleUnder5000,Male5000To9999,Male10000To14999,Male15000To19999,Male20000To29999,Male30000To39999,Male40000To49999,Male50000To59999,Male60000To79999 ,Male80000To99999,Male100000To124999,Male125000AndOver,FemaleTotIncome2010Pop15YearsAndOver,FemaleUnder5000,Female5000To9999,Female10000To14999,Female15000To19999,Female20000To29999,Female30000To39999,Female40000To49999,Female50000To59999,Female60000To79999,Female80000To99999,Female100000To124999,Female125000AndOver
10001,Avalon,66685,4845,5295,6230,7845,9740,8845,5760,4100,5505,2840,1220,1320,32510,2055,1555,2040,3010,4255,4615,3465,2630,3420,1975,985,1175,34180,2790,3740,4190,4835,5485,4230,2290,1475,2085,860,240,145
10002,Bonavista--Burin--Trinity,65810,5010,5210,7990,11525,12540,7325,4085,2695,2975,1625,885,660,32430,1940,1520,2645,4945,6100,4785,2640,1925,2065,1235,765,595,33380,3075,3690,5350,6575,6435,2540,1440,765,910,395,120,65
10003,Coast of Bays--Central--Notre Dame,65760,4565,6080,8490,9690,11320,7425,4795,2800,3425,1885,990,700,31980,1730,1810,2795,3995,5610,4730,3245,1865,2095,1295,820,590,33785,2845,4275,5695,5690,5710,2695,1550,935,1330,595,170,110
10004,Labrador,21230,1770,1420,1525,1835,2930,2285,1605,1370,1945,1570,1175,710,10730,730,565,645,665,1170,1070,705,815,1130,1130,1055,655,10495,1040,850,880,1170,1765,1220,900,555,815,435,115,55
10005,Long Range Mountains,74555,5790,5930,8425,11245,12930,8850,5900,3375,4305,2350,790,740,35935,2590,2040,3020,4470,5945,5315,3565,2060,2570,1490,630,685,38620,3205,3895,5395,6775,6985,3530,2330,1320,1735,860,165,55
10006,St. John's East,67730,5680,5300,5645,5420,9135,7835,6130,4755,6635,3925,1935,2760,32405,2715,2240,2235,1910,3875,3465,2910,2445,3665,2265,1325,2205,35325,2970,3060,3405,3510,5265,4370,3220,2310,2970,1660,610,555
10007,St. John's South--Mount Pearl,69275,4770,5245,6105,6465,10455,9480,6820,4945,6115,2875,1565,1535,32510,2100,2025,2245,2210,4455,4295,3490,2875,3310,1645,1245,1320,36765,2675,3225,3860,4255,6000,5190,3330,2075,2805,1230,325,220
11001,Cardigan,29335,2360,2290,2405,2910,5190,4535,2880,2120,2115,815,360,335,14375,1270,795,1040,1190,2345,2280,1510,1220,1200,585,280,280,14955,1095,1500,1365,1720,2845,2250,1370,900,920,225,80,50
11002,Charlottetown,28490,2415,2285,3040,2710,4195,3575,2870,2210,2135,860,560,580,13120,1115,1010,1170,985,1840,1520,1500,1175,995,475,315,470,15375,1300,1275,1870,1720,2360,2055,1365,1035,1140,380,245,110
11003,Egmont,27865,2030,1940,2725,3320,5325,4255,3155,1595,1585,425,235,210,13490,995,725,965,1265,2455,2440,1575,985,920,320,180,175,14375,1030,1210,1760,2050,2865,1810,1585,610,665,105,55,30
11004,Malpeque,28510,2375,2195,2245,2690,4690,4245,3410,2130,2235,630,395,410,13920,1080,625,730,1130,2235,2205,1885,1240,1390,450,300,310,14595,1300,1570,1510,1560,2455,2040,1530,895,840,185,95,100
12001,Cape Breton--Canso,63415,4570,6515,6035,7650,10275,7925,5880,3790,4740,1835,760,550,30585,2160,2205,2040,3020,4795,4035,3400,2505,2810,1185,570,480,32830,2410,4315,3995,4625,5480,3890,2480,1290,1935,645,190,70
12002,Central Nova,62380,4690,5265,5840,6770,9945,8280,6275,3930,4490,2130,935,875,30215,1965,2025,2070,2585,4175,4135,3550,2615,2970,1400,680,715,32170,2725,3245,3775,4185,5765,4145,2730,1310,1520,730,255,165
12003,Cumberland--Colchester,67975,5830,6475,6545,7520,11055,9360,6100,4265,4535,1725,610,755,32555,2505,1900,2220,3155,4605,5015,4030,2685,2855,1185,430,620,35425,3325,4580,4320,4370,6445,4340,2070,1580,1685,540,175,135
12004,Dartmouth--Cole Harbour,76255,5755,5610,6315,6295,10290,9695,8205,6165,8015,3665,1600,1475,36000,2525,2085,1960,2140,4285,4235,4115,3515,4835,2575,1130,1165,40260,3230,3525,4355,4155,6000,5460,4090,2650,3180,1095,470,310
12005,Halifax,79065,8495,6770,6990,6835,10740,8795,7135,5115,7580,3440,1745,2520,37765,4530,2740,2810,2810,4640,3705,3485,2800,4265,1980,1040,1780,41300,3960,4030,4185,4025,6100,5090,3650,2320,3315,1455,705,745
12006,Halifax West,71890,5625,5140,5500,5665,8625,9075,6920,5300,8610,4030,2040,2270,33895,2700,1895,1725,2215,3570,3760,3240,2655,4810,2515,1565,1810,37990,2930,3255,3780,3445,5055,5315,3680,2645,3805,1515,475,460
12007,Kings--Hants,68735,6025,6355,5945,6870,10000,9020,6750,4805,5670,2095,970,715,33240,2580,1940,2170,2670,4515,4115,4085,3050,3845,1515,675,560,35490,3445,4415,3770,4200,5485,4905,2665,1760,1825,580,295,150
12008,Sackville--Preston--Chezzetcook,69480,5970,5130,5355,4590,8485,8850,7410,5815,7810,3850,1485,1280,33955,2755,1665,1510,1850,3375,3945,3900,3330,5125,2690,1140,1105,35525,3220,3465,3840,2745,5115,4905,3505,2485,2685,1160,350,175
12009,South Shore--St. Margarets,78550,7015,6795,7525,8925,11690,9955,7255,5145,6065,2355,1140,980,38505,2865,2010,2640,3690,5480,5260,4470,3415,3930,1745,840,780,40040,4150,4785,4885,5235,6205,4690,2790,1725,2130,605,295,195
12010,Sydney--Victoria,60750,4955,6575,6240,6535,10990,7560,4660,3465,4085,1445,525,495,28535,2525,2485,2050,2765,5025,3635,2550,2065,2305,885,395,405,32215,2430,4090,4190,3770,5965,3925,2110,1405,1785,560,130,90
12011,West Nova,69570,5975,6570,7270,8710,11570,9100,5920,3695,4720,1400,660,500,33390,2550,2085,2560,3380,5320,5070,3665,2415,2990,955,505,440,36180,3425,4485,4710,5335,6250,4035,2260,1285,1730,445,155,65
13001,Acadie--Bathurst,67970,5340,6775,7415,9055,12560,8260,5475,3135,4225,1550,855,510,33510,2400,2495,2590,3415,6120,4970,3435,1960,2545,1200,760,450,34455,2940,4280,4825,5640,6440,3290,2035,1175,1680,345,100,55
13002,Beausejour,66495,4410,5245,5415,7065,11465,9935,7440,4440,5125,1950,895,830,32855,1985,1780,1725,2870,5635,5345,4480,2885,2680,1245,655,665,33640,2430,3460,3695,4190,5830,4590,2965,1550,2445,710,240,165
13003,Fredericton,66900,6090,5220,5300,5805,8995,8055,6760,5420,7055,2670,1475,1420,32280,2780,1815,1955,2145,3575,3675,3495,3290,4415,1765,1055,1170,34615,3315,3400,3350,3660,5415,4385,3265,2130,2645,900,420,250
13004,Fundy Royal,64535,5405,4990,5295,5795,8930,8250,6735,4435,5795,2745,1525,1260,31670,2240,1520,1685,2190,3715,4190,3950,2875,3505,2105,1210,1040,32860,3170,3475,3615,3605,5220,4065,2785,1560,2285,645,315,220
13005,Madawaska--Restigouche,52520,3800,5645,5095,6605,9005,7890,4785,2595,3435,940,285,435,25495,1750,1985,1840,2600,4075,4590,2980,1560,2120,695,220,340,27020,2050,3660,3250,4010,4930,3300,1805,1040,1310,240,60,95
13006,Miramichi--Grand Lake,50130,4270,4470,5310,6310,9195,6515,4835,2555,2665,705,410,395,24380,1935,1445,1745,2535,4270,3700,3250,1820,1555,420,370,370,25745,2330,3025,3570,3775,4930,2810,1580,730,1110,285,45,30
13007,Moncton--Riverview--Dieppe,74750,5690,5905,6415,7350,12975,11035,6865,4795,6360,2580,1235,1175,35385,2575,2225,2370,2685,5635,5445,3755,2840,3395,1685,835,880,39365,3120,3680,4045,4665,7340,5595,3110,1955,2965,900,400,295
13008,New Brunswick Southwest,54630,4675,4420,4940,5590,8580,6645,5575,3970,4285,1900,865,730,26745,2280,1390,1605,2155,3605,3420,3310,2590,2680,1330,725,655,27885,2395,3030,3335,3435,4975,3230,2265,1380,1605,575,140,75
13009,Saint John--Rothesay,67275,5555,5410,6300,7210,10560,8060,5880,4220,5755,2445,1190,1405,31555,2485,1975,2445,2370,4325,3725,3125,2495,3375,1775,1030,1020,35720,3065,3435,3850,4845,6240,4330,2750,1725,2380,665,165,385
13010,Tobique--Mactaquac,57245,5370,5190,5290,6790,9210,7925,4975,3570,3535,1240,680,605,27985,2460,1625,1960,2640,4330,4245,3230,2260,2105,930,520,470,29260,2915,3565,3335,4150,4875,3680,1745,1315,1430,310,160,135
24001,Abitibi--Baie-James--Nunavik--Eeyou,64695,5420,5295,6315,6020,9060,7780,6175,4780,5550,2610,1635,925,32695,2960,1995,2640,2525,3950,3515,3405,2905,3640,1865,1290,685,32000,2460,3300,3670,3495,5115,4265,2770,1875,1915,750,345,240
24002,Abitibi--Temiscamingue,83335,6365,6065,8245,8865,11770,11530,8740,5735,6700,2850,1725,1105,41880,2810,2255,2795,3655,5355,6170,4885,3515,4310,2210,1495,915,41455,3555,3810,5445,5210,6415,5365,3850,2215,2380,635,230,195
24003,Ahuntsic-Cartierville,89020,8040,8000,10085,9285,12845,10325,7205,5190,6560,3230,1765,2020,43035,4455,3595,4180,3825,6055,4870,3390,2660,3455,1830,1205,1430,45985,3590,4400,5905,5460,6790,5450,3810,2525,3110,1405,565,590
24004,Alfred-Pellan,78815,6550,5640,6570,6505,10695,10875,8380,5880,7195,2770,1545,1825,37940,3550,2105,2295,2470,4830,5060,4145,3155,4140,1805,1135,1370,40875,2995,3535,4280,4035,5865,5810,4235,2725,3060,965,410,455
24005,Argenteuil--La Petite-Nation,78270,5415,5870,8835,8935,11985,10610,7895,5615,5770,2090,905,760,39105,2475,2305,3630,4090,5625,5235,4575,3370,3630,1425,685,600,39165,2945,3565,5210,4845,6360,5370,3320,2250,2135,665,220,160
24006,Avignon--La Mitis--Matane--Matapedia,61920,4580,5220,7480,8910,10890,8790,5325,3175,3205,1050,335,330,30745,2070,1975,2875,3920,5340,4825,3230,2135,2090,740,250,250,31175,2510,3245,4610,4995,5550,3960,2095,1040,1110,310,85,80
24007,Beauce,86010,5970,6045,9170,10100,14795,14245,9505,5440,4780,1255,545,840,43460,2775,2020,3490,3985,7110,7760,6210,3475,3270,935,400,670,42550,3200,4020,5680,6110,7685,6485,3295,1965,1505,320,150,170
24008,Beauport--Limoilou,78375,5115,5830,9155,9015,13660,12175,8100,5340,5250,1445,680,485,37465,2505,2340,3510,3465,6295,6025,4115,3080,3235,965,580,420,40910,2610,3485,5645,5550,7365,6145,3985,2260,2010,480,95,60
24009,Becancour--Nicolet--Saurel,78520,6225,6280,9355,9175,12285,10775,7340,4500,5400,2125,930,835,39065,2590,2025,3395,3810,6190,5980,4470,2640,3680,1740,780,675,39450,3630,4260,5960,5365,6090,4790,2870,1860,1725,380,150,160
24010,Bellechasse--Les Etchemins--Levis,92100,5680,6110,9080,9370,14490,14870,11315,6910,7085,2125,1115,1190,45415,2700,2055,3190,4040,6645,7630,6415,4045,4270,1495,885,940,46690,2980,4055,5890,5335,7850,7240,4900,2865,2815,630,225,255
24011,Beloeil--Chambly,87115,5790,5580,7020,6605,11105,10865,10475,7890,9580,4160,2310,2105,42795,2695,1850,2405,2505,4930,4820,5120,4400,6090,2850,1725,1750,44325,3095,3730,4620,4110,6175,6045,5350,3485,3490,1305,590,360
24012,Berthier--Maskinonge,82000,5865,6800,9175,10070,13255,12030,8355,4945,4940,1615,635,525,41345,2880,2400,3215,4570,6095,6895,5115,3195,3415,1235,595,445,40655,2985,4405,5960,5495,7165,5130,3240,1750,1530,380,35,85
24013,Therese-De Blainville,77700,6160,5025,6410,5965,9290,9140,8175,6385,8090,3820,2170,2995,37955,3000,1640,2470,2220,3895,4105,4120,3375,4820,2665,1555,2305,39750,3165,3390,3940,3740,5390,5030,4060,3015,3275,1150,615,685
24014,Pierre-Boucher--Les Patriotes--Vercheres,77410,5095,4650,5825,5070,8980,9105,8800,6920,9065,4755,2780,3000,38300,2425,1510,2120,1880,3795,4075,4320,3900,5430,3325,1995,2185,39115,2675,3145,3710,3190,5190,5030,4485,3015,3640,1430,780,815
24015,Bourassa,79680,7750,8180,10280,10420,13335,10690,5790,3705,3125,1085,430,295,37135,4035,3240,3955,4125,6055,5485,2965,2090,1790,725,305,235,42545,3715,4930,6325,6295,7275,5205,2825,1610,1335,360,125,55
24016,Brome--Missisquoi,82240,5525,6365,8855,9250,13920,11730,8340,5050,5480,2125,1115,1660,40795,2615,2270,3415,3975,6415,5970,4790,3220,3460,1515,835,1310,41445,2910,4095,5445,5275,7505,5755,3555,1835,2025,610,280,350
24017,Brossard--Saint-Lambert,84020,7535,5645,7720,6420,10295,9625,8075,6130,8000,4100,2700,3890,39965,3615,2150,3025,2595,4375,4230,3785,3125,4165,2445,1865,2915,44055,3925,3505,4695,3825,5920,5395,4285,3000,3835,1655,835,980
24018,Rimouski-Neigette--Temiscouata--Les Basques,70010,4825,5280,7685,8550,11960,10095,7225,4425,4720,1450,645,615,34305,2205,2010,2935,3980,5580,5300,3895,2625,2760,1055,515,490,35705,2620,3265,4755,4580,6380,4795,3335,1795,1960,395,125,130
24019,Charlesbourg--Haute-Saint-Charles,85500,5100,5505,7085,7370,12530,14010,11320,6985,8090,2695,1045,940,41210,2390,1765,2740,2720,5215,6605,5670,4110,5280,1945,815,780,44285,2715,3740,4345,4650,7310,7405,5655,2875,2810,750,230,165
24020,Beauport--Cote-de-Beaupre--ile d'Orleans--Charlevoix,76125,4825,5150,7050,7865,11820,11590,9075,5755,6540,1890,1115,940,37835,2285,1840,2575,3285,5425,6215,4780,3455,4130,1405,880,785,38290,2545,3315,4475,4580,6400,5375,4295,2295,2415,480,235,150
24021,Chateauguay--Lacolle,74705,5845,4770,7005,7155,10850,10815,8540,5920,6440,2055,895,655,36740,3010,1670,2490,2750,4945,5270,4490,3520,4350,1505,655,510,37965,2845,3100,4510,4410,5905,5545,4050,2405,2090,550,245,150
24022,Chicoutimi--Le Fjord,68490,5540,5380,7500,7485,9425,9300,6385,4690,5305,2115,1385,1200,33700,2380,1865,2390,2535,4185,5070,3860,3120,3540,1740,1150,1020,34795,3170,3510,5105,4945,5245,4230,2525,1570,1760,375,235,180
24023,Compton--Stanstead,81475,5565,5745,7605,8175,12845,12600,9550,5685,6090,2190,865,1020,40945,2830,2085,2795,3900,5830,6405,5295,3460,3835,1530,660,830,40535,2735,3660,4805,4280,7015,6195,4250,2220,2260,660,205,190
24024,Dorval--Lachine--LaSalle,87560,8175,7505,8900,9230,13565,11505,8040,5085,5815,2335,1180,1390,41640,4395,3055,3560,3710,6155,5485,3745,2635,3385,1530,815,1010,45925,3780,4445,5340,5515,7410,6025,4290,2450,2430,810,365,380
24025,Drummond,79445,5750,6720,8850,9375,12995,12110,8240,4920,4595,1350,560,625,39515,2810,2455,3275,3740,6090,6600,4815,3410,3085,1035,415,470,39935,2940,4265,5570,5635,6905,5510,3425,1515,1510,315,145,155
24026,Gaspesie--Les iles-de-la-Madeleine,67555,4415,5285,8970,9205,12640,9815,6040,3300,3515,985,390,375,33010,1970,2020,3475,4115,6280,5540,3380,1815,2210,630,295,245,34545,2445,3265,5495,5090,6360,4275,2660,1490,1310,355,95,135
24027,Gatineau,87355,6330,5500,7535,7115,10415,10360,10030,8770,9970,3960,1785,1285,41865,2995,2120,2925,2895,4350,5320,5155,4050,5500,2420,1265,965,45490,3335,3380,4605,4220,6060,5035,4870,4720,4470,1545,525,320
24028,Hochelaga,87845,7320,8290,11070,9630,13815,11610,8495,5255,5200,1860,910,870,43095,3800,4050,4670,4040,6415,5910,4380,2935,3080,1055,555,595,44750,3520,4240,6405,5590,7400,5705,4115,2315,2115,805,360,275
24029,Honore-Mercier,84425,6970,5990,9065,9055,12915,11510,8450,5575,5920,2210,1190,1015,39310,3645,2130,3300,3380,5870,5560,4270,2950,3180,1345,890,745,45115,3320,3860,5770,5670,7045,5950,4180,2625,2740,865,300,270
24030,Hull--Aylmer,84715,6580,5955,7335,7125,9400,8820,8015,8065,9655,5255,2790,1965,40600,3565,2525,2975,2950,4470,4035,3735,3865,4775,2930,1760,1420,44125,3010,3430,4360,4180,4925,4780,4280,4195,4880,2320,1030,545
24031,Joliette,83910,5340,7165,9780,10805,13725,11995,7935,4615,5670,1910,700,810,41255,2590,2690,3570,4425,6620,6375,4545,2915,3765,1440,560,605,42655,2755,4480,6210,6380,7100,5620,3390,1700,1905,470,145,210
24032,Jonquiere,72585,5445,5870,6910,7250,10070,9945,7205,5165,5280,3350,1255,860,36285,2195,1870,2350,2520,4430,5435,4450,3400,3555,2900,1130,725,36300,3250,3995,4560,4730,5635,4510,2750,1760,1725,450,130,135
24033,La Pointe-de-l'ile,86040,6425,7270,8335,8195,13450,12555,9140,6000,6460,2460,1140,700,40965,3240,2995,3235,2885,6015,6200,4545,3445,3885,1625,720,555,45070,3185,4270,5095,5310,7440,6350,4595,2560,2580,830,415,145
24034,La Prairie,79175,5725,4850,5670,5635,8620,9755,9030,7295,9805,4350,2240,2135,39090,2690,1665,2125,2045,3595,4430,4175,3995,6015,3055,1620,1645,40080,3035,3180,3545,3595,5020,5325,4850,3300,3785,1300,620,485
24035,Lac-Saint-Jean,86270,6655,6815,9500,9825,13350,12530,8500,5860,5880,2370,865,595,43390,2725,2200,3425,3935,6255,7210,5240,3925,4080,1970,745,480,42875,3930,4610,6075,5885,7095,5320,3260,1935,1800,400,120,120
24036,Lac-Saint-Louis,87180,9070,5845,7250,6425,9240,8815,7475,5710,8210,4650,3460,5875,41885,4150,2270,2915,2595,3745,3765,3205,2740,4435,2815,2440,4595,45300,4915,3575,4335,3830,5495,5050,4265,2965,3770,1835,1020,1285
24037,LaSalle--emard--Verdun,88890,7840,8230,9930,10025,13730,11585,8425,5275,6075,2195,925,730,42220,4265,3475,3880,4070,6340,5640,4160,2630,3570,1350,585,470,46670,3580,4755,6050,5960,7390,5940,4270,2640,2505,845,340,260
24038,Laurentides--Labelle,94535,6725,7485,9835,12200,16040,13025,9070,5590,5850,2300,1165,1540,46880,3150,2960,3535,5845,7765,6685,5180,3245,3555,1655,860,1125,47650,3570,4525,6295,6360,8275,6340,3890,2340,2290,645,300,415
24039,Laurier--Sainte-Marie,94010,10060,8045,10655,9605,12925,10055,8880,5990,7335,3365,1905,2310,50590,5850,4335,5265,4725,6590,5325,4775,3225,4190,2210,1240,1665,43420,4215,3710,5390,4880,6340,4725,4105,2765,3150,1155,665,645
24040,Laval--Les iles,82015,6695,5790,8370,7775,10980,10575,7950,5810,7095,3310,1675,1805,39940,3255,2150,3035,3420,5325,4855,3810,3385,4090,2275,1210,1365,42075,3440,3640,5330,4360,5655,5715,4140,2425,3005,1040,470,440
24041,Longueuil--Charles-LeMoyne,88300,7485,7665,9165,9565,13660,13115,8920,5855,5225,2045,770,585,43135,3885,2905,3650,3745,6185,6930,4595,3495,3535,1330,555,465,45165,3600,4765,5515,5820,7475,6185,4330,2360,1685,715,215,115
24042,Levis--Lotbiniere,85465,5360,5505,6595,6895,10725,13250,11205,7875,8820,3145,1690,1425,42990,2675,2075,2370,2700,4835,6210,5960,4645,5730,2220,1280,1165,42470,2685,3425,4225,4195,5895,7040,5245,3230,3095,920,415,255
24043,Longueuil--Saint-Hubert,86895,6290,6255,8755,7655,12455,11480,8990,6345,7590,3505,1810,1870,41490,3150,2575,2990,2785,5475,5665,4495,3345,4420,2190,1300,1455,45405,3135,3685,5760,4875,6985,5810,4490,2995,3165,1315,505,410
24044,Louis-Hebert,88910,6255,6585,8070,7480,10210,10265,9565,7350,9315,4715,2670,3655,41995,2860,2645,3025,3085,4145,4445,4445,3505,5160,2955,1775,2675,46915,3395,3940,5045,4395,6070,5820,5115,3845,4150,1755,900,980
24045,Louis-Saint-Laurent,88265,5850,5010,6885,6770,11170,13240,11875,8590,9635,3420,1525,1305,43065,2855,1665,2200,2545,4465,6205,5890,5030,6435,2420,1150,1070,45195,3000,3350,4690,4225,6705,7035,5985,3560,3195,995,380,240
24046,Manicouagan,77175,5800,5920,6905,7675,10330,9540,7175,4775,7295,4480,2570,1185,39080,2905,2295,2385,2715,4275,4560,3865,3015,4890,3580,2335,1020,38095,2895,3630,4520,4955,6055,4980,3310,1760,2400,900,240,165
24047,Megantic--L'erable,72935,4835,6140,8055,9825,13620,11525,7580,3735,3430,750,345,430,36620,2355,2100,3080,4050,6895,6480,4820,2545,2110,560,260,350,36315,2480,4040,4980,5775,6725,5040,2760,1190,1320,185,90,85
24048,Mirabel,80155,6310,4885,6225,6650,11045,11835,9435,7125,7655,2645,1165,980,40345,3040,1625,2215,2600,4390,5710,5480,4455,5320,1970,950,860,39805,3275,3260,4005,4050,6650,6130,3955,2670,2335,680,220,115
24049,Montarville,75475,5340,4830,5320,5010,7885,8125,8065,7015,9690,4900,2715,3085,36650,2535,1520,2030,1855,3060,3635,3665,3575,5450,3395,1920,2505,38820,2805,3305,3295,3155,4825,4495,4400,3440,4235,1505,795,580
24050,Montcalm,79310,5685,5985,7400,7745,11715,11865,9185,6095,6165,1920,810,540,40100,2795,2055,2775,2990,5345,6230,5440,3845,4500,1360,670,430,39205,2890,3935,4625,4755,6370,5630,3750,2245,1665,560,140,110
24051,Montmagny--L'Islet--Kamouraska--Riviere-du-Loup,79710,5235,6295,8745,10260,13665,12970,8330,4755,4220,1265,470,695,39590,2295,2065,2980,4285,6670,7285,5235,3140,2695,930,380,560,40120,2935,4225,5765,5975,6990,5680,3100,1610,1530,330,90,135
24052,Mount Royal,80590,8880,6715,8775,7975,11185,8275,5285,3680,4880,2695,2140,5175,36830,4735,2650,3580,3140,4755,3625,2115,1650,2190,1320,1325,3570,43760,4145,4065,5190,4835,6430,4650,3170,2030,2690,1370,825,1600
24053,Notre-Dame-de-Grace--Westmount,86860,10290,7135,8445,7430,10090,8670,6125,4455,6920,3655,2615,6265,40535,5220,2475,3670,3070,4565,3990,2735,1845,3335,1850,1480,4185,46330,5075,4655,4775,4360,5525,4680,3390,2605,3585,1805,1135,2080
24054,Outremont,83145,10640,7425,9830,7775,10690,7995,6010,4055,5650,2990,2015,3520,39940,6155,3430,4330,3300,4775,3620,2575,1870,2720,1610,1285,2225,43205,4485,3995,5500,4470,5920,4380,3435,2190,2930,1380,730,1300
24055,Papineau,90765,8800,9920,12260,11895,14760,10700,7000,4105,4370,1360,700,450,45020,4775,4580,5300,5290,7430,5650,3435,2285,2525,780,475,315,45750,4025,5345,6965,6605,7335,5045,3565,1815,1845,580,230,135
24056,Pierrefonds--Dollard,88390,9060,5970,8385,7745,11740,10050,8045,6045,7195,3410,2310,2935,42565,4360,2245,3215,3020,5235,4625,3900,3275,3825,2340,1625,2375,45825,4695,3730,5175,4720,6500,5425,4140,2770,3365,1070,690,560
24057,Pontiac,85915,6180,5965,7260,7015,9930,9665,8750,7760,9950,4915,2510,1905,43100,3265,2240,3095,3100,4905,5020,4775,4040,5025,2760,1630,1305,42815,2915,3720,4165,3915,5025,4645,3975,3720,4930,2160,880,605
24058,Portneuf--Jacques-Cartier,83295,5585,5335,6335,7120,11530,11710,9390,7215,9055,3740,1730,1720,42255,2310,1855,2285,2875,5150,5780,5220,4505,5970,2610,1305,1370,41035,3280,3480,4045,4245,6385,5925,4175,2710,3080,1130,425,350
24059,Quebec,83470,5140,6200,9365,9160,12950,12465,8915,5760,6390,2555,1115,1365,40275,2640,2730,3805,3695,5590,6315,4465,3185,3830,1635,675,965,43195,2495,3465,5560,5475,7355,6150,4440,2580,2555,925,445,405
24060,Repentigny,91950,6575,5945,7810,7660,11770,12120,10470,8015,9940,3585,1680,1505,44560,3170,1935,2680,2920,4775,5665,5135,4500,6525,2690,1300,1240,47395,3405,4010,5130,4740,6995,6455,5335,3515,3415,890,375,260
24061,Richmond--Arthabaska,83810,5650,6855,9380,10005,14980,12630,8390,4860,5230,1635,570,740,41860,2840,2465,3355,4020,7130,6935,5020,3200,3500,1225,455,605,41950,2815,4395,6030,5985,7845,5695,3370,1655,1725,405,115,140
24062,Riviere-des-Mille-iles,83330,6455,5750,7245,7115,10945,10365,9105,6470,8335,3255,1820,2030,40440,2795,2095,2535,2830,4605,4815,4530,3630,5360,2285,1425,1585,42890,3660,3655,4705,4290,6345,5555,4575,2845,2970,970,390,450
24063,Riviere-du-Nord,83920,5845,7055,8745,9215,13450,11565,8610,5725,6480,2220,935,700,41225,2775,2520,3200,3845,6090,5715,4970,3535,4290,1630,710,585,42695,3065,4530,5545,5370,7355,5845,3645,2185,2195,590,220,120
24064,Rosemont--La Petite-Patrie,91020,7695,7765,9620,10125,13105,12090,9155,6135,6815,2970,1430,990,43970,4345,3480,4020,4405,5920,5970,4305,3125,3615,1770,905,720,47050,3345,4280,5595,5715,7190,6120,4855,3005,3200,1195,520,265
24065,Marc-Aurele-Fortin,76875,5985,4845,6670,5855,9015,9585,8855,6695,8270,3565,1790,1685,37240,3045,1520,2470,2215,4035,4570,4110,3555,4755,2495,1400,1300,39640,2945,3325,4205,3635,4980,5010,4745,3135,3515,1075,390,390
24066,Saint-Hyacinthe--Bagot,80885,4715,5585,8215,9005,13900,13845,8870,5195,5165,1515,710,750,39960,2450,1980,3090,3695,6165,7125,5185,3215,3350,1125,560,590,40925,2265,3610,5125,5310,7740,6725,3685,1980,1815,390,150,165
24067,Saint-Jean,87790,5910,6425,8175,9025,12645,12150,9835,6685,7735,2990,1225,1120,43190,2895,2455,2815,3645,5420,5840,5510,4105,5000,2135,920,840,44595,3015,3965,5360,5385,7220,6310,4325,2580,2740,855,300,280
24068,Saint-Laurent,73970,7790,6230,8635,7550,9995,8380,5345,4280,4870,2320,1470,2140,35470,4085,2645,3580,3300,4290,4045,2615,2220,2540,1445,935,1530,38500,3705,3590,5050,4250,5700,4335,2730,2065,2325,875,540,605
24069,Saint-Leonard--Saint-Michel,87950,8495,8335,10975,11730,15365,11440,6530,3745,3545,1235,610,555,41320,4585,3155,4140,4890,7115,5815,3325,2060,2075,835,425,410,46630,3905,5180,6835,6840,8250,5620,3210,1690,1470,400,180,140
24070,Saint-Maurice--Champlain,92355,6635,8070,10910,11635,14495,12830,8635,5590,5580,2150,770,630,46015,3010,2950,4015,4525,7050,7045,5230,3465,3875,1880,630,530,46345,3620,5115,6900,7110,7440,5785,3410,2125,1705,275,135,100
24071,Salaberry--Suroit,88735,7090,6265,8940,10235,13885,12695,8875,6090,6610,2235,1020,750,43675,3295,2015,3320,3975,6435,6785,5055,3720,4495,1740,835,540,45060,3800,4250,5615,6265,7450,5910,3820,2370,2115,500,185,210
24072,Shefford,87000,6155,6320,8640,9405,14610,13580,9325,5830,6135,1870,890,955,43110,3245,2250,3310,3725,6480,7115,5230,3640,3945,1395,645,820,43895,2905,4070,5335,5680,8135,6465,4090,2185,2195,475,245,135
24073,Sherbrooke,89485,6930,7855,11030,10630,14770,11505,8470,5330,5375,1970,980,1045,42615,3615,3300,4320,4340,6615,5235,4575,3155,3015,1275,725,725,46870,3320,4560,6705,6290,8155,6270,3900,2170,2360,695,255,320
24074,Vaudreuil--Soulanges,88270,6850,5525,6220,6655,10590,11410,10120,7440,9930,4165,2560,2660,43410,3185,1975,2315,2595,4445,5410,4785,4050,5915,3005,1940,2025,44860,3665,3550,3905,4065,6145,6000,5335,3395,4010,1160,615,630
24075,Terrebonne,84450,6080,5380,6705,7170,11290,11775,9335,7250,8640,3390,1495,1260,41675,2895,1750,2300,2675,4800,5485,4830,4250,5965,2465,1170,1020,42770,3185,3630,4405,4495,6485,6295,4505,3000,2675,930,320,240
24076,Trois-Rivieres,91285,6390,8055,11085,11260,14410,11950,8385,5340,6060,2460,1295,1255,43480,2855,3105,3920,4225,6735,6040,4470,3140,3815,1845,1015,1030,47800,3535,4950,7165,7030,7680,5905,3915,2205,2245,620,285,220
24077,Ville-Marie--Le Sud-Ouest--ile-des-Soeurs,89700,14370,8245,8785,7505,9400,8000,5900,5110,6545,3565,2550,5085,45570,8010,3790,4190,3405,4265,3660,2900,2585,3565,2250,1545,3605,44125,6365,4450,4595,4090,5140,4340,3000,2525,2980,1310,1000,1480
24078,Vimy,85755,6885,6500,9720,9255,13685,11485,8350,5490,5840,2040,1080,930,40920,3515,2460,3790,3550,6330,5455,4460,3135,3475,1295,720,735,44840,3375,4040,5925,5705,7350,6025,3895,2355,2365,745,360,195
35001,Ajax,86545,9430,6085,6335,5550,8080,8545,8270,7145,9890,6055,2820,2515,41250,4645,2305,2390,1970,3430,3970,3735,3315,5420,3680,1820,1945,45290,4780,3780,3945,3580,4655,4570,4530,3830,4465,2375,1000,575
35002,Algoma--Manitoulin--Kapuskasing,67185,5770,5185,6635,6605,10420,8750,6375,4450,4985,2910,1255,775,33325,2830,1605,2540,2195,4650,4740,3795,2750,3465,1855,925,670,33860,2945,3575,4095,4405,5770,4005,2580,1700,1525,1055,335,100
35003,Aurora--Oak Ridges--Richmond Hill,82325,10270,5600,5840,5380,8015,6615,5860,5795,8390,6250,3380,5135,40030,4990,2125,2220,1905,3590,3020,2560,2650,4530,3545,2310,3925,42300,5290,3475,3620,3470,4425,3595,3300,3150,3860,2710,1070,1210
35004,Barrie--Innisfil,79230,7665,5520,6380,5465,9135,8840,7460,5640,8710,5155,2790,1895,38885,3280,1850,2185,1995,3755,3940,3650,3350,5675,3395,2150,1550,40345,4380,3670,4190,3465,5380,4905,3810,2285,3040,1755,640,350
35005,Barrie--Springwater--Oro-Medonte,80365,7580,5720,6640,6860,11810,8645,7695,5600,7220,4335,2190,2185,38950,3700,2135,2545,2450,4760,4000,3905,3335,4575,2670,1495,1760,41415,3880,3585,4095,4410,7050,4640,3785,2265,2645,1665,690,430
35006,Bay of Quinte,90770,7930,6340,8670,8095,15445,11540,8685,6250,7445,3570,1575,1330,43720,3310,2335,3385,2950,6400,5685,4655,3745,4985,2425,1185,980,47050,4620,4005,5285,5145,9040,5850,4025,2510,2465,1140,385,350
35007,Beaches--East York,87540,9535,5585,6815,7030,10225,7990,6900,6045,8710,5760,3435,5000,41585,4535,2400,2895,2945,4480,3740,3050,3035,4275,3030,1990,3295,45960,5005,3185,3925,4080,5745,4250,3850,3010,4440,2725,1445,1705
35008,Brampton Centre,83110,9075,5580,6835,6915,11445,10185,8685,6160,7015,3195,1165,785,40425,4275,1930,2330,2590,5265,5090,4585,3580,4595,2140,780,545,42685,4795,3650,4505,4325,6180,5095,4105,2580,2415,1055,385,230
35009,Brampton East,74655,9745,5345,6700,7020,9170,8115,6585,4430,5475,2815,1350,1270,36745,4630,2005,2735,3135,4485,3825,3360,2520,3525,1720,1025,980,37910,5115,3340,3965,3890,4680,4290,3220,1915,1955,1095,325,295
35010,Brampton North,88255,10195,6195,7175,6575,10915,9685,8430,6685,7810,4210,1970,1510,43435,5185,2450,2775,2835,5200,4295,4335,3550,4725,2715,1315,1080,44815,5015,3740,4400,3745,5715,5390,4100,3140,3090,1485,655,425
35011,Brampton South,85105,10035,6130,7240,7730,11885,10070,7995,5800,6625,2880,1440,1235,41275,4915,2280,2860,3080,5480,4790,4060,3355,4105,1755,945,870,43835,5120,3845,4380,4650,6405,5275,3940,2440,2520,1130,495,360
35012,Brampton West,75780,8480,5030,6045,5610,8495,7710,8405,6850,7475,3515,1550,765,36460,3720,1820,2450,2080,3875,3630,4025,3585,4810,2255,1215,515,39315,4765,3210,3595,3535,4620,4080,4385,3270,2665,1260,335,250
35013,Brantford--Brant,106025,9900,7220,8980,9030,16485,13365,11050,7410,8475,4905,1835,1760,50755,4560,2635,2980,3170,6970,6125,5980,4340,5595,3200,1325,1380,55270,5345,4590,6000,5860,9510,7240,5075,3070,2875,1705,510,380
35014,Bruce--Grey--Owen Sound,87595,7385,6365,7815,8745,14335,11055,9285,5970,6645,3280,1500,1700,43020,3765,2140,2735,3450,6310,5880,4975,3735,4035,2035,1090,1365,44575,3620,4230,5080,5300,8025,5175,4310,2230,2610,1245,410,335
35015,Burlington,101200,8470,6010,7165,6990,12705,11545,9590,7970,10785,7135,3905,5125,48075,3850,2100,2455,2160,4970,5315,4465,3895,6185,4545,2690,3970,53130,4620,3915,4715,4825,7735,6225,5130,4075,4600,2590,1220,1155
35016,Cambridge,89540,7845,6005,7600,6970,12795,11285,9965,6915,7690,4435,1730,1770,43730,3780,2185,2770,2365,5035,5300,5170,4255,5025,3020,1295,1395,45810,4065,3820,4825,4610,7755,5985,4795,2655,2665,1410,430,370
35017,Chatham-Kent--Leamington,88955,8155,6825,8495,8590,14580,11680,8630,5925,6655,3365,1285,1065,42950,3765,2410,3085,3100,6250,5740,5140,3890,4190,2040,945,850,46005,4390,4420,5410,5490,8330,5935,3490,2035,2470,1330,340,220
35018,Davenport,88490,9340,6780,8600,8930,14135,9470,7705,5445,7320,3340,1410,1465,43425,4565,2600,3830,3660,6380,5105,3960,3085,4585,1950,830,990,45070,4775,4180,4765,5270,7755,4370,3740,2360,2735,1390,580,475
35019,Don Valley East,76785,8570,5110,6165,7900,10395,7945,6945,5260,5750,3530,1995,1955,35405,4040,1870,2310,3315,4590,3775,3320,2590,2945,1905,1290,1235,41380,4535,3240,3850,4580,5805,4170,3630,2675,2800,1630,700,725
35020,Don Valley North,87550,12430,6165,7660,8125,10510,8440,7200,5110,6785,4240,2160,2690,40815,5915,2465,2965,3365,4525,4115,3410,2465,3430,2415,1320,1815,46735,6515,3700,4690,4760,5990,4325,3790,2645,3350,1825,840,875
35021,Don Valley West,80115,8725,4630,5375,5610,7845,6000,5225,4980,7480,4840,3655,11030,37480,3975,1670,2020,2180,3300,2660,2285,2365,3370,2280,2000,7320,42645,4755,2965,3355,3430,4550,3345,2935,2615,4110,2560,1655,3715
35022,Dufferin--Caledon,92335,8880,5965,6850,6780,10590,9110,8510,6940,9905,6850,3130,3895,45700,4105,2125,2380,2515,4560,4075,4055,3940,6285,4065,2325,2830,46630,4775,3840,4475,4265,6030,5035,4455,2995,3620,2780,805,1060
35023,Durham,91810,8485,6355,6240,6080,9595,9240,9275,7510,10585,6735,3505,3025,45160,3935,2150,2150,2215,4050,4055,4170,4260,6385,4420,2545,2580,46650,4550,4205,4085,3865,5545,5185,5110,3250,4200,2315,965,445
35024,Eglinton--Lawrence,90230,9190,5390,6290,7465,10930,8310,7085,5455,7020,4615,3480,9450,40715,4485,2090,2065,2725,4380,3290,3140,2440,3260,2280,1760,6315,49515,4700,3295,4220,4740,6555,5015,3940,3010,3760,2335,1720,3135
35025,Elgin--Middlesex--London,87510,8215,6100,7505,7495,12965,10345,8600,5895,7895,4840,1915,1465,42795,3985,2095,2570,2575,5675,5145,4560,3625,5150,3050,1475,1220,44720,4225,4005,4930,4920,7290,5190,4045,2270,2750,1795,435,245
35026,Essex,95650,8835,6135,7065,6335,11180,10510,9920,7695,10915,6360,2670,2675,47170,4090,2290,2320,2185,4280,5010,5475,4150,7005,4040,2015,2205,48480,4750,3840,4745,4150,6900,5500,4440,3550,3915,2315,655,470
35027,Etobicoke Centre,95880,9435,5850,7265,7765,12270,10115,8565,6390,9485,5735,3165,4965,44980,4855,2335,2835,2930,5075,4420,4035,3215,4855,2995,1950,3450,50905,4585,3515,4435,4835,7195,5695,4530,3175,4625,2735,1215,1510
35028,Etobicoke--Lakeshore,98790,8855,5535,7195,8280,12020,9395,9045,7315,10635,6410,3820,6105,47200,4515,2175,2700,3385,4920,4420,4625,3795,5200,3360,2355,4010,51590,4340,3360,4495,4895,7100,4980,4420,3525,5435,3050,1465,2095
35029,Etobicoke North,92525,11695,7010,8805,9940,14585,11215,8050,4990,5175,2370,815,550,44445,5975,2530,3655,3800,6725,5470,4215,3045,3445,1580,470,340,48085,5710,4485,5150,6135,7865,5745,3835,1945,1730,790,345,205
35030,Flamborough--Glanbrook,77590,6725,4795,5170,5400,9110,7945,7770,6585,9260,5825,2540,2590,38015,3220,1920,1865,1915,3670,3365,3830,3540,5830,3630,1855,1995,39565,3505,2875,3310,3480,5440,4590,3945,3040,3425,2195,690,595
35031,Glengarry--Prescott--Russell,85950,6800,5385,6875,7065,10495,9515,8895,7915,9610,5440,2285,1825,42770,3100,1930,2565,2940,4975,4825,4785,4460,5480,3200,1650,1405,43180,3700,3455,4315,4130,5520,4695,4105,3450,4125,2245,635,420
35032,Guelph,99060,8950,6660,7960,7505,12575,10750,11245,8145,9795,5695,2715,2680,47595,4055,2495,3085,2640,5115,4600,5640,4540,5770,3480,2050,2055,51470,4900,4165,4875,4860,7455,6155,5600,3605,4020,2215,665,625
35033,Haldimand--Norfolk,88180,7775,6490,7375,8010,12715,11595,8945,6225,7470,4300,1735,1395,43610,3660,2345,2695,2780,5300,5705,4845,4085,5035,2875,1395,1130,44570,4115,4145,4685,5230,7410,5890,4095,2145,2435,1425,335,260
35034,Haliburton--Kawartha Lakes--Brock,92480,7815,6655,8755,8375,14740,11320,9435,6350,7045,4420,2075,1570,45710,3725,2620,3260,3300,6385,5605,5095,3760,4605,2765,1515,1220,46765,4090,4030,5490,5070,8360,5715,4335,2595,2435,1655,560,355
35035,Hamilton Centre,82945,8740,6150,9910,9610,13745,8980,7170,4690,5170,2195,960,880,41235,4845,2625,4680,4000,6020,4355,3770,2720,3360,1325,550,600,41710,3890,3525,5230,5605,7730,4625,3405,1970,1805,865,415,275
35036,Hamilton East--Stoney Creek,89695,8530,6065,7860,8670,14380,11240,8520,6530,7005,3630,1235,1235,43005,4155,1965,2775,3065,6070,5300,4545,4175,4695,2240,960,1020,46685,4375,4100,5090,5605,8315,5940,3975,2350,2315,1385,275,215
35037,Hamilton Mountain,85495,8485,5980,7490,7385,12335,11155,9425,5685,6945,3645,1305,780,40595,4135,2040,2765,2715,5295,5070,4715,3315,4585,2250,975,640,44895,4345,3935,4730,4670,7040,6085,4710,2365,2355,1395,330,140
35038,Hamilton West--Ancaster--Dundas,88330,9155,5920,7000,5660,9855,8825,8165,6540,9385,6290,3125,4095,42350,4385,2210,2635,2255,3890,3970,3800,3250,5355,3340,2120,3130,45980,4765,3710,4360,3400,5965,4850,4370,3285,4030,2945,1005,965
35039,Hastings--Lennox and Addington,75765,7045,5215,7290,7300,11860,8890,8365,4980,6390,2860,1095,760,37300,3435,1680,2720,2830,5190,4765,4545,3055,4105,1810,855,580,38465,3610,3535,4570,4470,6665,4130,3820,1925,2285,1050,240,175
35040,Huron--Bruce,85775,7055,6025,7755,7535,12620,10580,8345,5785,7240,4150,2645,3025,42445,2960,2120,2570,2840,5850,5000,4470,3615,4770,2580,2120,2530,43330,4095,3900,5185,4695,6770,5575,3875,2175,2470,1570,520,495
35041,Kanata--Carleton,79095,7805,4625,4955,3895,6690,6560,7160,6610,10400,7425,4885,4485,38690,3470,1480,1920,1335,2580,2510,3170,3200,5640,4515,3685,3595,40400,4330,3145,3040,2565,4105,4055,3990,3405,4765,2915,1200,890
35042,Kenora,42845,3995,3120,3805,3585,5635,5050,4550,3145,3805,2285,1235,610,21400,2240,1310,1295,1450,2445,2115,2300,1880,2415,1470,1015,520,21450,1750,1815,2505,2135,3185,2935,2255,1265,1390,810,220,90
35043,King--Vaughan,84275,9075,5320,6165,5690,9290,7610,7695,6145,9115,5690,2880,3730,41300,4240,1850,2380,2200,4145,3420,3425,3265,5665,3445,1945,2720,42980,4830,3470,3780,3490,5145,4200,4270,2880,3445,2245,935,1015
35044,Kingston and the Islands,96125,8770,6360,8465,8180,13200,10645,9885,7130,9220,5125,2790,2790,45315,4170,2605,3235,3075,5430,4615,4900,3795,5150,2975,1875,2015,50810,4600,3755,5230,5110,7770,6030,4985,3340,4070,2150,910,775
35045,Kitchener Centre,85435,7145,5300,7510,8290,13110,11455,8640,6465,7425,3375,1490,1425,41735,3675,1740,2920,3055,6010,5555,4430,3815,4795,2085,995,995,43700,3470,3555,4590,5235,7100,5895,4210,2655,2625,1290,495,430
35046,Kitchener--Conestoga,72005,6125,4525,5205,4790,8965,8340,7825,6505,7960,4905,2070,1940,35390,2660,1505,1780,1775,3670,3585,3750,3840,5125,3320,1590,1535,36615,3465,3015,3420,3020,5295,4755,4075,2665,2835,1585,485,400
35047,Kitchener South--Hespeler,77330,6965,4995,5540,5535,9820,9135,8810,6215,7920,4360,1970,2000,38075,3290,1800,1930,2000,4175,4195,4420,3575,5120,2820,1395,1610,39255,3675,3190,3610,3535,5645,4945,4385,2635,2805,1540,575,385
35048,Lambton--Kent--Middlesex,84980,8455,6085,7280,7645,12760,10140,8375,5805,7235,3810,1915,1400,42150,4040,2110,2795,3000,5355,5290,4290,3615,4880,2380,1490,1085,42825,4415,3980,4480,4650,7405,4850,4080,2185,2350,1435,425,325
35049,Lanark--Frontenac--Kingston,81080,6495,4895,6840,6525,11090,9930,8925,6560,8360,4435,2290,1380,39720,3160,1760,2590,2790,4845,4615,4625,3755,4850,2565,1675,1045,41360,3335,3130,4250,3735,6245,5315,4295,2800,3500,1875,615,335
35050,Leeds--Grenville--Thousand Islands and Rideau Lakes,82765,6605,5810,6920,7285,12090,10890,8710,6325,7575,3760,1955,1415,40260,3270,1985,2530,2600,5275,5275,4495,3715,5055,2310,1245,1055,42505,3335,3820,4385,4685,6815,5615,4220,2605,2520,1455,710,365
35051,London--Fanshawe,96455,9895,6830,8915,8790,14665,12295,10265,7135,7250,3165,1185,600,46570,4925,2695,3310,3455,6150,5695,5490,4130,4645,2105,890,460,49890,4965,4135,5605,5330,8515,6595,4775,3010,2605,1060,295,140
35052,London North Centre,99580,10005,7755,8830,8965,14510,10790,9145,6265,7995,5015,2815,2975,47910,5165,3170,3820,3710,6590,4780,4365,2955,4410,2870,1825,2280,51665,4840,4585,5010,5255,7920,6015,4785,3310,3590,2140,990,695
35053,London West,97830,9285,6470,7285,7540,12610,10495,9650,7170,10240,6475,3100,2760,45915,4355,2410,2975,2820,5175,4525,4655,3765,5460,3520,2005,2015,51915,4930,4060,4310,4720,7435,5965,4990,3400,4780,2955,1095,740
35054,Markham--Stouffville,86695,9155,5390,5970,6155,9095,8330,7930,6640,9390,6485,3420,4045,41860,4625,1855,2290,2315,3805,3610,3425,3375,5190,3810,2470,3035,44835,4530,3530,3680,3845,5290,4720,4505,3270,4205,2670,955,1010
35055,Markham--Thornhill,86005,12645,6850,8675,8280,10465,8315,6065,4700,5945,3475,1770,2325,42310,6485,2785,3685,3830,5080,4065,2980,2445,3170,2070,1090,1695,43690,6160,4065,4995,4450,5385,4250,3090,2255,2770,1405,675,630
35056,Markham--Unionville,85280,12705,6470,6830,6835,8245,7165,5775,4765,7315,5490,3260,4280,41000,5940,2555,2780,2870,3835,3195,2540,2310,3920,3065,2210,3075,44280,6765,3920,4050,3965,4405,3970,3230,2450,3400,2425,1050,1210
35057,Milton,65620,5980,3980,3915,3215,6390,6430,6745,6090,8970,5380,2615,2955,32105,2630,1420,1250,1275,2295,2710,2870,3180,5185,3695,1975,2300,33520,3355,2555,2665,1935,4090,3715,3870,2910,3785,1685,635,655
35058,Mississauga Centre,99120,13035,6965,8355,8465,11405,9790,9510,7410,8460,4525,2210,1850,48030,6135,2590,3350,3645,5065,4670,4820,3940,5095,2740,1445,1380,51095,6900,4370,5010,4815,6340,5120,4690,3465,3360,1785,765,470
35059,Mississauga East--Cooksville,100820,11355,6925,8820,9220,14325,11905,9780,6700,7520,4215,1810,1415,48500,5420,2465,3350,4060,6165,5995,5180,3665,4495,2615,1215,1070,52320,5935,4465,5475,5160,8160,5915,4600,3040,3030,1605,595,350
35060,Mississauga--Erin Mills,93695,12060,6750,6840,6505,9575,8635,7580,6760,9105,5975,3390,3530,45185,5600,2755,2670,2685,4250,3880,3360,3160,5190,3560,2260,2720,48505,6460,3990,4170,3820,5320,4755,4215,3600,3915,2420,1130,820
35061,Mississauga--Lakeshore,98160,10710,6320,7415,7235,11460,9525,8505,6875,9075,6185,3375,6405,47695,5335,2405,3055,2590,4990,4805,3890,3405,5165,3155,2195,4580,50465,5370,3920,4365,4650,6470,4725,4610,3465,3910,3030,1180,1830
35062,Mississauga--Malton,92840,12655,6805,7820,8310,11910,10140,8395,5805,6670,3830,1625,1360,45335,5830,2670,3080,3665,5525,4910,4280,3145,4185,2465,1225,1045,47505,6825,4130,4735,4640,6385,5230,4115,2660,2485,1360,400,320
35063,Mississauga--Streetsville,95365,11360,6460,6435,6220,9180,8955,9250,7510,9810,6515,3475,3440,46450,5270,2375,2665,2500,3830,4070,4340,3575,5600,4030,2300,2595,48915,6090,4080,3770,3715,5350,4885,4910,3940,4210,2480,1175,840
35064,Nepean,82015,7545,4800,5015,4555,7275,7175,7515,7450,11405,7475,4315,3440,39900,3465,2100,1895,1600,2880,2830,3380,3745,6215,4205,3125,2745,42120,4080,2695,3120,2955,4395,4345,4140,3710,5195,3270,1185,690
35065,Newmarket--Aurora,87145,8655,5615,6340,5825,9580,8140,7720,6195,10070,7275,3790,3740,41880,4025,2200,2370,2080,3650,3430,3325,3200,5750,4130,2835,2960,45260,4630,3420,3965,3750,5935,4710,4395,3000,4320,3145,955,775
35066,Niagara Centre,87455,7090,6275,7925,8175,13945,11620,9425,5955,6550,3475,1730,1140,42210,3490,2190,2760,2615,5535,5925,5130,3890,4500,2100,1340,905,45245,3605,4085,5170,5565,8415,5700,4290,2065,2050,1375,390,235
35067,Niagara Falls,106065,9115,7920,10115,10315,17030,13345,10805,7085,7880,4425,2030,1740,51185,4460,3085,3645,4140,6610,6210,6055,4385,5085,2790,1545,1425,54885,4655,4835,6470,6175,10420,7135,4745,2695,2795,1640,490,315
35068,Niagara West,70055,6050,5155,5410,5040,9160,7475,6755,5470,7510,4535,2360,2235,34395,2830,1955,1700,1785,3655,3400,3450,3100,4950,2915,1765,1800,35655,3220,3205,3705,3260,5505,4075,3305,2365,2565,1620,595,435
35069,Nickel Belt,74725,6240,5290,6040,5395,9235,9130,8315,6275,7555,3780,2080,1450,37125,2530,1725,2125,1735,3720,4770,4775,3970,4970,2380,1770,1170,37600,3705,3570,3920,3660,5510,4360,3540,2310,2580,1400,310,280
35070,Nipissing--Timiskaming,75505,5945,5760,7160,7140,11265,8845,7700,5515,6890,3500,1565,1150,36750,2720,2235,2645,2795,4940,4100,4260,3280,4375,2120,1165,960,38750,3225,3530,4515,4345,6330,4745,3440,2235,2505,1375,405,185
35071,Northumberland--Peterborough South,89185,8175,6055,7875,7020,13045,11090,9025,6160,8390,4455,2120,1925,43530,3725,2095,2965,2555,5110,5275,4815,3680,5595,2955,1565,1530,45660,4450,3965,4915,4465,7940,5815,4215,2480,2795,1495,555,390
35072,Oakville,97850,10750,6285,7025,6200,9880,8400,7075,6175,9360,7110,4850,9950,46815,4795,2365,2675,2175,3650,3800,3190,2835,4710,3985,3165,7445,51035,5960,3925,4350,4020,6225,4600,3880,3335,4645,3125,1685,2505
35073,Oakville North--Burlington,85995,9080,5320,5200,4390,6630,6960,7230,6715,9825,7900,5080,7055,41560,4265,1710,1835,1650,2455,2845,2880,3145,5250,4300,3690,5600,44430,4810,3610,3370,2745,4175,4110,4350,3565,4575,3600,1390,1455
35074,Oshawa,104660,9810,6930,9590,8180,13740,13260,10850,8005,9250,5025,2410,1525,50460,5010,2505,3490,2855,5510,6640,5580,4410,5555,3175,1745,1165,54200,4800,4425,6100,5330,8230,6625,5280,3595,3695,1845,665,365
35075,Ottawa Centre,96325,7855,5720,8145,7110,9555,8355,7850,7600,11485,8195,5040,6355,46805,4035,2595,3820,2970,4220,3800,3535,3285,5455,4400,3070,4265,49520,3820,3130,4325,4135,5335,4555,4315,4320,6035,3795,1975,2085
35076,Orleans,96460,8375,5855,5630,4945,7635,7790,8680,9640,13855,9520,5210,4615,46435,3825,1985,2190,1955,3090,3260,3745,4490,7110,5335,3715,3685,50025,4550,3870,3445,2990,4545,4530,4935,5150,6745,4180,1495,930
35077,Ottawa South,100185,10045,6700,8195,7565,11815,9410,8650,7625,10185,7250,3880,3585,47705,5105,2615,3315,2640,4995,4455,4095,3550,5615,4040,2460,2500,52480,4940,4090,4875,4925,6820,4955,4550,4070,4575,3205,1420,1085
35078,Ottawa--Vanier,93370,7380,6480,8545,8060,11245,9400,8665,7735,9305,5665,3055,3615,44200,3610,2765,3695,3105,4780,4540,4105,3720,4615,2925,1945,2430,49170,3765,3715,4850,4950,6470,4860,4565,4020,4690,2740,1105,1185
35079,Ottawa West--Nepean,93265,8645,5555,7695,8100,10945,9830,8595,7330,9610,6375,3335,3055,44185,4530,2205,3060,3240,4525,4520,3730,3605,5135,3470,2175,2135,49080,4110,3345,4635,4865,6420,5310,4870,3725,4480,2900,1155,915
35080,Oxford,87265,7110,6475,6970,7555,12315,10675,9970,6960,7950,4435,1730,1405,42870,3330,2275,2290,2585,4970,5340,5550,4345,5230,2870,1360,1100,44390,3785,4200,4685,4970,7350,5335,4420,2615,2720,1570,365,305
35081,Parkdale--High Park,86990,8545,5315,6990,7965,10900,8460,6800,5565,8155,5920,3515,5155,41420,4340,2225,3065,3225,4825,4090,3040,2635,4080,2970,2100,3380,45570,4205,3090,3925,4740,6075,4370,3760,2930,4070,2950,1415,1780
35082,Parry Sound--Muskoka,76500,6725,5385,7190,7875,12560,9640,8115,5070,5935,3265,1100,1200,37735,3485,2055,2510,3330,5565,4540,4665,3155,3830,2040,740,885,38770,3240,3330,4680,4540,6995,5100,3460,1920,2110,1225,360,320
35083,Perth--Wellington,82630,6420,5480,7320,6835,12425,11385,9555,7200,7395,3550,1240,1280,40505,2975,1870,2290,2880,5400,5555,5200,4380,4775,2315,850,1035,42125,3445,3610,5030,3955,7020,5835,4360,2815,2625,1235,390,245
35084,Peterborough--Kawartha,96335,8485,6970,9210,8465,15025,11970,9475,6610,7910,4225,1650,1880,46030,4015,3020,3145,3090,6475,5870,4870,3865,4670,2550,1170,1370,50300,4475,3950,6065,5370,8550,6100,4605,2740,3245,1680,480,510
35085,Pickering--Uxbridge,89635,9760,5995,6005,6020,9685,8675,7670,6970,9510,6275,3475,4130,43275,4740,2280,2495,2220,3935,4040,3420,3320,5340,3455,2370,3005,46360,5015,3710,3510,3805,5745,4635,4245,3650,4165,2820,1105,1130
35086,Renfrew--Nipissing--Pembroke,83765,6930,5885,7740,7810,11970,10160,8345,6480,8745,3565,1620,1150,41535,2870,1730,2865,2915,5320,4870,4465,4280,6175,2520,1265,840,42230,4065,4150,4875,4895,6650,5290,3880,2195,2565,1050,355,310
35087,Richmond Hill,92225,11700,6680,7935,7870,10360,8020,7325,5955,8295,5510,2985,3940,44060,5855,2740,2990,3240,4240,3635,3225,3025,4465,3010,2085,3060,48170,5850,3940,4950,4630,6120,4390,4095,2935,3830,2500,900,880
35088,Carleton,69705,6330,3810,3860,3390,5600,5740,6250,5630,9645,7200,4655,4545,34470,2855,1360,1400,1305,2065,2275,2910,2650,5205,4175,3220,3590,35235,3475,2445,2465,2090,3535,3465,3340,2980,4445,3025,1435,955
35089,St. Catharines,92820,8180,6115,9375,9230,15185,11570,9760,5970,6795,3595,1750,1480,43795,3880,2275,3330,3265,5975,5530,5235,3600,4205,2225,1340,1225,49030,4300,3835,6045,5965,9205,6040,4525,2370,2600,1370,410,255
35090,Toronto--St. Paul's,89620,8375,4790,6345,7070,10180,8725,6960,6255,9385,5635,3865,8705,40490,4035,1885,2670,2705,4225,3850,2815,2720,4230,2680,1920,5465,49135,4340,2905,3670,4360,5955,4875,4140,3535,5150,2955,1940,3240
35091,Sarnia--Lambton,87975,8135,6640,7815,7015,11815,9475,8030,5625,7845,5130,2950,2970,42620,3810,2285,2455,2385,4165,4135,4345,3345,5290,3580,2320,2605,45360,4325,4355,5360,4625,7645,5340,3685,2285,2550,1550,625,360
35092,Sault Ste. Marie,68900,5530,4670,6715,5910,10125,8855,6725,4600,6830,3620,1270,990,33100,2590,1415,2465,1935,3900,4600,3495,2660,4605,2290,955,750,35805,2945,3250,4245,3970,6225,4255,3230,1940,2225,1335,310,245
35093,Scarborough--Agincourt,88575,13425,7010,8760,10735,13210,8355,6760,4515,5135,2500,1085,890,41555,6705,2555,3380,4775,5910,4135,3355,2235,2935,1370,785,690,47015,6720,4455,5380,5965,7305,4215,3405,2275,2195,1135,300,200
35094,Scarborough Centre,88515,10575,6670,8510,9205,13645,10530,8510,5355,5480,2390,1105,645,41745,5105,2420,3455,3710,6170,5110,4130,3000,3470,1305,720,495,46760,5470,4245,5055,5500,7470,5420,4380,2350,2010,1085,385,150
35095,Scarborough--Guildwood,81470,10130,6320,8280,8475,11950,8925,6735,4625,5150,2290,1200,1010,38610,5365,2395,3270,3135,5445,4070,3550,2645,2940,1360,730,725,42855,4765,3925,5010,5340,6505,4855,3185,1975,2210,925,470,280
35096,Scarborough North,83525,12120,6905,8810,10145,11545,8545,6705,4030,4580,2250,950,625,40110,5880,2780,3535,4550,5265,4350,3535,2295,2685,1240,655,435,43410,6240,4130,5275,5595,6275,4195,3165,1735,1895,1010,305,190
35097,Scarborough--Rouge Park,84170,10665,6050,7285,7150,10505,8740,7960,5740,6395,4220,2145,1585,40055,5545,2510,2940,3000,4585,3995,3900,2890,3340,2350,1375,1105,44120,5125,3540,4340,4150,5915,4745,4065,2850,3060,1870,770,475
35098,Scarborough Southwest,86235,10140,6820,8685,8320,11510,9230,7465,5265,6420,3160,1445,1660,41220,5435,2645,3835,3165,5125,4375,3725,3015,3395,1555,885,1075,45015,4705,4175,4845,5160,6385,4855,3740,2255,3030,1610,565,585
35099,Simcoe--Grey,95215,7855,6150,7835,7990,13495,11030,9205,7485,10335,5045,2435,2190,46740,3725,1980,2975,2975,5485,5230,4585,4165,6870,3415,1755,1810,48470,4125,4170,4855,5015,8010,5795,4615,3320,3470,1630,675,380
35100,Simcoe North,90320,7835,6425,7945,8515,14345,11375,8820,6555,7075,3880,1710,1480,43670,3885,2380,2810,3090,6575,5455,4510,3950,4435,2270,1185,1070,46645,3950,4045,5135,5430,7770,5915,4310,2600,2645,1610,530,410
35101,Spadina--Fort York,75760,7630,3880,4825,4825,7455,6110,6915,6370,10085,6235,3710,5235,37680,3900,1655,1940,1970,3400,2900,3310,2880,5280,3570,2140,3780,38085,3735,2225,2890,2855,4050,3210,3600,3495,4800,2670,1575,1455
35102,Stormont--Dundas--South Glengarry,82830,6870,5735,7790,7595,13980,11360,8505,5700,6230,2990,1245,1035,40245,3395,1755,2935,2935,6370,5650,4585,3530,4090,1840,835,730,42585,3475,3980,4850,4660,7610,5710,3920,2170,2145,1145,410,300
35103,Sudbury,76805,6445,5140,7280,6530,10930,9065,8335,5790,6620,4035,1895,2035,36730,3210,1715,3015,2075,4120,4395,4445,3400,4025,2210,1305,1605,40075,3235,3425,4260,4455,6815,4665,3895,2395,2595,1830,595,435
35104,Thornhill,90525,11325,6125,6910,7315,10310,8590,7225,5780,8560,5425,3320,4515,43265,5855,2255,2455,3115,4440,3805,3315,2470,4605,3105,2115,3440,47265,5475,3870,4455,4205,5875,4785,3905,3305,3955,2325,1210,1075
35105,Thunder Bay--Rainy River,68750,5605,4620,6640,5625,9690,8460,7395,5815,6345,3450,1190,1035,33605,2740,1885,2490,1950,3840,4015,4040,3450,4060,2240,915,760,35145,2865,2740,4150,3680,5845,4450,3355,2360,2290,1215,280,270
35106,Thunder Bay--Superior North,68480,5190,4705,5840,5740,10085,8370,6870,5075,6430,3870,1860,1345,33585,2510,1855,2160,1870,4385,4075,3485,3080,4080,2160,1400,1105,34890,2680,2845,3680,3875,5700,4290,3385,1995,2350,1705,460,240
35107,Timmins--James Bay,66040,5890,4860,5195,6265,9555,7620,6125,4750,5870,3635,1770,1435,32905,2775,1580,2045,2410,4135,3745,3270,2880,3915,2340,1325,1200,33135,3120,3280,3155,3855,5420,3870,2855,1865,1955,1290,445,235
35108,Toronto Centre,81205,9895,6185,8375,7765,9115,7410,6555,4880,7265,4555,2755,3445,43215,4795,2900,4635,3810,4625,4010,3570,2580,4105,2740,1625,2535,37990,5105,3285,3750,3950,4490,3405,2990,2295,3160,1815,1130,915
35109,Toronto--Danforth,87025,8655,5725,7305,8840,10385,7920,6955,5550,8085,6095,3630,4120,42200,4390,2500,3205,3840,4895,3640,3455,2795,3795,3190,2015,2745,44825,4270,3220,4095,5000,5490,4280,3505,2750,4290,2910,1615,1375
35110,University--Rosedale,85780,10870,5590,6675,7435,9400,6965,6320,5355,8120,4770,3295,8200,41265,5120,2245,2895,3040,4700,3140,3085,2535,4060,2340,1730,5265,44515,5745,3340,3780,4400,4695,3825,3235,2820,4055,2425,1565,2935
35111,Vaughan--Woodbridge,83600,8465,5550,6430,7365,10290,8500,7350,5955,8640,4970,2810,2990,40765,4245,1740,2095,2925,4410,4220,3680,3295,5055,2880,1990,2150,42835,4220,3810,4335,4440,5880,4285,3665,2665,3590,2085,820,840
35112,Waterloo,83885,8900,5720,6310,5330,9245,8440,7080,6370,8655,6390,3375,3985,41455,4270,2185,2465,2105,3870,3730,3190,3485,4825,3985,2320,3185,42430,4635,3535,3845,3230,5380,4715,3890,2885,3825,2405,1050,805
35113,Wellington--Halton Hills,91950,7525,6075,5945,5835,10055,10010,9295,7785,10130,6990,3895,4605,45440,3515,2455,2045,2065,3970,4520,4365,4135,5940,4170,2785,3625,46510,4015,3620,3905,3765,6090,5490,4930,3650,4195,2825,1110,975
35114,Whitby,95030,9635,6150,6390,5930,9175,8930,7615,7210,11025,8245,4825,4455,45855,4575,2145,2330,2055,3710,3810,3500,3485,6100,4945,3295,3525,49170,5060,4005,4065,3875,5465,5125,4120,3730,4930,3300,1535,930
35115,Willowdale,96075,16675,5990,7385,7990,9950,7880,6905,6065,8575,5320,3255,3900,45215,7970,2620,2980,3295,4465,3505,3325,2735,4465,2985,1835,2770,50855,8705,3370,4405,4700,5490,4375,3580,3335,4110,2335,1415,1130
35116,Windsor--Tecumseh,95300,9710,6545,8230,8650,12925,11615,9670,6590,8225,4885,1735,1405,45290,4815,2470,2920,2710,5335,5245,5280,3585,5155,3055,1365,1190,50010,4895,4075,5310,5930,7585,6375,4390,3000,3065,1830,365,215
35117,Windsor West,96195,12680,7605,9250,9230,12845,9710,8040,5380,7620,4110,1395,1340,46795,6915,2910,3760,3285,5330,4485,4275,3150,5050,2575,1085,1065,49400,5765,4700,5495,5940,7515,5225,3765,2230,2570,1535,315,280
35118,York Centre,83270,9200,5770,7660,9035,13095,9675,7040,4840,5620,2830,1415,1740,38615,4415,2220,3055,3320,5360,4675,3745,2520,3120,1590,890,1225,44655,4780,3550,4600,5710,7740,5000,3295,2320,2495,1240,525,515
35119,York--Simcoe,76295,6550,5395,6365,5855,9230,8535,7485,6520,8195,4315,2035,1755,37840,3115,2020,2440,2160,4045,4175,3655,3505,5300,2715,1445,1275,38455,3440,3375,3920,3700,5185,4360,3825,3015,2895,1605,590,485
35120,York South--Weston,93780,10395,7185,8975,10875,14950,11375,8245,5505,5505,2830,975,915,43855,5055,2965,3775,4325,6375,5550,4175,2935,3390,1545,570,610,49925,5345,4220,5195,6555,8575,5820,4070,2570,2120,1285,400,305
35121,Humber River--Black Creek,85930,10860,7260,8935,10165,14840,10865,7425,3530,3355,1150,570,260,40700,5215,2865,3600,3970,6475,5875,4085,2235,2135,755,360,175,45230,5645,4400,5340,6195,8370,4990,3335,1295,1215,400,210,85
46001,Brandon--Souris,65285,4825,4360,5625,5875,10080,9920,7120,4840,5640,2525,1090,1180,31770,2175,1455,1875,2060,4355,4695,4025,3085,3575,1545,860,970,33515,2645,2910,3755,3815,5725,5230,3095,1755,2065,985,225,205
46002,Charleswood--St. James--Assiniboia--Headingley,67595,5290,4135,5015,4800,8640,8990,7500,5935,8025,3280,1575,1735,32345,2355,1370,1920,1595,3385,3745,3700,3555,5020,2110,1095,1270,35250,2935,2765,3100,3205,5255,5245,3800,2380,3010,1170,480,465
46003,Churchill--Keewatinook Aski,57510,14155,5625,4920,4475,5785,4630,3325,2265,3655,2160,1335,740,29135,8195,1870,1875,1845,2365,2190,1625,1230,2280,1545,1060,580,28375,5955,3755,3045,2630,3420,2445,1705,1040,1375,610,275,165
46004,Dauphin--Swan River--Neepawa,67280,7875,4955,7695,7745,10615,8320,6035,3680,4460,1750,650,685,33435,4385,1960,3050,3025,4815,4175,3355,2445,2705,1190,485,520,33840,3485,3000,4645,4720,5795,4145,2680,1230,1755,560,170,165
46005,Elmwood--Transcona,69510,5785,4570,5405,5705,11300,10450,8365,5545,5800,2005,655,490,33840,2750,1520,1945,2070,4555,4995,4900,3430,3845,1400,455,410,35675,3045,3050,3460,3635,6740,5455,3460,2115,1955,605,200,80
46006,Kildonan--St. Paul,67420,5325,4370,5065,5290,9500,9065,7375,5440,7055,2895,1380,1505,31865,2570,1585,1550,1750,3780,4200,3505,3275,4215,1905,990,1170,35550,2760,2785,3515,3540,5725,4865,3875,2170,2840,990,390,335
46007,Portage--Lisgar,65390,6025,4720,6130,6610,9560,9625,6745,4075,5220,2010,905,695,32320,2645,1620,2270,2415,4140,5225,4155,2830,3400,1275,635,550,33070,3380,3100,3860,4195,5425,4400,2590,1245,1820,735,270,145
46008,Provencher,66180,6595,4675,5750,5630,9245,8645,7155,5020,5865,2455,1060,875,33480,2960,1365,1955,2180,4005,4575,4350,3345,3995,1760,865,740,32705,3640,3305,3790,3445,5235,4070,2810,1675,1865,695,185,135
46009,Saint Boniface--Saint Vital,68625,5525,4615,5360,5820,9270,8710,7590,5675,7070,3325,1555,1540,32900,2630,1805,1985,1935,3630,4130,3800,3340,4075,2055,1065,1185,35725,2895,2810,3375,3880,5640,4575,3785,2335,2995,1265,495,355
46010,Selkirk--Interlake--Eastman,73470,6080,5125,6175,7090,10765,9765,7290,5680,7145,3330,1200,1150,36710,2980,1860,2090,2660,4790,4525,4170,3735,4770,2250,880,870,36755,3100,3260,4090,4425,5970,5230,3120,1950,2380,1080,320,280
46011,Winnipeg Centre,64745,7080,5910,6680,7615,11010,8655,5975,3460,3075,1135,340,350,32385,3635,2680,3055,3355,4985,4630,3130,2240,1720,720,205,260,32360,3445,3230,3630,4255,6025,4025,2835,1220,1360,415,130,85
46012,Winnipeg North,68815,6845,5810,6340,6985,11410,9670,6825,3990,3715,1105,375,240,33375,3375,2530,2655,2655,4760,4840,3795,2660,2305,690,250,190,35445,3465,3280,3685,4325,6645,4825,3025,1325,1415,415,120,45
46013,Winnipeg South,69135,6835,4740,4910,4605,7820,7515,6785,5340,8050,4315,2215,2120,33580,3240,1840,1955,1720,2960,3540,3245,2820,4400,2775,1595,1615,35555,3595,2900,2955,2885,4855,3970,3545,2520,3650,1545,615,500
46014,Winnipeg South Centre,75980,6135,4920,5335,5560,10395,9135,7625,5990,8000,4010,2510,3605,35980,3005,1910,2030,2095,4395,4160,3575,2990,4085,2235,1525,2650,39995,3130,3010,3300,3465,6000,4975,4045,3000,3910,1780,980,955
47001,Battlefords--Lloydminster,53290,5125,3710,4365,5155,7025,6465,5665,3505,4505,2485,1595,1115,26690,2835,1190,1770,1800,2910,2695,3000,1990,3110,1910,1390,915,26595,2285,2520,2595,3350,4110,3765,2660,1510,1400,575,205,195
47002,Cypress Hills--Grasslands,52520,4105,3665,4560,5145,8535,7450,5325,3245,4295,2315,1210,1035,26380,2150,1435,1920,1935,3575,3655,2915,1920,2885,1600,810,870,26140,1955,2230,2640,3205,4960,3795,2410,1320,1410,715,400,170
47003,Desnethe--Missinippi--Churchill River,48100,9515,4400,4245,4660,5420,4570,3270,1825,3140,1430,870,515,23945,5875,1735,1630,1820,2390,2040,1700,950,1735,945,675,450,24150,3640,2670,2620,2840,3030,2530,1570,875,1405,485,195,70
47004,Carlton Trail--Eagle Creek,55260,4295,3900,4410,4815,7700,6870,6045,4440,5090,2450,1590,1325,28020,1865,1345,1530,1815,3220,3345,3245,2770,3735,1750,1305,1165,27245,2425,2555,2885,3000,4480,3525,2800,1670,1360,705,290,160
47005,Moose Jaw--Lake Centre--Lanigan,61055,5220,4215,4860,5535,8310,7655,6590,4385,5715,2750,1840,1525,30580,2280,1340,1625,2150,3440,3965,3650,2700,3805,1830,1515,1190,30470,2940,2880,3230,3385,4875,3695,2945,1685,1910,920,325,340
47006,Prince Albert,60870,4655,4380,5150,6545,8935,7660,5840,4270,5600,2630,1275,955,29380,2435,1715,1760,2440,3915,3385,3140,2470,3390,1695,945,770,31490,2215,2665,3395,4105,5020,4270,2700,1800,2210,940,330,185
47007,Regina--Lewvan,64805,4615,3415,3820,4275,7290,7945,7700,5725,8570,4755,2300,2080,31280,2325,1385,1240,1375,2865,3615,3535,2875,4970,2895,1610,1580,33525,2290,2025,2575,2900,4430,4335,4165,2855,3600,1860,690,500
47008,Regina--Qu'Appelle,56730,5165,3710,4310,6065,7990,7555,5455,4120,5000,2300,1320,955,27840,2780,1245,1695,2455,3220,3765,2725,2280,3120,1520,1050,765,28895,2385,2465,2615,3610,4770,3790,2730,1840,1880,780,265,195
47009,Regina--Wascana,62880,5080,3600,4040,4510,7875,7365,6050,5240,7605,4050,2360,2675,30530,2445,1305,1530,1670,3585,3405,2865,2660,4220,2260,1575,1925,32350,2635,2295,2515,2845,4295,3955,3180,2585,3380,1790,785,755
47010,Saskatoon--Grasswood,60170,4490,3620,4215,4580,7800,7500,6095,4915,6655,3470,2135,2385,28790,2115,1265,1395,1635,3025,3105,3055,2610,3910,2200,1580,1865,31380,2375,2355,2815,2940,4780,4395,3040,2305,2745,1275,555,520
47011,Saskatoon--University,62205,5250,4050,4285,4365,6875,7000,6300,5055,6955,4155,2515,2810,30520,2385,1490,1730,1920,2755,2950,2970,2580,4080,2420,1750,2195,31685,2865,2560,2550,2440,4125,4050,3330,2475,2870,1730,765,615
47012,Saskatoon West,60660,4885,3500,5605,6185,9105,8265,6590,4825,4690,2005,1040,710,29650,2565,1250,2110,2160,3740,3820,3730,2635,3280,1420,830,605,31005,2320,2250,3490,4025,5370,4450,2855,2190,1410,575,210,110
47013,Souris--Moose Mountain,56250,4400,3315,4265,5245,7255,6845,5475,3990,5875,3180,2130,2200,28720,2190,1105,1410,1980,2740,2925,3015,2420,3725,2505,1810,1975,27530,2210,2215,2855,3265,4520,3920,2455,1575,2155,675,315,225
47014,Yorkton--Melville,57715,5000,4120,4795,8190,8655,7005,5330,3465,4120,2375,1245,1050,28630,2510,1420,1785,3415,3665,3485,3110,2170,2705,1530,990,920,29085,2485,2705,3005,4780,4985,3520,2215,1295,1415,840,260,125
48001,Banff--Airdrie,80545,7430,4590,4475,4815,8280,7855,7600,6420,9520,6195,4080,5600,40370,3445,1330,1510,1710,3260,3410,3425,3380,5750,4045,2955,4520,40175,3990,3255,2965,3105,5020,4440,4170,3040,3770,2145,1120,1080
48002,Battle River--Crowfoot,82290,6460,5015,6320,7450,12700,9265,7690,5510,8120,4950,2770,2560,41400,2805,1540,2565,2980,5285,4230,3935,3265,5500,3440,2115,2210,40890,3655,3470,3760,4470,7415,5030,3750,2240,2620,1515,650,350
48003,Bow River,75820,6905,4765,5565,5250,9735,7765,7475,5895,7875,5075,2780,2975,38650,3290,1265,1965,2065,3970,3725,4100,3720,5265,3235,2130,2495,37165,3605,3505,3605,3180,5770,4040,3380,2180,2610,1845,650,480
48004,Calgary Centre,94565,8015,4405,5915,6960,11010,9510,8210,7170,10210,6300,4195,9310,48460,4100,1770,2685,2880,4905,4460,4215,3885,5655,3530,2385,6545,46095,3915,2625,3235,4080,6100,5050,3995,3285,4555,2775,1805,2760
48005,Calgary Confederation,95220,9275,5320,6635,6670,10710,9700,8165,6840,9425,6865,4350,7785,47510,4580,1900,2935,2725,4860,4770,4005,3490,4820,3765,2480,5690,47710,4690,3425,3700,3940,5845,4930,4155,3350,4610,3105,1870,2100
48006,Calgary Forest Lawn,87615,9370,6100,7945,7705,12485,11290,9970,5955,6615,2775,970,885,44840,4785,2230,3185,3355,5650,5980,5615,3835,4425,1860,770,710,42775,4585,3870,4760,4355,6830,5305,4355,2115,2190,915,205,175
48007,Calgary Heritage,88865,8155,5170,5725,5300,9890,8575,8460,6660,9610,6425,3950,6825,43690,3730,1790,2020,2080,4010,3680,3760,3365,5415,3910,2565,5350,45175,4425,3380,3705,3215,5880,4900,4700,3290,4195,2515,1385,1475
48008,Calgary Midnapore,90305,9025,5225,5505,5625,9250,8765,8560,6595,10005,6305,4655,6170,44855,3860,1700,2200,2100,3645,3805,3730,3580,5820,3975,3395,5125,45450,5165,3520,3300,3525,5610,4955,4825,3015,4185,2335,1260,1050
48009,Calgary Nose Hill,88995,9220,5575,5855,6045,9500,8385,8300,6755,9270,6120,3760,5355,43610,4360,2025,2325,2405,3990,3755,3895,3485,4965,3550,2665,3980,45390,4865,3555,3525,3640,5510,4630,4405,3275,4305,2570,1095,1375
48010,Calgary Rocky Ridge,84385,8245,4985,4870,4220,7370,6810,7160,6225,9835,7900,4765,7505,41230,3355,1580,1860,1500,2750,2525,3235,2850,5525,4590,3205,6190,43155,4890,3410,3010,2720,4620,4285,3920,3375,4310,3315,1560,1320
48011,Calgary Shepard,85950,7390,4430,4665,4440,8085,8625,9095,7420,11600,6690,4205,5145,43290,3195,1300,1830,1590,3060,3645,4230,4090,7145,4280,3005,3975,42665,4200,3125,2835,2850,5025,4980,4865,3325,4455,2410,1200,1165
48012,Calgary Signal Hill,86835,8420,5075,5355,4625,8850,7535,7060,6260,8690,6475,4815,9880,41745,3760,1880,2005,1515,3320,3370,3165,2845,4460,3345,2850,7545,45085,4660,3200,3345,3110,5530,4165,3895,3415,4225,3125,1965,2330
48013,Calgary Skyview,83120,8785,5550,6760,6020,10180,10045,9225,6730,7225,3725,1630,1235,41655,3890,1830,2885,2595,4505,5120,4995,4240,4540,2585,1180,920,41465,4900,3715,3875,3420,5685,4925,4230,2495,2685,1140,445,315
48014,Edmonton Centre,91300,8195,4990,7970,7185,12165,10345,8865,7420,9210,5380,2870,3630,46305,4105,2080,3450,2930,5140,5150,4525,4465,5600,3265,1700,2525,45000,4095,2910,4530,4250,7030,5195,4345,2955,3610,2110,1170,1105
48015,Edmonton Griesbach,86250,7505,5460,8155,8075,12730,9900,8720,6930,8030,3705,1660,1285,44070,3870,1955,3220,2910,5615,4885,4600,4355,5595,2725,1405,1070,42180,3635,3500,4935,5170,7120,5020,4120,2570,2435,980,260,215
48016,Edmonton Manning,84825,7675,5390,6125,6200,9985,8100,9065,7370,9775,5365,2760,2005,41605,3675,1600,2255,2375,4090,3650,4070,3855,6325,3765,2150,1750,43225,3995,3790,3870,3825,5895,4445,5000,3510,3450,1605,610,255
48017,Edmonton Mill Woods,83295,7965,4940,6075,5975,10545,8850,8530,6770,8990,5035,2870,1900,41275,3550,1660,2355,2530,4105,3865,4200,3625,5945,3495,2180,1680,42020,4410,3285,3725,3445,6440,4980,4330,3145,3050,1540,690,220
48018,Edmonton Riverbend,85710,8255,4865,5275,4635,8225,7820,7120,6640,9605,7495,4590,6985,41615,3615,1705,1965,1685,3065,3230,3035,3425,5290,4470,3045,5440,44095,4645,3160,3310,2955,5155,4595,4085,3210,4305,3020,1550,1545
48019,Edmonton Strathcona,88520,7935,5175,7475,6910,10315,9415,8000,6830,9495,6260,3690,3960,44590,3905,2020,3075,2940,4360,4560,3980,3815,5760,3650,2350,2920,43930,4030,3160,4395,3970,5955,4850,4020,3010,3740,2605,1340,1040
48020,Edmonton West,84845,7360,4590,5830,5950,10340,9435,8730,6630,9335,5745,3425,3645,41280,3570,1605,2235,2185,4325,3920,3780,3325,5640,3585,2400,2950,43565,3795,2985,3590,3760,6020,5515,4950,3305,3700,2165,1020,695
48021,Edmonton--Wetaskiwin,86155,7540,4645,5690,5895,8915,8430,8735,7220,10165,6825,4235,4205,43010,3260,1365,1710,2040,3305,3315,4065,4070,6600,4845,3400,3605,43140,4285,3280,3980,3860,5610,5120,4675,3150,3570,1985,830,600
48022,Foothills,82455,8195,5340,6080,5440,10135,7835,7065,5475,7865,5360,3445,6385,40990,3370,1600,1905,2010,3975,3540,3680,2990,4970,3710,2540,5015,41465,4825,3735,4175,3425,6160,4300,3385,2480,2890,1655,905,1375
48023,Fort McMurray--Cold Lake,80650,7055,4215,4100,4025,5920,5560,4870,4370,8685,5630,5895,16100,43680,3090,1210,1515,1395,2095,2165,2075,2035,4615,3455,4210,14280,36970,3960,3005,2580,2630,3830,3395,2795,2340,4070,2175,1680,1815
48024,Grande Prairie--Mackenzie,81465,7300,4680,5650,5400,9045,8300,6885,6145,9215,6860,4395,3605,41895,3140,1270,1835,1890,3370,3300,3265,3530,6365,5135,3790,3275,39570,4160,3405,3810,3515,5670,5000,3620,2610,2850,1730,605,325
48025,Lakeland,80250,6650,4935,6570,7380,10970,8045,7065,5520,7495,5100,3200,3600,40845,2955,1590,2275,2750,4720,3830,3550,3315,5115,3625,2440,3145,39410,3690,3350,4290,4630,6255,4215,3515,2200,2385,1475,765,455
48026,Lethbridge,84000,6785,5675,7495,7055,12120,10165,9190,6820,7485,4040,2105,1985,40995,2910,1770,2685,2720,4900,5040,4935,4015,5065,2525,1550,1515,43005,3875,3905,4810,4340,7215,5125,4260,2800,2425,1520,555,465
48027,Medicine Hat--Cardston--Warner,77075,7850,5115,6425,6355,11575,8445,7110,5410,6595,4345,2365,2080,37990,3955,1350,2115,2075,4945,3740,3860,3225,4580,2900,2030,1840,39085,3895,3765,4310,4280,6635,4705,3250,2185,2015,1445,335,235
48028,Peace River--Westlock,79335,7445,5415,6275,6240,10435,9390,6420,5355,7395,5115,2890,2355,40505,3255,1745,2175,2440,4215,4470,3350,3150,5415,3690,2435,2015,38825,4185,3670,4105,3800,6220,4925,3075,2195,1980,1420,455,340
48029,Red Deer--Mountain View,87330,7615,5650,6435,6370,11665,8790,8070,7360,8610,5925,3480,3885,43245,3030,2030,2035,2225,4685,3915,3525,4535,5475,4075,2795,3465,44080,4585,3620,4405,4150,6980,4875,4540,2830,3135,1850,690,420
48030,Red Deer--Lacombe,87900,9005,5570,6670,6685,11275,9885,8400,6235,7885,5530,3160,2810,43955,3985,1715,2390,2530,4255,4385,4160,3670,5420,3995,2680,2530,43945,5020,3855,4280,4160,7020,5495,4240,2555,2465,1535,480,280
48031,St. Albert--Edmonton,83610,6780,4580,5605,5415,8410,7520,7395,7505,10660,6970,4310,4565,40760,2985,1425,1950,1885,3135,2995,3340,3640,6220,4345,3245,3810,42855,3795,3160,3650,3530,5275,4530,4055,3865,4435,2625,1065,750
48032,Sherwood Park--Fort Saskatchewan,88795,7800,4915,5350,4700,8515,7810,7315,6875,10575,7735,5985,7320,44125,3120,1480,1730,1525,2785,3055,3225,3385,6185,5025,4615,6280,44670,4680,3435,3620,3170,5730,4760,4090,3495,4390,2710,1370,1050
48033,Sturgeon River--Parkland,82425,7055,4670,5150,5100,8435,7865,7585,6620,9785,6800,4325,4675,41605,2805,1370,1555,1690,3115,3155,3590,3395,6500,5020,3525,4045,40815,4245,3305,3595,3405,5320,4710,3995,3220,3290,1780,795,635
48034,Yellowhead,78030,7195,4640,6050,6015,10420,7420,6215,5160,8405,5495,3870,3535,40175,2875,1175,1970,2155,4140,3510,3045,2990,6105,4295,3335,3065,37860,4320,3465,4075,3860,6280,3910,3170,2170,2300,1200,535,465
59001,Abbotsford,77240,7740,5470,8035,7530,11040,8770,7115,5435,6475,2930,1545,1445,37430,3850,1740,2965,2935,4700,4125,3675,3110,4390,1970,1205,1210,39815,3885,3730,5070,4590,6340,4645,3440,2325,2085,965,340,240
59002,Burnaby North--Seymour,84455,11200,5940,6605,6780,9540,8910,7460,5455,8005,4585,2665,2850,41315,5245,2145,2990,2705,4140,4040,3570,2750,4590,2955,1880,2270,43140,5955,3800,3620,4070,5400,4870,3890,2710,3410,1630,780,580
59003,Burnaby South,90335,13490,6115,8870,8380,10620,9780,7595,5665,7520,3740,1835,1675,43430,6495,2210,3865,3505,4955,4570,3560,3090,4320,2390,1220,1240,46905,6995,3900,5005,4875,5665,5210,4035,2570,3200,1350,620,430
59004,Cariboo--Prince George,87590,9030,6275,8010,7840,11425,9410,7055,6395,8995,5090,2030,1395,43705,4105,2105,2990,3025,4860,4170,3355,4010,6425,3930,1645,1125,43890,4925,4170,5020,4820,6570,5235,3705,2385,2570,1160,385,270
59005,Central Okanagan--Similkameen--Nicola,88240,7750,6015,8525,9970,13745,11040,8060,6020,7100,3280,1965,1455,42475,3700,1970,3015,4025,5630,5160,4385,3620,4615,2375,1525,1155,45765,4050,4045,5505,5945,8110,5885,3670,2400,2490,905,440,300
59006,Chilliwack--Hope,73970,7510,5220,7355,7815,10835,8415,6580,4955,6465,3055,1100,905,36055,3420,1675,2695,3145,4430,3715,3770,3055,4650,2165,840,775,37915,4090,3550,4665,4665,6405,4700,2810,1905,1820,890,260,130
59007,Cloverdale--Langley City,79385,8155,4580,5720,5935,9205,9255,8400,6415,9405,4765,2185,1595,38480,3685,1385,2165,2220,3455,3800,3705,3530,6255,3600,1680,1360,40905,4470,3195,3555,3720,5750,5455,4695,2880,3150,1170,505,240
59008,Coquitlam--Port Coquitlam,90415,12025,6285,7040,6380,10020,9220,7975,6805,9230,4735,2675,1965,43690,5615,2210,2730,2250,4135,4225,3630,3775,5555,3155,2065,1535,46725,6410,4075,4315,4130,5885,4990,4345,3030,3675,1580,610,430
59009,Courtenay--Alberni,93435,7780,6330,9610,9920,15670,12145,8955,6475,6860,3270,1445,1200,45280,3435,2045,3790,3570,6635,5805,5070,4155,4730,2285,1100,980,48150,4350,4285,5815,6345,9035,6340,3885,2320,2130,985,345,220
59010,Cowichan--Malahat--Langford,81255,7405,5615,7700,6870,11330,9695,8235,6285,7615,4040,1460,1515,39580,3535,2085,2700,2495,4490,4530,4125,3780,4900,3015,1120,1220,41675,3870,3535,5000,4375,6840,5165,4110,2510,2715,1030,335,290
59011,Delta,82300,8475,5330,6735,6420,9065,8550,7785,6160,8770,4715,2780,2915,40170,3865,1835,2510,2430,3415,3985,3580,3445,5380,3055,2135,2470,42130,4605,3495,4220,3995,5650,4560,4205,2715,3390,1660,645,445
59012,Fleetwood--Port Kells,88645,11345,6720,8240,7640,10595,9290,8115,5900,7415,3130,1805,1420,43305,5035,2435,3170,3190,4755,4475,3920,3610,4725,2135,1365,1170,45340,6315,4290,5070,4455,5840,4810,4200,2290,2700,995,440,250
59013,Kamloops--Thompson--Cariboo,98515,9380,6575,9505,9155,12950,12310,8785,7265,8930,4815,2325,2050,48425,4200,1870,3310,3695,5565,5850,4505,4475,5750,3410,2000,1685,50090,5175,4710,6190,5455,7390,6460,4285,2790,3175,1405,325,365
59014,Kelowna--Lake Country,91035,8240,6230,7590,8365,12810,11235,9150,7015,8335,3860,2205,2445,44085,4140,2140,2960,3020,5285,5035,4460,4155,5205,2485,1605,1890,46945,4105,4085,4625,5345,7520,6205,4685,2865,3125,1380,605,555
59015,Kootenay--Columbia,88695,7580,6110,8125,8380,13200,10325,8560,6140,8210,4650,2470,1745,44445,3305,2180,3035,3165,5190,4865,4850,4030,5575,3580,2095,1400,44255,4275,3925,5080,5215,8015,5465,3710,2110,2630,1065,380,345
59016,Langley--Aldergrove,82840,8880,4945,6470,6430,9785,9075,8100,6365,8990,4375,2715,2450,40475,4015,1485,2320,2255,4210,3910,3775,3635,5865,2980,2035,2020,42370,4870,3460,4150,4170,5570,5165,4320,2730,3130,1395,675,430
59017,Mission--Matsqui--Fraser Canyon,71330,7775,5295,7510,7180,9925,8175,5795,4650,5965,2910,1255,865,35535,3750,1670,2985,2785,4540,3995,3345,2885,4115,2065,1005,690,35795,4025,3630,4525,4390,5385,4185,2455,1770,1855,845,240,170
59018,Nanaimo--Ladysmith,96230,8640,7260,9655,9495,14075,11855,10160,6290,7840,3720,1935,1405,46475,3880,2575,3880,3680,5800,5715,5190,3685,4970,2625,1545,1190,49755,4765,4685,5770,5810,8280,6140,4970,2605,2865,1090,390,215
59019,New Westminster--Burnaby,91515,11475,6260,7915,8290,10920,10380,8845,6945,8500,4120,1670,1605,44685,5775,2405,3610,3135,4935,4665,4395,3820,4900,2630,1200,1130,46830,5700,3855,4305,5155,5985,5710,4445,3125,3600,1490,470,480
59020,North Okanagan--Shuswap,101130,9875,7390,10590,11390,15525,12170,9350,6635,7525,3510,1700,1490,48860,4535,2300,3980,4275,6845,5710,5135,4060,5330,2475,1360,1230,52270,5340,5085,6605,7115,8685,6460,4210,2575,2190,1040,340,265
59021,North Vancouver,91585,9490,5460,7080,6890,10095,9130,8765,6610,9630,5540,3500,5005,43585,4385,2075,3110,2460,4125,3720,3795,3100,5305,3365,2280,3800,47995,5110,3390,3970,4435,5970,5410,4970,3510,4335,2175,1215,1205
59022,Pitt Meadows--Maple Ridge,76025,7785,5000,6205,6175,8570,8145,7815,5915,8545,4010,2020,1645,37105,3540,1680,2325,2230,3225,3385,3780,3495,5685,2835,1650,1385,38920,4250,3315,3880,3940,5345,4765,4040,2420,2855,1180,375,260
59023,Port Moody--Coquitlam,88815,10035,5745,6975,6415,9610,8960,8555,6725,9185,5040,2880,3265,43810,4585,2000,2740,2630,4145,4195,3920,3690,5715,3190,2090,2580,45005,5455,3750,4230,3785,5465,4760,4635,3030,3470,1850,780,680
59024,Prince George--Peace River--Northern Rockies,84575,8055,5270,5895,6815,9975,9525,7390,6580,9165,5695,3035,3020,43395,3530,1710,1995,2740,4400,4080,3635,3620,6480,4290,2475,2655,41180,4525,3560,3895,4080,5575,5450,3755,2960,2685,1405,560,365
59025,Richmond Centre,80460,13675,5770,8340,6830,8945,7515,6650,4630,5950,2900,1760,1945,37750,6530,2140,3370,2745,3840,3530,3060,2425,3475,1820,1120,1520,42710,7145,3630,4975,4090,5110,3985,3590,2205,2470,1080,650,420
59026,Esquimalt--Saanich--Sooke,94580,7950,5690,7750,7675,11755,11645,11340,8140,10555,4775,1920,1555,45820,3820,1995,2925,3010,4840,5240,5415,4260,6780,3165,1440,1140,48760,4135,3690,4825,4670,6915,6410,5925,3875,3770,1610,470,415
59027,Saanich--Gulf Islands,89170,7965,5195,7180,7600,11595,10185,9060,7050,9750,4900,2600,2925,42500,3510,1940,2870,2850,4435,4685,4110,3995,5735,2855,1765,2230,46665,4450,3255,4310,4750,7160,5505,4955,3050,4020,2045,840,695
59028,Skeena--Bulkley Valley,71950,8515,5550,6305,6785,9775,7560,5800,4385,6610,3500,1745,1225,36640,4470,2145,2575,2895,4235,3325,3020,2570,4655,2515,1400,1015,35310,4045,3405,3735,3895,5540,4235,2780,1810,1955,980,350,210
59029,South Okanagan--West Kootenay,94270,8560,6470,9295,11190,14895,11395,8435,5995,7095,3710,1545,1615,45815,4000,2100,3830,4505,6490,5290,4525,3550,4910,2615,1180,1365,48450,4555,4365,5465,6695,8405,6100,3910,2445,2190,1100,360,250
59030,South Surrey--White Rock,78710,7280,4730,5735,6540,9445,7755,6960,5690,8445,4740,3090,4820,37060,3190,1610,2180,2355,3465,3270,3095,2900,4730,2900,2050,3790,41650,4090,3125,3555,4190,5985,4485,3865,2790,3715,1840,1040,1030
59031,Steveston--Richmond East,81585,12405,5920,7735,7150,9720,8510,6800,5100,6635,3025,1635,1510,39125,6070,2220,3280,2770,4320,3845,3275,2765,4045,1930,1175,1115,42455,6335,3700,4455,4385,5400,4665,3525,2335,2580,1090,460,395
59032,Surrey Centre,89350,11825,6935,10260,9440,12745,10250,8195,5065,5370,1755,795,460,44990,5980,2530,4330,4060,6215,5070,4465,3315,3975,1295,700,375,44365,5850,4400,5930,5380,6530,5170,3730,1745,1390,460,95,80
59033,Surrey--Newton,82435,10060,6160,9155,8135,12145,9635,7460,4965,4885,2000,795,610,40445,5035,2125,3785,3290,5745,4830,3925,3165,3295,1375,590,510,41985,5020,4030,5370,4840,6400,4800,3530,1800,1590,620,205,95
59034,Vancouver Centre,95170,12155,4840,7045,7320,9790,9015,9385,7610,10595,5755,3935,4515,49130,6150,2110,3400,3440,4625,4545,4445,4005,5955,3310,2645,3225,46040,6005,2725,3645,3885,5170,4470,4940,3600,4640,2445,1290,1290
59035,Vancouver East,91965,9660,5790,11705,11165,12185,9345,8865,5240,7175,3575,1900,1675,45710,4775,2515,5235,4940,6370,4625,4500,2890,3790,2030,1250,1270,46260,4885,3275,6465,6230,5815,4715,4365,2350,3390,1545,650,410
59036,Vancouver Granville,86765,11070,4965,6905,6605,9095,8355,7670,6165,8375,5025,3285,5070,39875,5325,1925,3010,2315,3860,3580,3280,2975,3905,2745,1820,3490,46885,5750,3040,3900,4285,5230,4775,4385,3190,4470,2280,1475,1580
59037,North Island--Powell River,86075,8060,6180,7960,8615,12010,10675,8010,5865,7490,4135,1640,1535,42625,3630,2040,3005,3210,4650,5090,4645,3645,5225,3265,1350,1280,43445,4425,4140,4955,5410,7360,5585,3365,2215,2270,875,285,260
59038,Vancouver Kingsway,86645,11980,5680,10130,9550,11805,9335,8215,4890,5495,2740,1150,995,41875,6130,2050,4515,3720,5420,4580,4040,2850,3270,1630,880,655,44770,5850,3625,5610,5825,6385,4755,4175,2035,2230,1105,280,340
59039,Vancouver Quadra,85915,11845,5845,6145,6125,7905,6930,6365,5190,8050,5245,3705,8070,40180,5395,2195,2655,2195,3265,2980,2575,2385,3990,2795,2020,5705,45740,6450,3655,3485,3930,4640,3950,3790,2805,4065,2445,1685,2365
59040,Vancouver South,83835,11790,6200,9480,8990,11105,9020,6720,4780,5440,2695,1160,1085,39900,5875,2255,4345,3360,4955,4400,3315,2560,3005,1750,785,825,43935,5915,3945,5135,5630,6150,4615,3400,2215,2440,945,380,260
59041,Victoria,94480,7855,5875,8750,8845,13060,11515,9790,7305,9315,4455,2480,2865,44430,3505,2380,3870,3325,5405,5180,4650,3740,5035,2605,1620,2030,50050,4350,3495,4880,5520,7655,6335,5145,3560,4280,1850,860,840
59042,West Vancouver--Sunshine Coast--Sea to Sky Country,93925,9440,5480,7510,7710,11745,10455,8280,6080,8680,4675,3185,6260,45760,4600,2010,2645,3000,5000,4495,3930,3205,5205,2950,2130,4565,48160,4840,3470,4865,4710,6745,5960,4350,2870,3475,1720,1055,1695
60001,Yukon,27495,1955,1520,1610,1915,3150,3005,2575,2420,4175,2275,1130,735,13755,1015,630,800,935,1630,1165,1240,1120,2120,1330,725,530,13735,940,895,810,980,1525,1840,1335,1305,2055,950,405,200
61001,Northwest Territories,31750,2835,2030,2105,1900,2955,2395,2065,1970,3705,3525,2875,1910,16080,1380,875,965,820,1335,1170,1030,1020,1700,1885,1695,1425,15675,1455,1150,1140,1075,1620,1225,1035,955,2010,1640,1180,485
62001,Nunavut,21250,2915,2290,1715,1490,2380,1550,1095,765,1480,1580,1475,1090,10910,1670,1090,665,665,1165,810,610,455,840,750,750,685,10345,1245,1205,1055,825,1210,735,480,310,640,835,725,410
