Geo_Code,FED_Name,TotalPopInPrivateHouseholdbyMinority,TotalVisibleMinPop,TotSouthAsian,TotChinese,TotBlack,TotFilipino,TotLatinAmerican,TotArab,TotSoutheastAsian,TotWestAsian,TotKorean,TotJapanese,TotVisibleMinority,TotMultipleVisibleMinorities,TotNotVisibleMinority,MaleTotalPopPrivateHouseholdsByVisibleMinority,MaleTotVisibleMinorityPop,MaleSouthAsian,MaleChinese,MaleBlack,MaleFilipino,MaleLatinAmerica,MaleArab,MaleSoutheastAsian,MaleWestAsian,MaleKorean,MaleJapanese,MaleVisibleMinority,MaleMultipleVisibleMinorities,MaleNotVisibleMinority,FemaleTotPopPrivateHouseholdsByVisibleMinority,FemaleTotalVisibleMinorityPop,FemaleSouthAsian,FemaleChinese,FemaleBlack,FemaleFilipino,FemaleLatinAmerican,FemaleArab,FemaleSoutheastAsian,FemaleWestAsian,FemaleKorean,FemaleJapanese,FemaleVisibleMinority,FemaleMultipleVisibleMinorities,FemaleNotVisibleMinority
10001,Avalon,80155,455,90,180,80,45,0,0,0,0,0,0,0,15,79695,39650,255,50,105,45,0,0,0,0,0,0,0,0,0,39400,40505,205,45,75,30,0,0,0,0,0,0,0,0,0,40300
10002,Bonavista--Burin--Trinity,75955,460,95,65,90,0,0,60,35,0,0,0,60,20,75495,37485,260,60,40,45,0,0,35,0,0,0,0,35,0,37225,38475,200,40,30,45,0,0,25,0,0,0,0,0,10,38275
10003,Coast of Bays--Central--Notre Dame,76750,560,105,210,85,55,0,50,0,0,0,0,30,10,76190,37665,245,70,90,40,10,0,0,0,0,0,0,0,0,37425,39080,320,30,125,50,45,0,35,0,0,0,0,0,0,38765
10004,Labrador,26550,335,130,15,55,60,10,0,0,0,0,0,20,0,26215,13470,135,50,0,15,0,0,0,0,0,0,0,0,0,13340,13075,205,80,0,35,30,0,0,0,0,0,0,15,0,12870
10005,Long Range Mountains,86510,465,155,45,95,65,0,40,0,0,0,0,20,30,86040,42115,245,80,20,45,45,0,0,0,0,0,0,15,10,41870,44395,225,80,25,45,25,0,0,0,0,0,0,0,25,44175
10006,St. John's East,80485,3460,1050,910,595,85,105,135,200,145,0,45,30,135,77030,39045,2005,600,475,380,50,65,85,145,85,0,35,0,70,37045,41440,1450,450,435,210,35,40,55,60,60,0,0,0,65,39985
10007,St. John's South--Mount Pearl,80860,1190,230,215,460,35,35,70,40,0,45,0,0,0,79675,38520,610,135,105,255,0,20,40,30,0,0,0,0,0,37915,42340,580,95,110,205,35,10,30,0,0,0,0,0,0,41760
11001,Cardigan,35535,465,55,230,55,10,0,0,0,15,0,0,0,0,35075,17550,225,35,115,30,0,0,0,0,0,0,0,0,0,17330,17980,235,20,115,20,0,0,0,0,0,0,0,0,0,17740
11002,Charlottetown,33315,2975,345,1305,260,30,130,165,130,315,95,155,0,35,30335,15405,1405,155,685,85,0,60,85,80,145,40,25,0,20,14005,17905,1580,195,625,175,15,70,85,55,170,55,125,0,20,16330
11003,Egmont,33820,560,65,125,25,40,80,0,65,0,0,25,0,0,33260,16540,300,40,0,0,25,40,0,35,0,0,0,0,0,16240,17280,260,25,55,30,0,40,0,0,0,0,0,0,0,17020
11004,Malpeque,34705,260,20,170,45,0,0,0,0,0,0,0,0,0,34445,17010,95,0,75,10,0,0,0,0,0,0,0,0,0,16915,17700,160,25,90,35,0,0,0,0,0,0,0,0,0,17530
12001,Cape Breton--Canso,74320,1345,135,150,810,120,55,15,0,0,0,25,0,15,72980,36200,555,50,60,340,0,30,15,0,0,0,0,0,0,35650,38120,785,85,85,470,75,30,0,0,0,0,0,0,10,37335
12002,Central Nova,73660,1690,135,160,855,215,40,110,0,0,25,0,65,65,71975,35805,915,80,65,440,135,0,75,0,0,0,0,40,40,34890,37855,775,55,90,410,75,30,0,0,0,15,0,25,0,37085
12003,Cumberland--Colchester,80265,1905,225,195,1110,55,55,90,10,0,0,0,130,0,78355,38850,895,105,60,620,30,30,45,0,0,0,0,0,0,37955,41415,1010,120,130,485,20,25,50,0,0,0,0,130,0,40405
12004,Dartmouth--Cole Harbour,90095,7080,860,555,4010,265,195,350,280,130,20,45,145,240,83025,43030,3440,480,265,1890,125,115,210,140,60,0,10,50,80,39595,47065,3640,385,285,2115,135,80,140,135,75,0,35,90,160,43425
12005,Halifax,89505,12005,1295,2150,3780,480,365,2125,365,470,280,145,215,340,77500,43120,6280,655,1165,1870,205,185,1405,165,275,70,55,105,125,36840,46385,5725,640,980,1915,270,175,725,195,195,215,90,110,215,40660
12006,Halifax West,86170,11290,1665,1500,2560,520,385,2845,240,590,470,35,60,435,74880,41330,5785,895,760,1375,215,165,1515,105,310,210,0,30,205,35545,44840,5505,765,740,1185,305,220,1325,130,285,255,30,30,230,39335
12007,Kings--Hants,82225,2145,125,310,1110,85,60,190,100,0,35,35,0,60,80085,40255,1120,50,160,610,25,20,135,35,0,15,0,0,45,39130,41975,1020,70,150,500,55,40,50,65,0,20,30,0,15,40955
12008,Sackville--Preston--Chezzetcook,85040,4120,85,325,3285,30,60,90,20,15,70,40,25,70,80915,41955,2050,45,175,1605,0,45,45,15,0,50,25,0,35,39905,43080,2070,45,150,1685,25,20,45,0,10,0,0,25,30,41010
12009,South Shore--St. Margarets,91330,1560,130,280,725,60,70,115,0,95,0,40,0,30,89775,45080,760,75,110,410,15,30,70,0,0,0,10,0,0,44320,46255,795,55,170,315,40,40,50,0,75,0,25,0,20,45455
12010,Sydney--Victoria,71730,1835,165,330,810,35,35,315,55,25,20,20,0,0,69895,34335,960,60,175,390,0,0,275,0,0,0,0,0,0,33385,37390,885,105,155,415,30,25,40,35,0,0,0,0,0,36510
12011,West Nova,81820,2300,145,110,1740,40,45,45,80,0,0,40,30,20,79520,39595,1210,95,45,985,0,10,30,0,0,0,0,0,0,38385,42225,1090,50,60,760,40,35,20,60,0,0,35,0,0,41135
13001,Acadie--Bathurst,77635,500,55,165,75,60,15,35,0,0,30,15,0,0,77135,38585,220,25,40,60,35,0,30,0,0,0,0,0,0,38365,39055,280,25,125,25,25,0,0,0,0,0,0,0,0,38770
13002,Beausejour,77985,920,60,105,255,75,165,55,35,0,145,0,0,10,77060,38800,445,30,40,170,0,35,35,25,0,80,0,0,0,38355,39180,480,30,65,80,60,130,0,0,0,65,0,0,0,38705
13003,Fredericton,80195,4140,845,890,725,240,355,220,45,135,460,120,20,90,76060,39030,2105,455,440,345,95,210,140,25,80,225,60,0,30,36930,41160,2035,395,445,375,140,145,80,25,60,240,60,0,60,39130
13004,Fundy Royal,78780,1335,130,135,370,75,135,25,40,25,225,120,0,45,77445,39035,575,80,30,195,0,45,20,15,0,115,20,0,25,38460,39745,760,45,105,175,70,90,0,30,20,110,100,0,15,38985
13005,Madawaska--Restigouche,60630,525,165,50,130,40,0,125,0,0,0,0,0,0,60105,29535,275,100,40,50,20,0,75,0,0,0,0,0,0,29255,31100,245,70,0,75,25,0,50,0,0,0,0,0,0,30850
13006,Miramichi--Grand Lake,58625,555,115,150,210,40,0,0,0,0,0,0,0,0,58070,28670,320,60,115,120,20,0,0,0,0,0,0,0,0,28350,29950,230,60,35,95,25,0,0,0,0,0,0,0,0,29715
13007,Moncton--Riverview--Dieppe,87480,4010,510,335,1385,255,100,345,395,75,515,0,30,60,83475,41645,1925,240,170,680,70,55,200,200,40,240,0,0,15,39725,45835,2085,270,160,705,185,45,140,195,40,280,0,0,45,43750
13008,New Brunswick Southwest,65255,625,30,110,225,65,60,0,30,0,60,0,0,35,64630,32085,340,25,55,110,30,40,0,0,0,30,0,0,20,31745,33170,280,0,60,115,30,20,0,0,0,25,0,0,0,32885
13009,Saint John--Rothesay,79870,3705,380,570,1285,170,175,520,100,50,345,25,10,90,76165,37840,2035,205,285,720,100,80,340,50,30,170,15,0,40,35805,42035,1675,175,285,565,75,95,175,50,15,170,0,0,50,40360
13010,Tobique--Mactaquac,69380,810,150,25,220,70,145,45,55,0,70,0,0,10,68565,34260,410,85,10,150,0,65,0,0,0,40,0,0,0,33850,35115,400,70,15,70,50,75,30,40,0,30,0,0,0,34715
24001,Abitibi--Baie-James--Nunavik--Eeyou,84445,825,30,65,295,10,90,190,110,0,0,0,0,15,83625,43080,440,10,10,175,0,40,110,70,0,0,0,0,10,42640,41365,385,20,60,115,0,50,85,40,0,0,0,0,0,40980
24002,Abitibi--Temiscamingue,100520,680,10,155,220,15,70,155,45,0,0,0,0,0,99840,50610,355,0,50,125,0,40,115,10,0,0,0,0,0,50250,49915,320,0,105,90,10,35,40,35,0,0,0,0,0,49590
24003,Ahuntsic-Cartierville,106525,39030,3770,1890,10985,185,4905,12975,2600,665,50,40,220,745,67490,52230,19870,1935,955,5470,65,2385,6965,1250,330,20,20,85,385,32365,54295,19165,1835,935,5510,120,2525,6010,1355,335,30,25,130,360,35130
24004,Alfred-Pellan,95425,17835,285,535,8855,80,2675,3670,1255,255,20,0,20,170,77590,46410,8620,170,225,4270,20,1325,1825,555,130,0,0,0,65,37785,49015,9215,120,310,4585,60,1350,1850,700,125,0,0,0,95,39805
24005,Argenteuil--La Petite-Nation,92625,970,55,165,320,60,150,80,65,0,0,25,0,25,91660,46440,435,20,70,130,0,80,30,35,0,0,20,0,0,46010,46185,535,40,100,190,35,70,45,30,0,0,0,0,0,45650
24006,Avignon--La Mitis--Matane--Matapedia,72380,700,35,140,160,35,105,140,45,0,0,0,0,20,71680,35970,280,15,0,65,30,60,60,30,0,0,0,0,0,35690,36410,415,20,135,90,0,50,75,20,0,0,0,0,0,35990
24007,Beauce,104085,700,155,120,165,0,125,30,80,0,0,0,0,20,103385,52655,305,60,30,80,0,75,25,30,0,0,0,0,0,52340,51435,390,95,90,90,0,50,0,55,0,0,0,0,0,51040
24008,Beauport--Limoilou,89455,4340,160,170,1590,0,1235,600,325,50,30,70,20,80,85120,42980,2315,80,65,895,0,640,345,155,0,15,35,20,55,40660,46480,2020,85,110,700,0,600,255,170,0,15,40,0,25,44460
24009,Becancour--Nicolet--Saurel,91215,710,50,65,270,25,105,115,45,0,0,20,0,0,90505,45565,315,35,0,110,0,35,60,35,0,0,0,0,0,45245,45655,390,20,50,160,0,70,50,15,0,0,0,0,0,45260
24010,Bellechasse--Les Etchemins--Levis,108400,1200,45,280,270,25,240,130,135,0,15,30,0,25,107200,53665,595,15,75,145,0,115,115,70,0,15,0,0,15,53075,54735,605,30,205,130,0,120,15,65,0,0,0,0,0,54125
24011,Beloeil--Chambly,107620,2180,65,360,560,20,350,265,315,30,30,45,35,115,105435,53120,1055,35,100,295,0,170,165,185,15,0,0,0,60,52060,54500,1125,25,255,265,0,185,105,130,0,25,35,0,55,53370
24012,Berthier--Maskinonge,96560,735,30,35,245,50,145,65,120,0,0,0,20,20,95820,48875,415,0,10,120,30,80,45,70,0,0,0,0,0,48465,47675,320,0,30,120,0,65,20,55,0,0,0,0,0,47360
24013,Therese-De Blainville,96725,4260,150,345,1675,30,740,720,395,30,25,45,35,85,92460,47460,2210,105,110,920,0,370,375,235,20,10,0,20,20,45245,49265,2055,45,230,755,20,370,340,160,15,15,30,15,60,47215
24014,Pierre-Boucher--Les Patriotes--Vercheres,94110,2505,25,310,715,35,415,615,235,30,30,0,35,65,91605,46870,1245,15,120,360,15,185,340,130,15,0,0,20,50,45620,47245,1260,0,190,355,15,230,285,105,20,15,0,20,15,45980
24015,Bourassa,97360,39135,640,560,19815,60,6045,9055,1905,300,0,0,220,520,58225,46100,19205,340,300,9210,25,3055,4780,885,160,0,0,135,325,26900,51260,19930,300,260,10610,40,2995,4280,1025,140,0,0,80,200,31330
24016,Brome--Missisquoi,96885,805,55,190,125,55,120,55,55,0,20,45,35,15,96085,48035,375,25,75,70,25,60,25,20,0,0,35,0,0,47660,48850,425,25,110,55,35,60,30,30,0,15,10,30,0,48420
24017,Brossard--Saint-Lambert,99540,31960,3530,10010,3760,870,2945,4195,2850,1835,355,115,780,720,67585,47730,15655,1790,4905,1795,345,1455,2135,1400,960,160,30,320,350,32075,51815,16300,1735,5100,1970,525,1490,2055,1450,875,195,80,455,370,35505
24018,Rimouski-Neigette--Temiscouata--Les Basques,81655,680,45,100,250,0,105,90,15,0,0,0,35,0,80980,40495,305,0,15,150,0,50,55,0,0,0,0,0,0,40190,41165,365,40,85,100,0,55,35,0,0,0,0,20,0,40795
24019,Charlesbourg--Haute-Saint-Charles,101500,1810,95,310,480,20,410,320,95,0,25,0,25,20,99690,49325,895,55,120,235,0,165,215,45,0,15,0,20,0,48430,52170,915,35,190,245,10,245,105,50,0,0,0,0,15,51260
24020,Beauport--Cote-de-Beaupre--ile d'Orleans--Charlevoix,90130,900,65,180,340,35,75,75,30,0,20,0,70,0,89230,44895,390,25,45,145,0,35,45,25,0,20,0,0,0,44505,45235,510,45,130,200,0,40,30,0,0,0,0,35,0,44725
24021,Chateauguay--Lacolle,90710,6625,600,380,3065,120,1050,545,285,170,0,0,90,305,84085,45125,3280,305,205,1445,55,505,310,145,95,0,0,40,165,41845,45585,3345,290,180,1620,65,545,240,145,70,0,0,50,140,42245
24022,Chicoutimi--Le Fjord,79365,815,25,175,235,25,85,190,35,0,0,0,0,0,78550,39260,365,0,30,110,0,50,110,25,0,0,0,0,0,38890,40110,450,0,145,125,25,35,80,10,0,0,0,0,0,39655
24023,Compton--Stanstead,100705,1315,65,195,305,25,350,150,120,0,0,15,30,40,99385,51200,545,35,55,145,0,175,30,55,0,0,0,0,0,50660,49505,765,35,140,160,0,175,115,65,0,0,0,25,30,48730
24024,Dorval--Lachine--LaSalle,104480,31685,4415,3235,12740,1670,3105,3110,810,870,405,105,445,760,72795,50145,15040,2245,1510,5835,720,1455,1650,385,435,180,55,205,365,35105,54335,16640,2175,1730,6910,950,1650,1455,420,440,230,55,240,395,37695
24025,Drummond,95870,1915,25,195,435,0,785,275,160,0,0,0,0,0,93960,48085,990,0,80,240,0,390,160,85,0,0,0,0,0,47090,47790,925,0,115,190,0,395,115,70,0,0,0,0,0,46865
24026,Gaspesie--Les iles-de-la-Madeleine,77170,265,0,35,30,30,45,20,55,0,20,0,0,15,76905,38000,130,0,0,20,0,20,0,25,0,15,0,0,10,37870,39170,135,0,25,15,0,25,0,25,0,0,0,0,10,39035
24027,Gatineau,104810,7520,90,345,3350,115,1065,1995,210,115,50,20,90,80,97290,50760,3705,40,130,1590,20,550,1065,100,65,20,0,65,50,47060,54050,3815,50,210,1765,90,515,925,110,45,35,10,25,35,50235
24028,Hochelaga,100085,18410,665,1675,5310,160,3490,4475,1760,260,50,25,130,400,81675,49270,9170,340,740,2515,30,1835,2430,850,175,30,0,55,160,40095,50815,9240,325,935,2805,130,1660,2040,915,80,20,20,70,235,41585
24029,Honore-Mercier,101105,28370,455,920,14980,190,3820,4370,2920,240,25,10,50,395,72730,48025,13445,220,425,6730,125,1885,2300,1445,105,0,0,20,180,34580,53075,14925,240,495,8250,60,1940,2070,1470,135,0,0,30,215,38150
24030,Hull--Aylmer,101605,14875,500,1340,4855,235,2310,3500,805,405,135,215,200,375,86730,49365,7355,220,610,2235,125,1130,2035,380,195,55,140,80,145,42010,52240,7520,285,730,2615,105,1185,1465,420,205,75,80,120,225,44720
24031,Joliette,98085,1430,265,80,310,0,325,175,155,0,0,0,35,60,96655,48595,585,95,25,125,0,85,105,85,0,0,0,25,30,48015,49490,850,170,60,185,0,245,75,65,0,0,0,0,25,48640
24032,Jonquiere,86125,495,10,95,160,20,115,40,0,0,20,0,0,20,85630,43160,250,0,15,90,0,75,35,0,0,0,0,0,0,42905,42970,245,0,85,60,0,40,0,0,0,0,0,0,0,42720
24033,La Pointe-de-l'ile,100300,14365,265,1005,6455,50,2675,2275,1080,75,15,55,130,280,85935,48115,6485,120,455,2845,35,1260,1050,440,45,0,20,70,130,41625,52185,7880,140,550,3610,0,1410,1230,645,35,0,35,60,150,44310
24034,La Prairie,99020,5530,255,920,1340,65,1140,1045,355,120,45,50,100,100,93490,49490,2890,145,375,765,0,615,585,205,60,30,25,50,25,46600,49530,2640,115,540,570,50,530,455,150,65,15,25,50,75,46890
24035,Lac-Saint-Jean,102615,550,0,90,210,0,90,40,60,0,0,0,15,0,102060,51525,230,0,0,100,0,25,35,30,0,0,0,0,0,51295,51090,325,0,80,115,0,60,0,30,0,0,0,0,0,50770
24036,Lac-Saint-Louis,106270,21740,4455,3855,4010,1735,1200,3255,765,980,440,215,325,500,84535,51505,10850,2355,1890,2115,715,525,1720,390,495,215,85,150,200,40655,54770,10890,2100,1970,1900,1020,680,1530,370,485,220,130,175,305,43880
24037,LaSalle--emard--Verdun,102515,19330,1735,4885,4620,610,2640,2195,1030,440,135,210,305,530,83185,49225,9665,835,2455,2385,255,1245,1220,540,245,50,65,140,235,39565,53285,9665,900,2425,2235,355,1395,975,485,195,85,145,165,295,43620
24038,Laurentides--Labelle,108810,1025,60,135,285,25,200,90,100,15,15,35,35,35,107780,53830,450,0,25,115,0,100,65,50,0,0,0,20,0,53380,54980,580,35,110,165,15,100,30,50,10,10,0,0,20,54405
24039,Laurier--Sainte-Marie,103590,19530,1925,3330,3795,165,3525,3140,1700,610,250,320,290,470,84060,55585,10500,1005,1550,2150,115,1950,1925,900,335,110,115,130,220,45080,48005,9030,920,1785,1645,55,1575,1215,800,280,140,200,165,250,38980
24040,Laval--Les iles,101380,20970,2850,1010,4110,240,1750,6920,1795,1455,160,15,210,460,80410,49740,10325,1425,435,2045,90,820,3445,905,725,90,0,105,255,39410,51645,10640,1420,580,2065,155,930,3480,885,730,75,0,105,205,41005
24041,Longueuil--Charles-LeMoyne,103595,17015,1180,1905,5425,300,2835,2620,1155,865,100,60,280,275,86585,50965,8405,620,925,2445,110,1545,1430,590,405,45,40,140,100,42560,52635,8610,555,980,2985,190,1290,1200,565,455,55,20,135,175,44025
24042,Levis--Lotbiniere,106390,1275,40,255,305,15,235,125,185,0,0,0,40,60,105110,53595,555,0,15,160,0,105,80,105,0,0,0,20,25,53040,52790,715,0,245,145,0,130,45,85,0,0,0,15,35,52075
24043,Longueuil--Saint-Hubert,102520,12945,755,740,4370,120,2595,2290,1160,290,90,35,250,250,89575,49340,6405,400,310,2070,50,1200,1285,605,135,45,0,155,150,42930,53180,6540,360,430,2300,70,1395,1000,555,150,40,30,95,105,46640
24044,Louis-Hebert,100610,6490,120,585,1455,30,1605,1770,535,125,55,65,45,95,94120,48125,3275,85,195,740,0,835,950,260,65,35,25,25,50,44855,52485,3215,35,385,720,20,770,820,275,60,25,35,20,50,49270
24045,Louis-Saint-Laurent,105845,2245,70,365,630,10,340,460,240,0,0,0,25,70,103600,51965,1025,25,95,310,0,130,260,130,0,0,0,15,45,50945,53880,1225,45,270,325,0,215,200,105,0,0,0,0,30,52655
24046,Manicouagan,92985,470,0,75,145,0,50,110,25,0,0,0,0,25,92515,46980,205,0,10,75,0,30,65,10,0,0,0,0,0,46770,46010,260,0,65,70,0,25,45,15,0,0,0,0,25,45745
24047,Megantic--L'erable,85885,540,70,50,95,30,205,20,35,0,0,0,0,0,85345,43190,220,35,0,40,0,70,0,0,0,0,0,0,0,42965,42695,320,40,35,55,25,140,0,20,0,0,0,0,0,42375
24048,Mirabel,101745,1345,60,145,380,60,230,205,180,0,30,0,10,45,100395,51370,625,45,35,215,0,95,100,95,0,20,0,0,15,50750,50370,720,0,115,165,55,135,105,85,0,0,0,10,30,49645
24049,Montarville,93625,4475,250,650,1160,100,690,715,495,165,40,95,45,70,89150,45870,2130,140,245,575,35,365,385,235,85,25,0,15,25,43735,47760,2340,110,410,585,60,330,330,265,85,20,90,25,40,45415
24050,Montcalm,98065,1870,140,95,995,30,235,155,85,20,50,0,0,20,96195,49620,915,60,25,490,0,120,80,45,0,0,0,0,0,48700,48445,955,75,70,505,25,115,70,40,0,0,0,0,20,47490
24051,Montmagny--L'Islet--Kamouraska--Riviere-du-Loup,93510,475,0,60,170,25,35,50,15,0,0,0,0,20,93035,47135,260,0,0,105,20,15,30,0,0,0,0,0,0,46875,46375,215,0,50,70,0,15,20,0,0,0,0,0,0,46165
24052,Mount Royal,99225,37040,5430,2845,6220,10690,2135,3390,3310,1200,480,80,390,875,62185,46605,17020,2820,1305,2980,3940,1075,1830,1625,580,235,20,195,415,29585,52620,20020,2605,1550,3235,6755,1055,1560,1680,620,240,60,195,460,32600
24053,Notre-Dame-de-Grace--Westmount,102755,29955,2030,5035,8580,2390,2725,3485,855,1940,995,440,615,865,72795,48425,14280,1125,2275,3810,975,1295,1980,440,1005,470,195,320,395,34145,54330,15675,905,2765,4765,1420,1430,1505,415,935,520,245,295,470,38655
24054,Outremont,98745,28385,2325,1930,6820,2760,3750,6605,2110,905,200,185,255,525,70360,47995,13995,1205,855,3370,1080,1710,3715,1065,475,35,70,140,280,34000,50745,14385,1125,1075,3450,1685,2040,2890,1050,430,165,120,120,245,36355
24055,Papineau,107840,44655,12030,2140,9365,200,7185,7235,4935,370,0,95,315,770,63185,53845,23335,6670,1020,4525,55,3520,4205,2630,180,0,0,145,365,30510,53990,21315,5360,1120,4840,145,3665,3035,2305,185,0,80,170,405,32670
24056,Pierrefonds--Dollard,107395,37940,9645,3080,8695,3675,2105,5785,1865,1320,195,65,535,970,69460,52430,18115,4865,1360,4015,1460,990,3075,905,585,80,25,270,485,34315,54965,19830,4785,1720,4685,2215,1110,2710,955,735,115,40,270,490,35140
24057,Pontiac,105725,4920,320,410,1980,35,455,1025,335,85,30,70,50,115,100805,53455,2430,215,170,930,0,170,525,220,45,0,0,15,65,51030,52270,2490,110,240,1045,25,285,500,120,40,25,30,30,45,49775
24058,Portneuf--Jacques-Cartier,102235,930,30,240,180,10,115,80,160,0,40,50,0,20,101305,51955,455,15,70,80,0,70,50,95,0,0,40,0,10,51495,50285,475,15,170,100,0,45,30,65,0,30,0,0,0,49810
24059,Quebec,92340,5015,395,235,1400,20,1515,615,565,75,25,40,85,50,87325,44710,2500,195,65,725,0,730,365,280,20,15,25,55,20,42210,47630,2520,200,165,675,0,785,245,290,55,0,15,30,35,45115
24060,Repentigny,110200,6475,50,190,3925,155,840,900,200,15,0,0,35,140,103730,54005,3055,0,40,1865,75,370,510,105,15,0,0,0,60,50950,56205,3425,35,150,2055,80,470,390,95,0,0,0,25,80,52780
24061,Richmond--Arthabaska,100745,1055,0,145,220,30,485,105,35,0,0,0,0,20,99695,50940,490,0,40,110,0,250,55,0,0,0,0,0,0,50450,49805,565,0,100,110,25,230,45,20,0,0,0,0,0,49240
24062,Riviere-des-Mille-iles,101875,5180,245,320,1395,65,790,880,1130,135,70,25,45,80,96690,50010,2490,140,120,650,20,405,470,520,85,35,0,0,0,47520,51860,2690,110,200,745,45,395,405,610,55,35,0,0,65,49170
24063,Riviere-du-Nord,99830,1865,185,140,480,25,670,125,60,30,0,25,30,90,97965,49480,890,110,40,285,0,235,60,35,20,0,0,20,50,48590,50350,980,75,100,195,0,430,65,25,10,0,20,15,40,49365
24064,Rosemont--La Petite-Patrie,104170,18660,830,1610,4820,50,5180,3465,1810,80,45,120,230,415,85510,50575,9470,395,685,2325,25,2650,2015,915,55,25,35,130,210,41105,53600,9190,435,920,2490,25,2530,1445,890,25,20,90,100,210,44415
24065,Marc-Aurele-Fortin,95460,17800,1195,645,6430,180,2125,4355,2035,460,0,0,110,230,77660,46800,8850,580,235,3190,120,1050,2275,1000,240,0,0,65,80,37960,48660,8955,615,410,3240,60,1075,2075,1035,225,0,0,45,150,39700
24066,Saint-Hyacinthe--Bagot,96850,1970,25,125,355,0,910,305,110,30,0,0,30,65,94875,48175,1035,0,45,195,0,445,175,70,20,0,0,25,45,47140,48680,940,15,85,155,0,465,130,40,0,0,0,0,0,47735
24067,Saint-Jean,105825,1745,55,210,515,40,325,150,240,50,15,0,95,40,104080,52420,890,0,70,260,15,175,105,130,30,0,0,50,25,51530,53410,855,30,140,255,25,145,45,115,0,15,0,45,15,52555
24068,Saint-Laurent,92115,46385,5655,7605,7500,1375,3090,13845,4395,1460,255,65,195,950,45730,44760,22910,2830,3730,3470,595,1535,7035,2195,815,140,20,95,460,21850,47360,23480,2825,3875,4030,785,1550,6810,2205,645,110,50,95,490,23880
24069,Saint-Leonard--Saint-Michel,109315,49055,1990,1625,14955,80,9250,13615,6030,660,15,50,90,690,60260,51800,23550,1025,735,6895,35,4200,6985,3030,300,15,0,25,295,28250,57520,25505,960,890,8060,50,5050,6635,2995,360,0,35,65,400,32015
24070,Saint-Maurice--Champlain,107220,725,55,70,225,0,170,50,25,0,0,0,35,60,106495,53545,340,0,15,90,0,95,30,10,0,0,0,35,35,53205,53675,385,35,55,135,0,75,20,15,0,0,0,0,0,53290
24071,Salaberry--Suroit,104785,1160,105,160,340,55,195,65,175,0,0,0,10,40,103620,51595,465,20,50,170,0,80,45,55,0,0,0,0,20,51130,53185,700,85,110,170,35,120,25,120,0,0,0,0,20,52490
24072,Shefford,104980,2195,85,135,650,20,590,335,215,60,30,0,25,60,102780,52290,1150,50,40,370,0,315,180,110,45,0,0,0,10,51145,52685,1050,30,90,275,0,275,150,105,15,0,0,20,50,51640
24073,Sherbrooke,104045,7370,410,280,2320,30,1845,1305,510,450,55,0,25,140,96670,50110,3935,220,125,1220,0,975,740,275,235,40,0,0,75,46180,53930,3435,190,160,1100,0,865,565,230,215,0,0,0,70,50495
24074,Vaudreuil--Soulanges,110785,10805,2675,900,2650,920,960,1270,470,235,125,65,220,320,99975,54905,5480,1380,360,1390,460,490,710,230,145,55,15,85,165,49425,55880,5325,1295,540,1265,460,465,560,245,95,70,45,130,160,50550
24075,Terrebonne,105605,7990,110,205,4710,25,1340,1125,230,65,20,0,65,85,97615,52585,3665,50,70,2160,0,610,540,100,60,0,0,30,30,48925,53020,4325,65,140,2550,20,730,585,130,0,15,0,40,55,48695
24076,Trois-Rivieres,104730,3060,30,220,1110,40,795,620,95,0,0,65,30,35,101675,50260,1585,0,65,605,30,390,335,50,0,0,40,10,25,48670,54475,1475,15,155,505,0,400,290,45,0,0,25,20,0,53000
24077,Ville-Marie--Le Sud-Ouest--ile-des-Soeurs,100710,35415,4435,6540,6140,430,3665,7335,2230,2260,1085,330,220,745,65300,51455,18415,2440,3050,3150,80,1900,4420,1160,1135,510,95,100,380,33045,49255,17000,1995,3485,2995,350,1770,2910,1070,1130,575,235,120,365,32255
24078,Vimy,100460,24610,2315,1000,4830,285,3305,8345,2700,1015,15,60,215,515,75850,48270,12190,1320,475,2185,80,1600,4300,1305,570,0,25,100,230,36080,52185,12420,1000,525,2645,205,1705,4045,1400,450,0,35,120,285,39770
35001,Ajax,109220,49995,15020,2560,17505,4820,1070,1165,645,1770,205,305,2795,2140,59225,52810,23850,7395,1205,8395,2120,445,665,255,900,95,115,1220,1045,28960,56410,26150,7625,1355,9115,2705,630,500,385,870,110,190,1575,1090,30265
35002,Algoma--Manitoulin--Kapuskasing,78900,845,105,145,275,50,80,0,65,0,55,0,0,50,78060,39340,385,50,75,145,10,0,0,0,0,30,0,0,20,38955,39565,460,50,70,125,40,65,0,45,0,0,0,0,30,39105
35003,Aurora--Oak Ridges--Richmond Hill,104730,44960,8430,17590,2015,1930,1190,1405,590,7055,2405,585,415,1345,59765,51595,21760,4075,8535,895,835,550,690,225,3650,1165,270,230,635,29840,53130,23205,4355,9060,1115,1100,640,720,360,3405,1235,315,180,710,29930
35004,Barrie--Innisfil,100540,7115,1165,625,1955,550,810,225,495,45,295,130,365,460,93425,49670,3505,620,275,1025,170,355,135,275,25,115,60,180,260,46165,50870,3610,540,345,930,375,450,90,220,20,175,75,180,205,47255
35005,Barrie--Springwater--Oro-Medonte,96450,4900,760,555,940,430,600,140,220,125,345,355,275,145,91550,47285,2545,440,280,570,185,220,95,105,70,170,195,130,75,44735,49170,2355,320,270,370,250,385,45,115,55,170,155,150,65,46810
35006,Bay of Quinte,107010,3375,680,470,835,160,205,95,185,115,240,200,90,90,103635,51540,1625,335,210,480,45,115,30,55,60,100,85,35,60,49915,55470,1750,345,255,355,115,90,65,130,60,135,115,55,30,53720
35007,Beaches--East York,106030,33590,11015,6060,5805,3435,1310,510,1125,935,405,565,920,1495,72445,50815,15700,5420,2705,2730,1375,590,285,505,480,175,250,460,730,35110,55215,17885,5600,3355,3075,2055,725,225,620,455,230,310,460,765,37330
35008,Brampton Centre,102980,55345,26905,1825,12450,3965,3395,755,1570,615,110,210,2385,1160,47640,50600,26985,13430,835,5860,1915,1720,355,800,315,55,125,985,595,23620,52380,28360,13475,990,6590,2055,1675,400,770,300,55,85,1400,565,24020
35009,Brampton East,99335,87035,59885,1380,12415,1950,1545,1485,2215,1350,200,50,3320,1240,12300,49620,43510,30490,725,5815,920,730,770,1060,655,90,45,1595,625,6100,49715,43520,29400,650,6595,1030,815,715,1155,695,110,0,1730,620,6195
35010,Brampton North,111065,68190,41215,2040,11820,2560,2425,695,1635,680,95,180,2855,1990,42875,55265,33865,20855,1020,5490,1190,1220,410,810,360,35,125,1350,995,21400,55800,34325,20365,1020,6325,1365,1205,280,825,320,65,55,1505,995,21475
35011,Brampton South,106050,63100,38125,1385,12440,3930,1835,500,1660,285,80,100,1760,1000,42950,52145,31120,19195,705,5735,1900,950,255,820,145,25,70,870,445,21025,53905,31980,18930,685,6710,2025,890,240,840,140,55,35,885,555,21920
35012,Brampton West,101880,72565,34085,1405,21165,5505,2205,690,1550,565,35,140,3235,1995,29320,49835,35375,16800,695,10100,2555,1115,370,750,260,0,65,1610,1025,14460,52050,37190,17280,705,11065,2940,1090,325,800,300,0,70,1620,970,14860
35013,Brantford--Brant,130260,7320,1735,775,1675,500,420,595,745,80,300,100,125,265,122935,63385,3615,845,355,900,205,205,330,415,35,125,35,60,105,59775,66870,3710,890,415,775,295,220,265,330,50,175,60,65,165,63165
35014,Bruce--Grey--Owen Sound,103815,1490,435,125,390,105,85,20,15,0,155,50,40,60,102325,51180,685,220,65,185,40,35,0,0,0,50,0,30,30,50490,52635,805,215,65,200,70,50,0,0,0,105,45,15,35,51835
35015,Burlington,118960,10885,2475,1605,1795,935,1050,775,495,460,390,245,175,490,108080,57150,5260,1275,765,830,380,460,430,285,250,185,120,80,205,51885,61815,5625,1200,840,970,550,585,340,210,205,210,130,95,280,56190
35016,Cambridge,110355,13085,5105,915,1975,700,1085,650,1100,365,170,230,450,345,97265,54195,6400,2565,405,980,290,570,330,575,165,110,75,185,155,47800,56155,6690,2540,510,1000,415,520,320,525,195,65,155,265,190,49465
35017,Chatham-Kent--Leamington,108505,6175,635,370,1760,265,935,1015,495,140,200,140,120,105,102325,52960,3135,290,120,935,90,510,570,220,55,125,75,75,75,49825,55545,3040,340,245,825,175,420,440,275,85,75,65,50,35,52505
35018,Davenport,102040,33680,4065,5365,6745,3210,6715,755,2955,385,625,600,1000,1255,68360,50425,16445,2095,2715,3245,1330,3335,450,1545,205,270,260,480,515,33980,51610,17235,1970,2650,3500,1880,3385,310,1410,180,355,340,515,740,34380
35019,Don Valley East,92205,51540,15140,7490,8390,5580,2200,2955,930,4600,1675,355,1065,1160,40665,43405,24120,7485,3415,3645,2245,1000,1565,470,2250,865,160,505,515,19290,48800,27420,7650,4080,4745,3330,1205,1395,460,2350,815,195,560,645,21380
35020,Don Valley North,101905,68295,9850,32550,4750,4330,1210,2065,855,6350,3555,605,655,1515,33610,48350,32615,4795,15835,1955,1770,555,1070,420,3265,1715,250,325,660,15735,53555,35680,5055,16715,2795,2555,655,995,435,3080,1840,355,330,860,17875
35021,Don Valley West,98935,35565,12445,8515,2060,2850,1090,780,535,3210,1770,850,400,1060,63370,47225,16855,6325,3925,825,1055,500,430,280,1670,765,385,195,500,30370,51710,18710,6125,4590,1235,1790,585,350,255,1540,1010,465,210,560,33000
35022,Dufferin--Caledon,115055,8495,2465,665,1950,560,880,160,315,190,90,250,695,270,106560,57400,4150,1240,385,980,175,485,85,210,110,40,115,200,130,53255,57655,4350,1225,285,975,385,395,70,105,80,50,135,500,135,53305
35023,Durham,114360,8370,1640,740,2830,925,565,255,235,195,195,135,385,275,105995,56635,4175,895,350,1390,385,345,135,100,95,85,65,220,120,52460,57730,4195,740,395,1435,540,220,125,135,95,115,70,165,155,53535
35024,Eglinton--Lawrence,111000,32100,2885,3770,6740,10240,2790,575,1260,910,830,470,645,990,78900,51290,13635,1490,1760,2925,3645,1335,335,535,430,365,170,230,410,37650,59710,18460,1390,2005,3810,6595,1455,245,720,480,460,300,415,580,41250
35025,Elgin--Middlesex--London,108205,3580,595,395,515,215,350,400,550,225,145,55,15,120,104625,53320,1745,260,185,285,80,200,210,265,80,70,0,15,80,51570,54885,1835,335,210,230,135,150,195,280,145,75,40,0,40,53050
35026,Essex,118090,5765,1095,615,1155,495,405,910,305,130,245,120,125,160,112330,58775,2840,545,310,580,180,210,440,145,80,120,65,65,100,55935,59315,2925,550,305,580,310,195,470,155,50,125,55,60,60,56390
35027,Etobicoke Centre,113310,28300,6740,2585,6510,2315,2915,885,705,1015,2395,585,750,900,85005,54000,13310,3280,1195,3070,930,1320,420,320,505,1220,315,255,480,40685,59315,14995,3465,1390,3435,1385,1590,475,390,505,1175,265,490,425,44320
35028,Etobicoke--Lakeshore,114310,27105,5115,3220,4860,3620,2475,860,1530,770,2000,650,1265,745,87205,55065,12810,2540,1515,2240,1495,1065,500,825,415,905,345,570,390,42255,59245,14295,2570,1700,2625,2120,1410,365,710,350,1095,305,695,355,44945
35029,Etobicoke North,116090,84480,34910,1845,24630,4205,4935,2455,2290,2565,500,165,4055,1930,31615,56615,41110,17905,890,11295,1850,2405,1295,1110,1265,240,85,1765,1010,15505,59475,43365,17005,950,13340,2355,2520,1165,1180,1300,260,75,2285,920,16105
35030,Flamborough--Glanbrook,96550,8350,2095,640,1630,615,545,895,630,550,190,105,325,135,88205,47850,3955,965,245,840,230,265,500,320,230,70,45,145,85,43895,48700,4390,1125,395,790,380,280,390,310,320,120,55,175,55,44305
35031,Glengarry--Prescott--Russell,103825,2480,290,255,1110,135,160,165,95,35,60,55,100,30,101345,52030,1235,140,95,580,50,85,110,45,25,35,30,35,0,50795,51790,1240,150,160,520,85,75,50,55,0,20,30,60,20,50555
35032,Guelph,120555,18920,4965,3350,1695,1965,1155,640,2890,975,280,145,200,660,101635,58630,9305,2345,1595,895,915,565,365,1530,470,105,80,115,330,49320,61925,9615,2625,1755,800,1040,590,275,1360,505,175,70,85,330,52315
35033,Haldimand--Norfolk,105585,1860,175,220,575,175,120,0,100,30,185,20,75,180,103720,52560,985,120,135,330,50,60,0,50,0,105,0,35,55,51570,53030,880,55,80,240,125,60,0,45,0,80,0,40,120,52150
35034,Haliburton--Kawartha Lakes--Brock,107745,1990,400,240,450,265,90,0,0,20,260,85,35,105,105760,53625,1000,205,90,205,160,45,0,0,0,155,40,15,40,52625,54120,985,200,145,245,110,45,0,0,0,105,45,20,65,53130
35035,Hamilton Centre,97860,17845,1985,2310,4935,1545,2050,695,2410,585,500,125,230,475,80015,49075,8855,995,1185,2680,600,900,440,1160,300,210,70,105,200,40220,48790,8990,990,1130,2250,945,1150,255,1245,285,285,55,130,275,39800
35036,Hamilton East--Stoney Creek,106975,16110,6580,740,2540,665,1495,1000,1660,285,225,110,310,500,90860,51745,8020,3435,340,1250,345,655,465,830,150,95,60,165,235,43730,55225,8095,3150,400,1290,325,845,535,830,135,130,55,145,260,47130
35037,Hamilton Mountain,102505,19805,2505,1555,4395,3155,2105,2335,720,1860,150,205,275,520,82700,49630,9695,1260,775,2105,1525,930,1240,345,895,95,115,160,250,39930,52875,10110,1245,780,2290,1635,1180,1100,370,960,55,90,120,275,42765
35038,Hamilton West--Ancaster--Dundas,105750,17860,4075,3255,2610,1190,1140,2140,460,980,910,305,250,550,87885,51500,8960,2145,1690,1310,480,480,1060,230,515,480,175,160,245,42540,54245,8900,1930,1565,1305,715,655,1080,225,465,435,130,90,300,45345
35039,Hastings--Lennox and Addington,90100,1185,175,160,210,120,165,70,40,0,95,15,95,35,88915,44645,675,110,95,135,45,85,40,20,0,80,15,40,0,43975,45460,510,60,65,80,75,80,35,25,0,15,0,50,25,44945
35040,Huron--Bruce,102790,1505,300,290,220,210,125,40,105,0,40,75,90,15,101280,51055,750,160,145,125,80,70,25,55,0,20,30,30,0,50310,51735,760,145,145,95,130,60,15,50,0,20,45,60,0,50975
35041,Kanata--Carleton,99820,21765,4620,6540,2470,820,810,1915,2225,835,345,190,325,660,78055,49235,10215,2300,3015,1080,245,390,935,1075,460,170,75,145,320,39025,50580,11550,2320,3525,1390,580,425,980,1145,375,170,120,180,345,39035
35042,Kenora,53260,705,50,75,30,390,50,10,0,0,20,65,0,0,52560,26590,290,30,45,20,125,20,0,0,0,0,30,0,0,26300,26675,415,15,30,10,270,30,0,0,0,15,35,0,0,26260
35043,King--Vaughan,108490,35770,11835,4385,3845,2930,2885,865,3165,2560,880,155,1110,1150,72725,53625,17300,5925,2075,1925,1175,1445,425,1470,1390,435,70,475,485,36330,54865,18470,5905,2310,1920,1760,1445,445,1685,1170,445,85,640,670,36395
35044,Kingston and the Islands,113325,8710,1985,1880,1095,670,795,655,340,405,435,180,105,180,104610,54025,4165,1040,895,490,300,340,360,155,215,200,50,25,90,49860,59300,4545,940,980,605,365,455,295,180,190,230,125,75,90,54755
35045,Kitchener Centre,100755,14705,2840,1620,2780,370,2160,915,2200,950,210,135,175,355,86055,49785,7235,1415,740,1440,175,965,505,1065,450,100,55,120,215,42550,50970,7465,1425,885,1340,200,1190,405,1140,495,110,75,55,145,43505
35046,Kitchener--Conestoga,92270,12130,3455,1005,1255,455,1530,690,1810,690,210,110,365,545,80135,45665,5945,1620,455,645,145,820,360,980,340,100,55,160,270,39720,46600,6190,1835,550,610,315,720,335,830,345,110,50,210,275,40415
35047,Kitchener South--Hespeler,96490,16695,4480,1715,3025,815,2305,935,1350,910,170,115,380,485,79795,48055,8400,2215,925,1580,385,1140,535,650,435,70,50,185,220,39660,48435,8300,2265,795,1435,435,1170,400,700,470,100,65,200,260,40135
35048,Lambton--Kent--Middlesex,103580,2065,325,140,520,60,260,70,110,10,340,55,50,130,101515,51690,1010,115,60,255,25,160,55,50,0,165,35,25,60,50680,51890,1055,210,80,260,30,105,0,55,0,180,0,30,70,50840
35049,Lanark--Frontenac--Kingston,96120,1415,245,250,260,70,55,145,75,0,85,45,45,125,94705,47965,665,90,115,165,20,20,70,35,0,35,20,35,40,47300,48160,745,155,130,95,45,35,70,40,0,50,20,0,90,47410
35050,Leeds--Grenville--Thousand Islands and Rideau Lakes,97605,1730,395,315,225,295,70,75,215,15,40,25,35,25,95875,48065,855,220,150,130,110,30,45,95,0,20,0,15,20,47215,49545,880,175,170,90,185,40,35,120,10,25,25,15,0,48665
35051,London--Fanshawe,117850,19215,1645,1165,3790,975,3720,4160,1780,770,230,85,375,520,98635,57740,9870,810,570,2030,440,1930,2115,920,440,115,35,195,265,47865,60115,9345,835,590,1760,535,1790,2045,860,330,115,50,185,260,50775
35052,London North Centre,115605,20760,3685,3605,2460,830,3010,2040,1510,1055,1650,135,205,575,94845,56195,10280,1895,1620,1230,320,1660,1035,745,615,790,60,105,210,45915,59410,10480,1795,1985,1225,515,1350,1005,760,440,860,70,100,365,48930
35053,London West,117925,16870,2435,2240,2465,425,2830,2860,390,935,1070,280,185,745,101060,56290,8385,1130,1095,1315,140,1445,1420,210,465,595,135,85,350,47905,61635,8485,1305,1140,1155,285,1390,1440,180,465,480,150,100,400,53160
35054,Markham--Stouffville,108340,49570,16560,17770,4105,3990,710,840,990,935,350,435,895,2000,58775,52810,23950,8430,8520,1870,1665,320,395,450,465,145,245,475,980,28860,55530,25620,8125,9255,2230,2330,385,450,540,475,200,195,420,1015,29915
35055,Markham--Thornhill,102385,83965,31550,36050,4225,3055,470,980,1110,2320,1210,200,1050,1720,18420,50860,41475,15810,17865,2010,1330,245,550,590,1155,565,110,495,760,9385,51525,42480,15745,18185,2215,1725,225,425,525,1170,650,90,555,960,9040
35056,Markham--Unionville,104125,82075,11335,59590,1970,1930,390,1600,760,1190,540,440,255,2085,22050,50740,39700,5575,28865,945,770,190,770,345,625,250,250,125,1000,11035,53395,42375,5760,30730,1025,1160,195,830,420,560,285,195,130,1085,11020
35057,Milton,87085,25270,11860,1735,2755,2770,1670,1530,575,310,285,155,715,915,61815,43065,12630,6045,835,1385,1275,780,800,295,145,150,75,340,510,30440,44015,12640,5820,910,1370,1495,885,725,285,170,135,75,375,405,31380
35058,Mississauga Centre,118185,79130,31175,13710,5880,7750,2790,7575,3070,1550,1575,375,1660,2025,39055,57885,38525,15385,6515,2560,3590,1300,4030,1630,850,795,160,700,1010,19355,60300,40600,15790,7200,3315,4160,1490,3545,1445,695,780,215,960,1015,19700
35059,Mississauga East--Cooksville,121060,57140,19960,6295,7770,8460,2900,3110,3655,1405,645,330,1135,1470,63915,58895,27490,9995,3160,3335,3745,1395,1625,1780,675,345,165,540,730,31405,62165,29655,9960,3140,4430,4715,1510,1485,1875,735,305,170,595,745,32510
35060,Mississauga--Erin Mills,116485,69335,27320,11490,7615,5905,2215,5755,1915,1460,1715,530,1430,1990,47145,57080,33670,13740,5630,3460,2655,1000,2870,930,800,830,225,600,930,23415,59405,35670,13585,5860,4150,3250,1215,2890,985,665,880,305,835,1060,23730
35061,Mississauga--Lakeshore,117330,30600,8960,4410,4240,3485,1670,2085,1250,970,1080,425,1070,950,86730,57345,14710,4655,2045,1970,1475,755,1150,600,510,520,195,475,365,42635,59985,15890,4300,2370,2270,2010,920,930,650,465,560,230,595,590,44095
35062,Mississauga--Malton,117125,88080,44210,7185,12130,8090,2650,2640,3990,1660,510,130,2505,2385,29045,57770,43160,22105,3450,5655,3725,1380,1370,2045,840,255,60,1225,1065,14610,59350,44920,22105,3735,6475,4360,1270,1270,1945,820,255,75,1285,1325,14435
35063,Mississauga--Streetsville,118545,56585,22590,7025,7145,6115,3130,3700,1865,900,770,315,1400,1615,61965,58355,27805,11140,3430,3430,2820,1490,2020,955,530,350,155,620,860,30550,60195,28785,11450,3600,3715,3290,1635,1675,915,370,425,155,785,760,31410
35064,Nepean,103510,28750,7400,6700,4415,1585,955,3270,2430,555,280,240,200,720,74760,50780,13995,3705,3260,2220,595,455,1680,1115,290,120,105,110,330,36790,52730,14760,3695,3435,2195,990,505,1585,1315,270,160,135,90,390,37970
35065,Newmarket--Aurora,108410,21960,3835,4755,2795,1665,1285,855,2940,1365,800,400,480,780,86450,52780,10605,1850,2270,1340,640,590,455,1485,705,420,195,220,425,42175,55635,11360,1985,2485,1455,1025,700,400,1460,665,380,205,260,360,44275
35066,Niagara Centre,103870,5110,515,570,1550,420,830,390,235,125,155,90,115,120,98760,50840,2455,285,260,740,185,405,195,115,65,70,45,30,65,48375,53040,2650,230,310,805,240,425,195,115,60,85,45,80,60,50385
35067,Niagara Falls,125380,10140,1285,1680,2325,1460,1145,210,645,170,335,355,135,395,115240,60735,4670,675,730,940,605,550,135,325,105,185,140,60,220,56065,64645,5470,610,950,1380,850,590,70,320,65,150,220,80,180,59175
35068,Niagara West,85025,2280,570,305,440,165,285,50,125,25,135,55,35,80,82745,42105,1155,285,125,260,40,175,20,60,0,80,20,30,40,40950,42915,1125,285,180,185,125,105,30,60,0,60,35,0,40,41790
35069,Nickel Belt,89970,1245,180,225,225,65,115,195,80,15,60,0,0,75,88725,45030,620,95,135,120,30,50,85,40,0,25,0,0,35,44405,44940,625,75,90,105,35,70,115,45,15,40,0,0,40,44315
35070,Nipissing--Timiskaming,89335,1820,330,430,535,70,120,50,25,45,10,35,60,110,87515,43685,980,170,215,310,30,60,30,0,40,0,15,45,55,42705,45655,845,155,215,225,40,60,0,0,0,10,15,10,55,44810
35071,Northumberland--Peterborough South,104785,2580,475,290,590,405,175,40,45,85,140,95,125,115,102205,51345,1180,260,105,275,145,95,20,25,50,60,40,65,60,50170,53440,1405,215,190,320,260,80,20,15,35,80,60,60,60,52035
35072,Oakville,118340,23260,7045,3920,2620,1905,1345,1660,1055,780,1325,400,450,760,95075,57235,10880,3380,1855,1230,745,590,805,475,410,685,180,180,345,46350,61105,12380,3670,2065,1385,1160,755,855,580,365,640,225,265,410,48725
35073,Oakville North--Burlington,113115,27465,9555,3540,3215,2135,1905,1975,680,860,1650,535,375,1035,85655,55130,13080,4705,1615,1500,925,825,995,310,400,850,235,210,510,42055,57980,14385,4855,1920,1720,1210,1075,975,370,460,800,300,170,530,43600
35074,Oshawa,124040,10045,1830,950,3560,865,815,270,325,300,170,75,415,475,114000,60400,5065,925,480,1830,345,405,130,150,130,85,50,250,290,55335,63650,4980,900,470,1725,515,415,140,175,175,80,30,165,190,58665
35075,Ottawa Centre,109755,21180,3065,4605,4410,895,1345,2350,1930,810,345,425,310,690,88570,53430,10400,1640,2045,2245,340,665,1335,860,450,180,200,145,300,43025,56325,10780,1425,2560,2160,560,670,1010,1065,365,165,230,160,395,45545
35076,Orleans,117980,23660,4350,2460,7695,1245,1235,3600,845,890,150,165,295,730,94325,57305,11190,2055,1135,3605,475,490,1930,415,465,75,70,140,340,46120,60675,12465,2295,1325,4100,765,745,1675,440,420,75,95,155,395,48210
35077,Ottawa South,120390,43670,4925,4620,12725,1785,2145,11505,1955,1795,230,380,400,1215,76725,57665,20725,2485,2315,5370,765,1055,5855,965,885,100,105,175,660,36940,62730,22950,2445,2305,7355,1020,1095,5650,990,910,130,275,220,555,39780
35078,Ottawa--Vanier,107150,27270,3535,2530,10220,1615,1815,3670,1285,1100,360,215,280,645,79885,51055,13005,1775,1195,4620,640,875,1910,635,590,200,110,130,330,38050,56095,14265,1755,1340,5600,970,945,1760,650,510,150,105,155,315,41830
35079,Ottawa West--Nepean,109320,29315,4135,5655,6260,2055,1260,4455,2285,1355,305,220,280,1060,80010,52395,14070,2240,2600,2890,795,595,2295,1105,675,140,110,130,500,38325,56930,15245,1900,3055,3365,1260,670,2160,1180,675,165,110,145,560,41680
35080,Oxford,106965,2745,395,330,835,230,170,80,390,45,120,65,20,65,104225,53120,1455,225,160,500,75,85,45,190,30,50,30,15,40,51665,53845,1285,165,170,335,155,85,30,200,0,70,30,0,25,52560
35081,Parkdale--High Park,102505,26235,4885,3880,4905,2215,2250,590,1790,820,1015,700,1960,1220,76265,49225,12190,2500,1825,2270,820,950,360,805,350,450,315,945,595,37040,53280,14045,2385,2055,2635,1395,1300,230,980,470,570,385,1015,625,39230
35082,Parry Sound--Muskoka,88445,1320,210,165,215,140,125,0,175,95,85,25,40,35,87125,43835,610,130,55,130,30,45,0,75,0,50,0,0,30,43225,44615,710,80,105,85,105,75,0,100,60,40,0,20,0,43900
35083,Perth--Wellington,102760,2070,355,370,355,205,235,90,155,0,185,30,60,30,100690,50760,905,165,145,160,70,90,45,75,0,65,20,40,25,49855,52000,1165,190,220,195,130,145,40,80,0,120,15,20,0,50835
35084,Peterborough--Kawartha,112665,3755,870,545,650,105,235,145,430,145,280,95,100,155,108910,54550,1900,465,255,300,45,120,75,225,80,145,40,60,90,52650,58115,1855,400,290,350,60,115,75,205,65,135,55,40,60,56260
35085,Pickering--Uxbridge,108335,31915,9810,2130,10300,3000,865,840,640,840,315,280,1465,1430,76420,52935,15145,4830,960,4870,1280,325,435,320,435,160,150,655,725,37795,55400,16775,4975,1170,5430,1720,535,405,320,400,160,130,815,710,38625
35086,Renfrew--Nipissing--Pembroke,99770,1975,390,490,425,115,95,65,105,0,95,90,0,75,97795,49940,1060,215,235,265,50,45,40,65,0,45,40,0,45,48880,49830,915,180,255,155,65,55,25,35,0,50,45,0,35,48920
35087,Richmond Hill,108130,59355,7170,29865,2100,2430,655,1815,955,9465,2805,500,335,1265,48780,52285,28590,3675,14485,1040,955,305,900,375,4525,1325,240,160,600,23700,55840,30765,3495,15375,1065,1475,350,910,580,4940,1480,260,170,665,25075
35088,Carleton,88775,9310,1745,1730,1395,535,675,1555,675,230,215,145,45,375,79470,44175,4630,860,815,695,195,350,855,325,120,135,85,30,180,39540,44600,4670,885,910,700,335,325,700,350,110,85,60,15,195,39925
35089,St. Catharines,108535,10440,1080,1595,2170,920,1640,955,550,295,300,250,295,375,98095,51610,5390,545,745,1245,395,895,500,290,165,160,130,120,205,46215,56925,5050,540,850,920,525,740,460,260,135,140,125,180,170,51875
35090,Toronto--St. Paul's,101370,27160,3255,4015,5090,5225,3025,620,625,1190,1565,880,485,1195,74205,46275,11575,1515,1790,2290,1695,1330,340,330,555,740,285,180,530,34700,55100,15590,1735,2230,2795,3525,1695,280,290,635,825,595,305,665,39510
35091,Sarnia--Lambton,104485,3805,1140,655,710,360,240,140,125,40,85,20,125,160,100680,50935,1820,625,325,285,130,125,85,50,30,40,15,60,50,49120,53550,1985,515,330,425,235,115,60,70,0,45,0,60,115,51565
35092,Sault Ste. Marie,80480,1285,270,310,265,40,120,85,40,0,40,50,0,40,79195,39245,710,145,185,155,0,65,70,0,0,25,0,0,15,38530,41240,575,125,120,115,30,50,0,25,0,10,45,0,20,40665
35093,Scarborough--Agincourt,103315,81600,15590,47500,5470,3905,635,1685,1020,1925,655,345,850,2025,21710,49105,38725,7735,22855,2090,1760,280,850,480,955,345,130,285,960,10380,54210,42880,7855,24640,3385,2145,350,830,545,965,310,215,565,1070,11330
35094,Scarborough Centre,107305,69120,26435,9790,9165,11725,1915,1905,1535,1970,400,475,2115,1700,38195,51655,32805,13185,4665,4075,5035,925,1040,725,1035,185,205,895,830,18850,55655,36310,13255,5120,5090,6690,990,860,810,935,210,270,1215,865,19340
35095,Scarborough--Guildwood,100485,68410,31805,5615,13575,7620,1805,515,960,2495,240,180,2215,1385,32080,48585,32955,16380,2605,5700,3565,830,250,455,1305,115,85,975,690,15640,51900,35460,15430,3015,7875,4055,970,270,505,1190,120,90,1240,695,16445
35096,Scarborough North,100175,90210,25425,43735,7130,6690,740,730,1440,475,270,150,1510,1915,9965,48590,43600,12545,20940,3245,3290,365,365,735,235,125,75,645,1030,4985,51585,46615,12875,22785,3885,3405,380,365,705,240,140,75,870,890,4975
35097,Scarborough--Rouge Park,102130,71680,31650,4640,14720,9435,1445,555,1670,1090,335,200,3725,2210,30450,49360,34410,15685,2230,6590,4420,740,275,880,580,180,80,1710,1035,14955,52765,37270,15965,2410,8130,5015,705,280,785,510,155,125,2010,1175,15495
35098,Scarborough Southwest,104600,53475,19105,6615,10435,8750,1505,785,1375,1335,240,340,1340,1655,51125,50375,25260,9460,3150,4775,3705,670,410,735,745,115,115,590,795,25120,54225,28215,9645,3465,5665,5045,840,380,645,585,130,225,750,855,26005
35099,Simcoe--Grey,114025,3025,370,365,580,350,305,30,235,0,175,180,160,245,111000,56185,1410,180,140,290,125,155,0,140,0,85,60,55,135,54770,57845,1620,185,225,290,225,155,0,100,0,95,120,105,110,56225
35100,Simcoe North,105895,2755,565,465,665,315,250,80,65,0,140,50,35,120,103145,51850,1300,280,200,295,125,135,30,45,0,80,15,0,70,50550,54045,1450,290,260,370,190,115,50,25,0,65,35,10,55,52600
35101,Spadina--Fort York,81280,32895,5325,12545,4095,1845,1585,1205,1575,1105,1235,555,495,1335,48380,40510,15965,2890,5980,1950,835,710,645,695,620,510,275,250,605,24540,40770,16930,2435,6565,2140,1005,875,555,885,485,725,285,245,730,23840
35102,Stormont--Dundas--South Glengarry,98705,3525,1800,345,400,95,90,230,245,50,0,40,15,215,95175,48195,1795,930,145,235,35,45,125,135,20,0,0,0,105,46400,50505,1730,870,200,160,55,50,100,115,0,0,30,10,115,48775
35103,Sudbury,90015,3045,465,575,735,145,200,260,240,75,115,25,60,150,86970,43355,1665,255,325,425,60,75,160,135,55,60,0,0,90,41685,46665,1375,205,250,310,80,125,100,110,0,55,15,40,65,45285
35104,Thornhill,109675,34690,7160,8335,2050,5060,1035,505,1250,3635,4035,265,435,925,74990,53080,16615,3675,4035,925,2025,440,270,525,1815,2060,130,250,460,36465,56600,18075,3485,4300,1125,3035,595,235,725,1820,1980,135,180,470,38520
35105,Thunder Bay--Rainy River,81660,1765,200,410,255,150,120,0,200,30,0,140,70,170,79895,40185,940,115,225,110,70,75,0,105,20,0,90,35,100,39245,41475,825,90,185,145,80,50,0,95,0,0,55,30,75,40650
35106,Thunder Bay--Superior North,81215,2265,460,370,345,340,135,120,155,35,0,185,60,50,78945,40285,1245,280,190,205,145,60,70,60,0,0,125,50,25,39040,40930,1025,180,175,140,190,75,50,95,0,0,60,0,30,39910
35107,Timmins--James Bay,80230,1280,295,230,270,190,55,95,0,20,15,0,0,65,78950,40525,620,125,140,145,65,0,80,0,0,0,0,0,25,39905,39700,660,165,90,130,130,35,0,0,0,0,0,0,40,39045
35108,Toronto Centre,89835,42830,9900,8315,8215,5220,2100,1235,2035,1045,1835,605,830,1490,47000,47565,21055,5040,3975,3860,2210,1255,750,980,535,860,295,445,850,26510,42265,21775,4855,4345,4360,3005,845,480,1055,520,970,305,390,650,20490
35109,Toronto--Danforth,102420,33485,4715,14400,4230,2715,1060,360,1485,740,495,820,825,1650,68930,50235,15965,2455,6970,1875,1145,495,205,745,390,225,370,305,780,34275,52180,17520,2260,7430,2350,1570,560,160,740,350,270,455,520,870,34655
35110,University--Rosedale,94350,27550,3195,11970,2345,1175,1370,1510,1095,910,1770,805,375,1025,66805,45760,12950,1525,5470,1215,395,650,840,540,480,840,275,190,525,32810,48590,14600,1675,6500,1130,775,720,670,555,430,930,535,185,500,33990
35111,Vaughan--Woodbridge,104545,26975,9570,2105,2120,1400,2575,1540,3495,1810,595,15,740,1020,77565,51345,13040,4790,1075,1005,565,1245,775,1650,935,275,0,255,470,38300,53200,13935,4780,1025,1110,835,1330,770,1845,875,320,0,485,545,39265
35112,Waterloo,101475,20485,5285,6585,1495,460,1130,1620,1020,1090,845,230,330,395,80990,50480,10510,2765,3260,800,185,575,865,555,580,440,100,150,225,39980,50995,9975,2530,3325,695,270,545,750,465,510,400,130,175,170,41015
35113,Wellington--Halton Hills,113995,4290,1300,600,725,365,520,25,140,50,45,125,155,245,109710,56720,2055,670,295,335,85,245,20,70,35,25,45,65,175,54665,57275,2240,630,305,390,280,275,0,70,15,20,80,90,75,55045
35114,Whitby,120285,23120,5695,2295,7445,2255,995,755,340,630,410,270,855,1185,97165,58850,11030,2655,1100,3710,915,430,380,165,280,255,120,375,635,47820,61435,12095,3045,1195,3730,1335,565,375,175,345,155,150,475,545,49345
35115,Willowdale,108745,65520,4920,24870,2365,5305,1100,1810,545,10520,11205,925,270,1685,43220,51765,30720,2445,11315,985,2050,520,930,220,5375,5500,455,125,810,21045,56970,34800,2475,13555,1385,3255,575,880,325,5145,5710,470,150,875,22175
35116,Windsor--Tecumseh,114355,15045,1900,890,4205,1445,1135,3690,595,345,130,20,370,310,99310,55080,7240,995,430,1795,720,560,1855,285,190,80,15,185,140,47835,59280,7800,910,465,2405,720,575,1835,310,160,50,10,185,165,51475
35117,Windsor West,117065,34195,6470,5525,5510,2020,1155,8165,2620,1250,155,70,420,825,82865,57680,17165,3375,2810,2630,805,600,4280,1345,635,80,20,240,350,40515,59380,17030,3095,2710,2880,1215,555,3890,1275,620,80,45,185,475,42355
35118,York Centre,99390,39605,3340,2460,7530,12385,4840,840,2660,1660,1125,190,905,1680,59785,47050,18020,1670,1160,3485,5085,2235,490,1260,820,545,85,455,730,29035,52340,21585,1665,1300,4045,7300,2610,350,1400,840,575,100,450,950,30750
35119,York--Simcoe,93105,6180,1280,880,970,695,440,145,760,185,190,160,160,320,86925,46325,2925,635,400,440,250,250,70,345,90,125,65,80,170,43405,46780,3255,645,475,530,445,190,75,415,95,70,90,80,150,43515
35120,York South--Weston,114815,62335,8185,2740,24285,5400,10375,530,5540,405,595,190,2095,1990,52475,54515,29115,3920,1350,10745,2375,5195,320,2800,265,250,85,930,880,25400,60295,33220,4270,1385,13540,3025,5185,210,2745,140,345,100,1170,1110,27075
35121,Humber River--Black Creek,107490,77620,17200,3900,24110,3075,9815,2190,9285,1805,495,120,2920,2710,29870,51450,37015,8550,1910,10750,1230,4885,1180,4535,970,225,90,1405,1290,14435,56040,40610,8645,1990,13360,1845,4935,1005,4750,840,275,35,1515,1420,15435
46001,Brandon--Souris,80020,5785,545,1390,590,630,2005,105,115,30,180,65,65,65,74230,39130,3125,315,735,375,310,1080,45,60,20,100,0,25,50,36005,40885,2660,230,650,220,320,920,55,55,0,80,55,50,20,38225
46002,Charleswood--St. James--Assiniboia--Headingley,79615,5720,1120,560,1380,1070,300,180,130,85,385,225,75,215,73890,38375,2590,500,265,680,440,115,90,70,35,145,70,50,130,35785,41240,3130,620,290,700,625,185,85,55,50,240,155,25,90,38110
46003,Churchill--Keewatinook Aski,83700,1300,520,55,240,215,50,50,70,15,10,30,10,30,82400,42465,685,245,35,130,95,35,40,50,10,10,10,0,15,41785,41235,615,275,20,110,125,20,15,20,0,0,20,0,0,40615
46004,Dauphin--Swan River--Neepawa,83950,1450,250,150,140,520,130,45,60,0,95,15,40,0,82505,42320,975,145,80,85,380,105,35,55,0,45,0,25,0,41355,41630,475,100,70,55,140,25,15,0,0,50,0,0,0,41155
46005,Elmwood--Transcona,84960,12010,1800,865,1915,3725,1615,150,1065,195,100,125,115,340,72950,41665,6030,845,415,1040,1845,860,65,510,95,40,50,85,180,35635,43295,5985,960,450,880,1875,755,85,555,100,60,75,25,160,37310
46006,Kildonan--St. Paul,80920,10745,1675,730,1050,5545,510,60,615,30,40,105,115,270,70170,38765,5290,810,390,540,2705,260,45,275,0,0,45,70,125,33475,42155,5460,865,345,505,2845,250,10,340,20,25,60,45,145,36695
46007,Portage--Lisgar,85565,2050,340,60,435,440,245,280,70,0,10,140,15,0,83515,42930,870,175,20,185,135,105,135,35,0,0,50,0,0,42060,42635,1180,165,40,245,305,140,145,35,0,0,90,0,0,41455
46008,Provencher,86480,1940,195,100,430,705,175,0,140,0,50,20,55,60,84540,43880,1060,105,50,210,390,95,0,90,0,30,0,35,35,42820,42600,880,85,50,225,315,80,0,50,0,20,0,20,30,41720
46009,Saint Boniface--Saint Vital,82430,12200,2630,1855,2690,1420,760,580,540,375,295,235,210,590,70235,39975,6045,1250,905,1460,650,380,305,280,175,145,115,85,305,33930,42455,6150,1385,955,1230,765,380,280,265,205,155,125,130,290,36300
46010,Selkirk--Interlake--Eastman,88350,1225,290,170,250,175,35,35,80,0,0,60,85,20,87125,44420,610,115,90,155,65,0,15,0,0,10,45,40,0,43815,43925,620,170,80,95,115,0,20,55,0,0,15,50,0,43310
46011,Winnipeg Centre,78545,28105,1425,2090,4110,15720,925,360,1835,180,260,205,270,715,50440,39615,14105,690,985,2220,7665,575,245,925,95,80,100,160,360,25510,38925,14000,735,1105,1890,8050,350,120,910,85,175,110,110,360,24925
46012,Winnipeg North,87325,37230,5700,1105,1665,24945,625,80,1670,190,195,95,240,730,50095,42750,18265,2980,515,740,12005,375,35,875,105,115,55,115,360,24480,44575,18965,2720,595,920,12940,245,45,795,85,85,35,125,365,25615
46013,Winnipeg South,84125,21730,6030,5685,3090,1965,975,820,695,515,730,240,355,625,62400,41355,10870,3120,2935,1510,875,510,405,385,260,320,115,170,255,30480,42770,10855,2910,2750,1580,1095,465,410,310,255,410,125,185,365,31915
46014,Winnipeg South Centre,88370,12140,2745,2200,1635,2140,800,490,480,395,675,185,105,290,76225,42320,5845,1395,1080,780,865,400,260,275,205,305,75,60,140,36480,46045,6300,1350,1115,855,1275,395,220,205,195,370,110,45,155,39750
47001,Battlefords--Lloydminster,68675,2145,325,200,210,1080,140,0,35,0,55,25,0,60,66530,34420,1160,190,115,145,530,75,0,0,0,30,0,0,45,33265,34255,990,135,85,65,550,65,0,0,0,0,25,0,0,33270
47002,Cypress Hills--Grasslands,63340,1750,150,385,155,855,90,0,25,0,60,0,0,0,61590,31805,935,65,235,110,415,40,0,0,0,35,0,0,0,30870,31530,810,80,145,40,435,55,0,0,0,30,0,0,0,30715
47003,Desnethe--Missinippi--Churchill River,68565,520,40,90,35,140,0,0,110,0,20,0,0,60,68050,34630,215,25,45,20,55,0,0,0,0,15,0,0,0,34410,33940,300,15,45,10,90,0,0,80,0,0,0,0,35,33635
47004,Carlton Trail--Eagle Creek,70635,1545,150,300,135,410,190,35,135,0,20,0,100,70,69090,35570,870,105,165,90,200,90,10,80,0,10,0,80,35,34700,35070,675,40,130,45,210,100,25,55,0,10,0,0,0,34395
47005,Moose Jaw--Lake Centre--Lanigan,73715,2200,215,420,430,600,150,10,125,0,120,45,20,50,71520,37120,1170,95,230,275,315,40,0,65,0,85,0,0,45,35950,36600,1025,120,190,155,290,110,10,60,0,45,30,0,0,35565
47006,Prince Albert,76605,1885,270,380,265,450,145,0,90,35,115,75,15,30,74720,37435,960,145,205,130,230,95,0,30,20,35,45,0,0,36470,39175,925,130,170,140,215,50,0,65,20,80,30,0,0,38255
47007,Regina--Lewvan,78460,7655,1980,940,1165,1900,450,120,475,230,130,0,90,140,70810,38380,3855,1065,405,605,960,235,65,220,100,75,0,40,80,34530,40080,3795,910,535,560,950,215,55,255,130,60,0,45,65,36285
47008,Regina--Qu'Appelle,71885,4190,830,575,745,720,300,80,635,45,45,85,35,95,67695,35420,2065,375,240,395,345,120,55,385,0,20,30,0,50,33365,36460,2130,455,335,355,370,180,25,250,0,25,55,0,50,34335
47009,Regina--Wascana,75570,10380,2135,2280,1200,1645,530,390,1390,190,255,50,25,290,65195,37000,5420,1215,1135,640,765,250,150,770,115,140,40,15,175,31585,38570,4960,915,1145,555,880,280,240,615,75,120,0,0,120,33605
47010,Saskatoon--Grasswood,70955,7980,1925,2025,845,1035,305,440,130,475,155,180,195,265,62975,34380,4065,1025,985,465,450,145,255,90,285,75,90,60,145,30315,36570,3915,895,1040,380,590,160,190,45,195,80,90,135,120,32660
47011,Saskatoon--University,74940,8850,2545,1950,710,1635,195,750,475,225,105,40,55,150,66095,37210,4565,1375,950,400,850,100,375,240,125,50,15,35,55,32645,37735,4280,1170,1005,310,780,95,375,235,100,55,25,25,95,33455
47012,Saskatoon West,75245,11255,1490,1365,930,4165,730,220,1115,380,120,65,185,495,63990,37070,5720,745,625,470,2195,420,130,580,170,75,30,80,210,31345,38175,5535,745,740,460,1975,315,95,535,205,50,35,105,285,32635
47013,Souris--Moose Mountain,70330,1435,225,155,170,585,20,0,135,0,45,50,10,25,68895,35795,685,135,65,75,245,0,0,75,0,30,35,0,20,35110,34535,750,95,90,95,340,15,0,60,0,15,20,0,10,33785
47014,Yorkton--Melville,69830,1495,40,230,255,815,0,10,30,0,20,60,15,20,68335,34905,775,40,130,115,425,0,0,0,0,0,0,0,0,34130,34925,720,0,95,145,390,0,0,0,0,0,40,0,0,34200
48001,Banff--Airdrie,102185,8400,1635,960,970,1850,745,260,215,30,505,915,55,265,93790,51520,4245,955,510,555,775,350,130,85,20,290,385,35,155,47275,50665,4155,680,450,415,1070,395,130,130,0,215,530,0,115,46510
48002,Battle River--Crowfoot,100675,2740,225,275,330,865,295,160,245,15,95,85,75,70,97935,51095,1325,140,105,145,455,70,80,175,0,55,25,35,40,49775,49580,1415,85,170,190,410,225,80,70,0,50,65,45,30,48160
48003,Bow River,98760,10720,2520,875,1405,2460,630,455,1275,35,90,485,75,420,88040,50590,5780,1295,470,810,1280,405,260,665,20,45,290,55,185,44815,48170,4945,1225,405,590,1180,225,190,610,15,45,195,20,235,43230
48004,Calgary Centre,105150,23985,3375,6220,3505,3000,1995,1135,940,750,1520,640,245,670,81170,53710,11955,1845,2855,2105,1185,1115,640,430,430,630,275,120,320,41760,51440,12030,1530,3360,1400,1810,880,500,510,320,890,365,120,350,39410
48005,Calgary Confederation,108650,21045,3050,8265,2035,1510,1360,860,915,505,775,910,200,655,87610,54500,10250,1565,4020,1110,465,760,480,405,295,385,335,115,305,44245,54160,10795,1485,4240,920,1040,600,380,505,210,390,575,80,350,43360
48006,Calgary Forest Lawn,107425,51110,11840,5615,6550,8540,2755,5350,7270,715,40,180,525,1720,56315,54925,26045,6005,2775,3530,4040,1500,2780,3740,405,30,70,260,920,28880,52495,25065,5835,2845,3020,4500,1255,2570,3530,310,0,115,270,805,27430
48007,Calgary Heritage,106885,23175,3305,5050,2215,6155,2320,890,490,520,915,505,220,595,83710,52760,11245,1715,2435,1145,2690,1230,455,230,275,435,260,90,290,41515,54125,11935,1585,2615,1070,3470,1095,430,260,250,480,245,135,305,42195
48008,Calgary Midnapore,109835,19530,3090,4570,1685,5090,1785,530,645,400,380,575,180,605,90305,54840,9470,1530,2190,865,2330,945,285,295,245,210,250,75,250,45365,54995,10060,1565,2380,820,2760,835,245,345,155,175,320,100,355,44940
48009,Calgary Nose Hill,109080,44010,7625,21640,3010,3375,1425,1450,2020,900,560,690,270,1030,65075,54000,21515,3845,10620,1460,1505,735,720,915,525,280,310,105,485,32490,55080,22495,3780,11020,1555,1875,695,735,1105,370,280,380,165,545,32585
48010,Calgary Rocky Ridge,107955,31370,6875,10325,2600,2730,1940,1595,930,975,1585,525,240,1045,76590,53185,15420,3490,4950,1305,1185,1025,755,540,515,820,205,125,520,37765,54775,15950,3385,5375,1295,1550,915,840,395,460,765,325,120,525,38825
48011,Calgary Shepard,109630,21220,3370,2285,2270,5235,1830,860,3125,360,165,430,250,1045,88405,55435,10410,1670,1090,1250,2430,955,415,1585,185,85,170,110,475,45025,54195,10815,1705,1190,1025,2810,870,440,1540,175,85,260,150,565,43380
48012,Calgary Signal Hill,108035,24620,4260,5485,2345,3160,1685,1845,1135,1240,2050,465,415,535,83415,52510,11925,2275,2675,1165,1180,765,950,560,655,1010,220,215,245,40590,55525,12695,1990,2805,1180,1975,915,890,580,585,1040,245,200,285,42830
48013,Calgary Skyview,109575,65320,34385,4625,5655,8545,2770,2230,3060,2105,170,225,315,1230,44255,55175,32960,17895,2195,2785,4085,1420,1140,1400,1035,75,135,155,640,22215,54400,32360,16485,2435,2870,4460,1355,1085,1665,1075,90,95,155,585,22040
48014,Edmonton Centre,102080,23080,2265,4885,4365,4690,1550,955,2375,620,430,285,170,505,78995,51780,11920,1210,2310,2350,2175,885,650,1295,380,180,130,95,260,39865,50290,11160,1060,2580,2010,2510,660,300,1075,235,250,150,70,250,39130
48015,Edmonton Griesbach,102755,25400,1765,5005,6175,2315,2195,2755,3265,395,75,160,390,910,77350,52645,13150,1040,2505,3275,1055,1170,1455,1620,195,35,35,215,545,39500,50100,12255,720,2500,2900,1260,1025,1300,1640,200,40,125,170,365,37850
48016,Edmonton Manning,105355,35700,6675,7755,6010,3840,2725,2835,2930,1205,125,135,325,1145,69645,52140,17630,3535,3905,2935,1760,1260,1455,1450,520,20,55,165,570,34505,53210,18070,3140,3850,3075,2075,1465,1380,1485,685,105,85,160,575,35135
48017,Edmonton Mill Woods,104990,44525,24235,2925,4025,7180,2130,525,1325,745,250,190,270,725,60465,52395,22005,12260,1315,2090,3340,1090,270,630,315,130,105,135,335,30385,52595,22515,11975,1610,1935,3840,1040,255,690,425,120,85,135,395,30080
48018,Edmonton Riverbend,105055,37080,9695,12935,2535,3575,1365,1265,1025,880,2080,605,180,920,67975,51205,17840,4880,6240,1170,1570,660,605,515,490,930,225,100,460,33365,53850,19240,4815,6705,1365,2010,710,660,505,395,1150,385,85,460,34610
48019,Edmonton Strathcona,100585,16560,2825,4460,1505,2160,1185,1040,765,800,660,445,245,485,84025,50565,8430,1555,2175,800,920,650,585,400,515,300,195,100,230,42140,50020,8130,1265,2285,705,1235,535,460,360,285,360,245,145,255,41890
48020,Edmonton West,102850,28485,3820,6175,3180,7950,1175,1280,1755,1195,470,180,295,1015,74365,50490,13905,1900,3065,1700,3725,500,680,900,645,205,50,160,375,36585,52355,14580,1920,3110,1480,4230,670,595,855,545,270,135,130,630,37775
48021,Edmonton--Wetaskiwin,109530,16755,5395,2630,1485,3540,755,505,805,365,445,160,95,565,92775,55210,8165,2735,1245,745,1595,320,285,380,240,230,50,60,290,47040,54320,8585,2660,1390,740,1945,435,220,435,125,215,110,40,275,45730
48022,Foothills,102365,3910,835,480,480,865,305,65,285,0,110,325,75,95,98455,51560,2060,465,260,300,315,185,45,155,0,65,175,40,45,49495,50810,1845,370,215,180,550,120,15,130,0,40,150,35,45,48960
48023,Fort McMurray--Cold Lake,101525,13580,4255,820,2230,2495,1140,1325,625,160,60,50,85,330,87945,54285,6995,2350,450,1335,940,560,720,285,90,20,20,50,170,47295,47245,6590,1905,375,890,1555,585,605,335,70,40,30,40,160,40650
48024,Grande Prairie--Mackenzie,105545,4610,685,425,530,1765,300,130,120,60,240,120,75,155,100940,54245,2155,380,235,270,660,125,110,70,0,135,55,0,90,52090,51305,2450,300,190,255,1105,170,20,50,50,110,65,60,70,48855
48025,Lakeland,101450,2715,420,220,330,835,200,105,165,85,140,40,20,160,98730,51445,1335,245,130,140,340,85,65,90,50,85,15,0,80,50110,50000,1380,170,90,190,490,110,35,85,0,55,30,0,80,48625
48026,Lethbridge,102780,7470,965,1140,855,805,710,165,405,70,200,1795,185,180,95310,50710,3795,490,515,465,360,380,95,200,45,105,925,90,125,46920,52065,3675,480,620,390,445,335,75,205,25,100,870,90,55,48395
48027,Medicine Hat--Cardston--Warner,97225,3520,470,465,780,445,490,135,155,0,100,300,35,140,93705,48025,1670,250,215,380,200,245,85,80,0,55,80,15,65,46360,49200,1850,220,255,395,250,245,55,75,0,45,220,0,70,47350
48028,Peace River--Westlock,104745,3220,515,310,200,1325,335,190,35,0,145,65,0,80,101530,53570,1785,285,180,135,710,195,100,20,0,75,40,0,35,51790,51175,1435,225,135,65,615,145,90,15,0,65,25,0,45,49740
48029,Red Deer--Mountain View,107610,5905,1000,845,685,1670,565,150,340,35,140,110,55,310,101700,53605,2825,490,485,400,660,245,70,165,30,70,60,25,110,50780,54005,3080,505,360,280,1015,320,75,175,10,70,50,30,195,50920
48030,Red Deer--Lacombe,111575,5550,450,445,580,1970,950,65,215,260,140,165,65,250,106025,56205,2835,245,195,335,935,525,45,90,170,70,75,25,120,53365,55375,2715,205,240,245,1035,420,0,125,95,65,85,45,135,52655
48031,St. Albert--Edmonton,104100,19115,2420,3920,2335,3175,705,3225,1560,525,130,160,280,675,84985,51215,9530,1270,1915,1145,1350,380,1765,765,240,75,110,150,355,41690,52890,9585,1150,2005,1190,1820,325,1460,795,280,55,50,130,325,43300
48032,Sherwood Park--Fort Saskatchewan,110290,5780,1515,790,670,1090,570,120,330,70,115,195,125,200,104510,55210,2795,760,350,390,480,270,60,155,40,50,100,55,95,52415,55085,2985,755,440,280,615,300,60,175,25,65,95,65,105,52095
48033,Sturgeon River--Parkland,104455,3465,655,305,610,825,270,315,90,0,50,225,70,65,100990,52910,1765,300,125,375,350,130,200,60,0,25,125,45,20,51150,51545,1700,355,180,230,480,130,115,35,0,20,100,20,40,49845
48034,Yellowhead,97255,2655,265,265,315,990,150,170,180,0,65,60,155,45,94600,50005,1220,160,140,195,330,75,80,90,0,30,40,65,15,48780,47255,1435,105,125,115,655,75,90,90,0,35,20,95,30,45820
59001,Abbotsford,94625,20850,13955,1370,825,720,595,250,635,95,1330,340,340,390,73775,46340,10430,6950,660,500,340,290,135,320,45,605,130,230,205,35910,48285,10420,7005,710,325,380,300,115,310,45,725,210,105,190,37865
59002,Burnaby North--Seymour,99280,42070,3670,23405,890,2965,1450,390,1205,1680,3020,1785,180,1430,57210,48870,20100,1805,11305,465,1230,595,230,610,795,1505,815,95,645,28770,50410,21970,1860,12100,425,1735,855,165,595,880,1520,975,80,780,28440
59003,Burnaby South,104180,66035,8645,35525,1405,6345,1855,810,2050,1995,3420,1835,130,2020,38145,50770,31255,4420,16580,735,2600,925,505,940,975,1680,895,45,960,19515,53410,34775,4220,18945,665,3745,930,310,1105,1020,1740,940,85,1060,18635
59004,Cariboo--Prince George,107200,6460,2680,1290,525,865,145,145,260,0,90,340,55,65,100735,53715,3030,1295,655,225,310,65,75,140,0,55,165,20,20,50685,53480,3430,1380,640,300,560,75,70,120,0,35,175,35,45,50050
59005,Central Okanagan--Similkameen--Nicola,101690,4735,1525,680,470,415,270,135,260,45,195,515,65,155,96960,49420,2375,850,325,255,120,130,90,125,20,110,230,60,55,47040,52275,2355,685,350,215,295,135,40,130,25,80,290,0,100,49920
59006,Chilliwack--Hope,91200,4450,955,585,345,620,405,45,360,35,575,260,125,140,86755,44860,2135,475,280,175,235,195,30,175,20,320,115,55,60,42730,46345,2315,475,305,170,385,210,20,185,15,250,145,75,80,44025
59007,Cloverdale--Langley City,99930,23850,10405,2955,990,3220,940,155,2020,265,1260,620,250,765,76080,49295,12060,5410,1405,535,1535,500,85,1020,115,615,290,185,360,37240,50630,11785,4995,1550,455,1685,435,75,995,150,650,330,60,405,38840
59008,Coquitlam--Port Coquitlam,109505,44520,4740,18130,1210,3550,1820,890,1045,5250,5210,1160,225,1295,64980,53630,21555,2285,8990,560,1485,900,460,550,2510,2455,560,110,700,32070,55875,22960,2455,9145,650,2065,915,435,490,2730,2760,595,115,595,32915
59009,Courtenay--Alberni,107825,3880,615,985,330,505,290,0,365,60,185,290,65,195,103945,52620,1820,290,445,195,205,135,0,170,20,95,130,35,100,50800,55205,2060,320,545,130,305,155,0,195,40,90,160,30,95,53145
59010,Cowichan--Malahat--Langford,97345,5020,1725,795,395,660,245,25,275,65,120,445,90,165,92330,48035,2450,880,355,245,260,125,15,140,25,55,190,60,100,45585,49310,2575,845,440,150,400,120,0,140,45,60,265,30,65,46740
59011,Delta,99465,29860,17035,5665,595,2630,715,125,540,115,410,1030,325,680,69605,49005,14510,8535,2665,300,1145,340,50,285,65,180,475,125,340,34490,50460,15345,8495,2995,300,1485,370,70,255,50,225,555,205,340,35120
59012,Fleetwood--Port Kells,109125,67945,29615,12130,1435,10155,1155,725,4960,755,4630,715,150,1530,41185,53910,33590,14660,5820,725,4785,660,420,2510,465,2305,330,85,830,20320,55215,34350,14955,6310,710,5375,490,295,2450,290,2325,385,60,700,20865
59013,Kamloops--Thompson--Cariboo,116565,6370,2100,1235,280,600,170,415,200,35,250,920,50,110,110200,58075,3090,1030,670,110,220,65,265,100,0,100,435,25,50,54990,58485,3275,1070,565,170,375,100,145,100,0,150,485,25,65,55210
59014,Kelowna--Lake Country,108390,7285,2505,1150,420,700,475,115,220,110,320,870,195,205,101105,53010,3460,1240,550,210,255,245,60,130,45,170,370,90,90,49550,55380,3825,1265,595,210,445,230,60,90,70,155,500,105,110,51555
59015,Kootenay--Columbia,105660,3020,705,650,255,285,165,0,100,25,145,425,160,85,102645,52935,1475,330,285,170,130,80,0,50,0,75,210,75,40,51460,52725,1540,375,360,85,160,80,0,50,0,75,215,90,40,51185
59016,Langley--Aldergrove,101370,13825,3885,2790,495,980,540,215,1030,185,2475,675,75,480,87550,49965,6900,2020,1410,320,445,235,80,505,100,1165,335,45,225,43065,51405,6925,1865,1375,170,530,305,130,520,85,1310,335,30,255,44480
59017,Mission--Matsqui--Fraser Canyon,88840,20350,16890,685,645,205,365,0,460,165,245,365,50,255,68490,44500,10075,8455,350,300,95,155,0,205,65,120,155,25,150,34425,44340,10275,8435,335,340,110,215,0,250,100,130,210,30,105,34060
59018,Nanaimo--Ladysmith,112445,7305,1980,1770,510,620,305,75,645,205,335,495,200,165,105145,55015,3340,955,760,250,235,125,45,345,100,135,215,65,115,51675,57430,3960,1025,1005,255,390,180,30,300,105,195,280,135,55,53470
59019,New Westminster--Burnaby,106780,49825,11360,15710,2415,8860,1895,905,1480,1975,2700,1195,200,1130,56945,52620,23730,5650,7660,1200,3870,955,470,680,970,1190,465,100,525,28890,54155,26095,5710,8050,1215,4985,940,440,800,1010,1510,735,100,605,28060
59020,North Okanagan--Shuswap,118405,2930,595,440,230,260,220,65,215,45,70,625,35,140,115475,57985,1375,315,235,140,65,80,40,80,30,30,305,0,40,56610,60420,1560,275,210,90,200,135,20,130,15,40,325,20,95,58865
59021,North Vancouver,108525,28135,3035,5210,525,4695,1120,390,430,7495,2580,1725,160,770,80395,52420,13055,1425,2425,290,1910,600,215,175,3710,1105,710,80,410,39365,56105,15075,1610,2790,230,2785,515,175,255,3785,1470,1020,80,365,41030
59022,Pitt Meadows--Maple Ridge,93085,11940,2730,2065,1130,1980,720,70,735,525,940,465,95,490,81150,45855,5675,1295,970,600,910,330,50,355,275,485,160,50,200,40180,47235,6270,1440,1095,530,1070,385,25,385,255,450,310,45,285,40965
59023,Port Moody--Coquitlam,106905,35870,4035,11705,1345,3815,1615,440,1270,3060,6005,1290,155,1140,71035,53290,17170,2010,5470,700,1670,725,265,615,1520,2955,615,75,550,36115,53620,18700,2030,6240,645,2145,885,170,655,1540,3050,675,75,590,34915
59024,Prince George--Peace River--Northern Rockies,105295,3475,950,520,385,980,120,45,140,45,75,135,0,75,101820,53985,1650,500,215,225,405,35,45,55,20,30,70,0,40,52335,51310,1825,445,305,160,575,80,0,80,25,45,65,0,40,49485
59025,Richmond Centre,93170,65550,4380,47910,625,5405,870,420,1000,505,620,1785,150,1875,27625,44515,30885,2290,22605,265,2265,365,235,480,235,285,825,90,930,13630,48660,34660,2085,25300,360,3140,505,190,520,275,330,960,55,945,14000
59026,Esquimalt--Saanich--Sooke,111510,11010,2890,2650,1110,1470,595,65,905,145,255,535,150,245,100495,54640,5080,1345,1210,570,605,285,35,440,80,125,175,65,150,49560,56865,5935,1545,1440,535,860,310,30,470,65,130,360,90,95,50935
59027,Saanich--Gulf Islands,102085,12505,2350,5655,640,890,490,275,440,255,425,660,135,305,89575,49395,6175,1260,2870,370,270,215,155,195,115,180,270,100,165,43225,52685,6335,1095,2780,275,625,270,120,240,135,240,385,30,140,46355
59028,Skeena--Bulkley Valley,89750,3655,1225,425,235,650,115,30,520,20,15,320,40,65,86095,45860,1685,570,265,130,220,45,0,275,0,0,115,15,30,44180,43895,1970,655,165,110,430,70,0,245,0,0,205,20,40,41925
59029,South Okanagan--West Kootenay,109215,4890,2420,570,400,380,195,0,240,95,60,415,60,75,104325,53370,2315,1235,285,180,115,95,0,100,30,20,185,35,30,51055,55845,2575,1185,280,220,265,95,0,140,65,40,225,20,45,53270
59030,South Surrey--White Rock,91965,17355,5495,6610,505,1240,345,260,275,100,1575,480,140,335,74610,43585,8300,2815,3090,250,530,160,130,130,70,695,220,65,145,35290,48380,9055,2680,3520,255,705,180,140,145,30,880,265,75,180,39320
59031,Steveston--Richmond East,96135,67775,10135,41135,620,7260,810,530,1150,750,750,1980,215,2440,28355,46500,32310,5045,19515,340,3240,350,290,535,335,350,945,90,1275,14190,49635,35460,5090,21615,280,4025,460,245,615,415,400,1035,130,1165,14170
59032,Surrey Centre,109915,66070,36530,5245,2035,8940,2110,1655,5385,580,1670,405,350,1180,43840,55835,32790,18395,2620,1035,4145,1050,885,2630,285,925,160,150,520,23045,54075,33280,18135,2625,1000,4790,1055,775,2755,295,750,240,195,665,20800
59033,Surrey--Newton,104440,75370,61635,2910,1375,4040,1195,530,1290,695,175,440,310,760,29075,51875,37575,31030,1485,685,1850,585,245,570,370,85,215,95,355,14305,52570,37795,30605,1430,695,2190,620,280,715,330,90,230,215,405,14775
59034,Vancouver Centre,101040,34180,2990,10205,1005,2010,2605,1595,1460,4170,3680,3180,215,1060,66855,52180,16125,1570,4440,620,835,1335,1020,785,2200,1550,1145,100,520,36060,48860,18055,1420,5770,390,1175,1270,580,670,1970,2130,2040,115,535,30800
59035,Vancouver East,103920,46550,2310,25450,1445,5890,1950,230,4610,605,815,1325,215,1710,57375,51815,21560,1135,12030,785,2365,920,160,2060,345,305,555,100,805,30260,52105,24990,1180,13415,655,3525,1030,75,2555,260,510,770,110,910,27110
59036,Vancouver Granville,98170,47235,3040,31320,940,3655,980,460,970,880,1420,2175,240,1150,50935,45710,21390,1510,14680,475,1175,475,305,405,425,625,685,110,515,24320,52460,25845,1535,16630,465,2480,510,155,565,455,790,1495,125,635,26610
59037,North Island--Powell River,101800,2775,370,375,330,400,300,20,585,0,40,160,90,110,99030,50790,1370,185,210,150,165,150,15,305,0,15,80,45,50,49420,51010,1405,185,165,185,240,150,0,280,0,25,80,45,60,49610
59038,Vancouver Kingsway,101495,72190,6955,38695,855,13240,1370,185,6180,325,785,1100,145,2360,29305,49355,34410,3465,18665,445,5730,720,145,2950,215,325,520,75,1155,14945,52140,37780,3490,20030,405,7505,655,45,3225,110,455,580,70,1210,14360
59039,Vancouver Quadra,100325,34875,2175,23010,575,970,870,420,855,885,2440,1540,170,965,65445,47590,15860,1005,10580,290,235,390,240,415,460,1075,570,110,480,31730,52730,19020,1165,12430,290,740,475,175,440,420,1360,975,60,480,33715
59040,Vancouver South,99010,78395,18070,39165,980,9820,2025,300,3995,415,820,975,220,1615,20615,48155,37885,9230,18730,555,4385,895,195,1905,175,425,465,115,810,10270,50855,40510,8835,20435,425,5440,1135,105,2085,235,395,510,105,805,10345
59041,Victoria,106055,12485,1665,4145,995,1495,645,495,645,405,525,765,140,565,93570,49995,5465,760,1940,490,455,260,220,270,205,240,280,55,295,44530,56060,7020,905,2205,505,1035,385,280,375,200,285,485,90,265,49045
59042,West Vancouver--Sunshine Coast--Sea to Sky Country,110805,18010,2485,5230,565,1645,405,150,575,3885,1135,1345,105,485,92795,54320,8485,1220,2460,320,685,165,85,295,1930,550,515,35,220,45835,56485,9525,1260,2770,245,955,235,65,285,1955,585,835,70,265,46965
60001,Yukon,33320,2025,365,395,100,675,110,0,210,0,0,80,35,30,31295,16785,920,200,140,35,330,40,0,100,0,0,35,15,20,15865,16535,1100,165,255,65,345,65,0,110,0,0,45,20,15,15430
61001,Northwest Territories,40800,2725,190,375,555,895,105,110,225,65,50,45,75,35,38075,20640,1295,105,180,340,360,45,65,110,30,20,20,20,15,19340,20165,1430,85,200,215,540,60,50,120,30,25,25,55,20,18735
62001,Nunavut,31695,510,95,65,115,130,30,15,30,10,10,10,10,0,31190,16255,260,45,30,75,45,15,15,15,0,0,0,10,0,16000,15440,255,45,35,45,85,10,0,15,0,0,0,0,0,15185
